// SPDX-License-Identifier: GPL-2.0+
/*
 * Copyright (C) 2024 Black Sesame Technologies. All Rights Reserved.
 */

#include <linux/kernel.h>

#include <bst/media-dev.h>

/* Support Max9295, Max96717, Max96717F */
static const struct reg_cfg ox08b_hk_ser_init[] = {
	// clang-format off
	{ 0x0002, 0x03 }, // Disable channel Z first
	{ 0x0041, 0x76 }, // I2C-to-I2C master 980Kbps, 32ms' timeout
	{ 0x0318, 0x6D }, // Route data type 0x2D(RAW14) to pipe Z
	// clang-format on
};

static const struct reg_cfg ox08b_hk_ser_pre_stream_on[] = {
	// clang-format off
	{ 0x0330, 0x80, 5 }, // Reset MIPI RX
	{ 0x0330, 0x00, 5 }, // Release MIPI RX, continuous clock, disable VC mapping, 1x4lane mode
	{ 0x0002, 0x43, 0 }, // Enable channel Z
	// clang-format on
};

static const struct reg_cfg reset_cfgs[] = {
	// clang-format off
	{ 0x0103, 0x01 },
	{ 0x0107, 0x01 },
	// clang-format on
};

static const struct reg_cfg stream_on_cfgs[] = {
	// clang-format off
	{ 0x0100, 0x01 },
	// clang-format on
};

static const struct reg_cfg stream_off_cfgs[] = {
	// clang-format off
	{ 0x0100, 0x00 },
	// clang-format on
};

static const struct reg_cfg safety_cfgs[] = {
	// clang-format off
	{ 0x2803, 0xFE },
	{ 0x376C, 0x27 },
	{ 0x4503, 0x0E },
	{ 0x4F00, 0x22 },
	{ 0x4F01, 0x02 },
	{ 0x4F02, 0x80 },
	// clang-format on
};

/**
 * Date: 2025-10-15
 * Author: hardy
 * Sensor revision: OX08B
 * Input clock frequency: 24mhz
 * Image output size: 3840x2160
 * Image crop size: 3840x2160
 * Pixel data format: DCG_SPD hdr3 pwl14
 * Frame timing and frame rate: 10fps
 * System clock frequency: 69mhz
 * Output interface and data rate: 4lane 1104mbps
 * Embedded data and safety has been validated
 */
static const struct reg_cfg init_cfgs_raw14_10fps_24m[] = {
	// clang-format off
	{ 0x3208, 0x04 },
	{ 0x300A, 0x04 },
	{ 0x4620, 0x04 },
	{ 0x4D56, 0x04 },
	{ 0x3208, 0x14 },
	{ 0x3208, 0x05 },
	{ 0x4620, 0x04 },
	{ 0x3208, 0x15 },
	{ 0x3208, 0x02 },
	{ 0x3507, 0x00 },
	{ 0x3208, 0x12 },
	{ 0x3208, 0xA2 },
	{ 0x0305, 0x5C },
	{ 0x0316, 0x00 },
	{ 0x0317, 0x00 },
	{ 0x0318, 0x00 },
	{ 0x0320, 0x02 },
	{ 0x0321, 0x33 },
	{ 0x0325, 0x95 },
	{ 0x0408, 0xE7 },
	{ 0x0409, 0xFF },
	{ 0x040A, 0x2B },
	{ 0x040B, 0x32 },
	{ 0x040C, 0x28 },
	{ 0x040D, 0x5A },
	{ 0x040E, 0x0C },
	{ 0x3002, 0xF8 },
	{ 0x3012, 0x41 },
	{ 0x2803, 0xFE },
	{ 0x280B, 0x00 },
	{ 0x280C, 0x79 },
	{ 0x3700, 0x19 },
	{ 0x3703, 0x43 },
	{ 0x3705, 0x00 },
	{ 0x3706, 0x37 },
	{ 0x3708, 0x32 },
	{ 0x3709, 0x5E },
	{ 0x370A, 0x00 },
	{ 0x370B, 0x83 },
	{ 0x370E, 0x51 },
	{ 0x3712, 0x12 },
	{ 0x3717, 0x07 },
	{ 0x3718, 0x72 },
	{ 0x3719, 0x31 },
	{ 0x372B, 0x01 },
	{ 0x372C, 0xB0 },
	{ 0x372D, 0x1E },
	{ 0x3730, 0x05 },
	{ 0x3731, 0x43 },
	{ 0x3733, 0x01 },
	{ 0x3738, 0x27 },
	{ 0x3739, 0x27 },
	{ 0x373A, 0x22 },
	{ 0x373B, 0x1A },
	{ 0x373F, 0x21 },
	{ 0x3740, 0x21 },
	{ 0x3741, 0x1B },
	{ 0x3742, 0x16 },
	{ 0x3745, 0x01 },
	{ 0x3747, 0x19 },
	{ 0x3748, 0x19 },
	{ 0x3750, 0x32 },
	{ 0x3755, 0x14 },
	{ 0x3756, 0x04 },
	{ 0x3757, 0x16 },
	{ 0x3759, 0x33 },
	{ 0x375A, 0x00 },
	{ 0x375B, 0x6D },
	{ 0x376C, 0x27 },
	{ 0x3778, 0x20 },
	{ 0x377C, 0x88 },
	{ 0x3797, 0x00 },
	{ 0x3798, 0x00 },
	{ 0x3799, 0x00 },
	{ 0x379C, 0x58 },
	{ 0x379E, 0x00 },
	{ 0x379F, 0x00 },
	{ 0x37A0, 0x00 },
	{ 0x37A1, 0x00 },
	{ 0x37BC, 0x00 },
	{ 0x37C0, 0x01 },
	{ 0x37C4, 0x34 },
	{ 0x37C5, 0x2F },
	{ 0x37C6, 0x2A },
	{ 0x37C7, 0x1E },
	{ 0x37C8, 0x00 },
	{ 0x37C9, 0x09 },
	{ 0x37D0, 0x00 },
	{ 0x37D1, 0x32 },
	{ 0x37D2, 0x00 },
	{ 0x37D3, 0x6C },
	{ 0x37D5, 0x32 },
	{ 0x37D6, 0x00 },
	{ 0x37D7, 0x66 },
	{ 0x37DC, 0x5A },
	{ 0x37DD, 0x57 },
	{ 0x3C03, 0x01 },
	{ 0x3C04, 0x01 },
	{ 0x3C06, 0x21 },
	{ 0x3C08, 0x01 },
	{ 0x3C09, 0x01 },
	{ 0x3C0A, 0x01 },
	{ 0x3C0B, 0x21 },
	{ 0x3C12, 0x40 },
	{ 0x3C13, 0x21 },
	{ 0x3C14, 0x03 },
	{ 0x3C21, 0x00 },
	{ 0x3C22, 0xB3 },
	{ 0x3C2A, 0x11 },
	{ 0x3C39, 0x11 },
	{ 0x3C3A, 0x01 },
	{ 0x3C3C, 0x00 },
	{ 0x3C3D, 0x01 },
	{ 0x3C3E, 0x06 },
	{ 0x3C4E, 0x0F },
	{ 0x3C55, 0x00 },
	{ 0x3C57, 0x23 },
	{ 0x3C58, 0x27 },
	{ 0x3C5A, 0x11 },
	{ 0x3C5F, 0x08 },
	{ 0x3C61, 0x80 },
	{ 0x3C70, 0x62 },
	{ 0x3C74, 0x43 },
	{ 0x3C78, 0x77 },
	{ 0x3CC0, 0x00 },
	{ 0x3CC1, 0x00 },
	{ 0x3CC2, 0x00 },
	{ 0x3CC3, 0x00 },
	{ 0x3CC8, 0x00 },
	{ 0x3CC9, 0x00 },
	{ 0x3CCA, 0x00 },
	{ 0x3CCB, 0x00 },
	{ 0x3CE0, 0x00 },
	{ 0x3CE1, 0x01 },
	{ 0x3CE2, 0x01 },
	{ 0x3CE3, 0xD5 },
	{ 0x3CE8, 0x00 },
	{ 0x3CE9, 0x01 },
	{ 0x3CEA, 0x00 },
	{ 0x3CEB, 0x58 },
	{ 0x320E, 0x00 },
	{ 0x320F, 0x00 },
	{ 0x3211, 0x61 },
	{ 0x3215, 0xCF },
	{ 0x3219, 0x08 },
	{ 0x3400, 0x08 },
	{ 0x3408, 0x01 },
	{ 0x3506, 0x30 },
	{ 0x3586, 0x50 },
	{ 0x3588, 0x01 },
	{ 0x3589, 0x50 },
	{ 0x358B, 0x04 },
	{ 0x3541, 0x00 },
	{ 0x3542, 0x04 },
	{ 0x3546, 0x10 },
	{ 0x3548, 0x01 },
	{ 0x3549, 0x00 },
	{ 0x35C2, 0x00 },
	{ 0x35C6, 0x90 },
	{ 0x35C8, 0x01 },
	{ 0x35C9, 0x50 },
	{ 0x35CB, 0x04 },
	{ 0x3600, 0x8F },
	{ 0x3603, 0x40 },
	{ 0x3606, 0x00 },
	{ 0x3607, 0x02 },
	{ 0x3609, 0xE0 },
	{ 0x360A, 0x01 },
	{ 0x360E, 0x1D },
	{ 0x3611, 0x47 },
	{ 0x3616, 0x8A },
	{ 0x361B, 0x5C },
	{ 0x361E, 0xDC },
	{ 0x361F, 0xCA },
	{ 0x3657, 0x0A },
	{ 0x3659, 0x0A },
	{ 0x365A, 0x0F },
	{ 0x3674, 0x08 },
	{ 0x3677, 0x47 },
	{ 0x3678, 0x47 },
	{ 0x3802, 0x00 },
	{ 0x3803, 0x04 },
	{ 0x3806, 0x08 },
	{ 0x3807, 0x7B },
	{ 0x3808, 0x0F },
	{ 0x3809, 0x00 },
	{ 0x380A, 0x08 },
	{ 0x380B, 0x70 },
	{ 0x380C, 0x03 },
	{ 0x380D, 0xF5 },
	{ 0x380E, 0x04 },
	{ 0x380F, 0x68 },
	{ 0x3810, 0x00 },
	{ 0x3811, 0x08 },
	{ 0x3812, 0x00 },
	{ 0x3813, 0x04 },
	{ 0x3816, 0x01 },
	{ 0x3817, 0x01 },
	{ 0x381C, 0x18 },
	{ 0x381E, 0x01 },
	{ 0x381F, 0x01 },
	{ 0x3820, 0x20 },
	{ 0x3821, 0x11 },
	{ 0x3832, 0x00 },
	{ 0x3834, 0x00 },
	{ 0x384C, 0x03 },
	{ 0x384D, 0xDC },
	{ 0x3850, 0x00 },
	{ 0x3851, 0x42 },
	{ 0x3852, 0x00 },
	{ 0x3853, 0x40 },
	{ 0x3858, 0x04 },
	{ 0x388C, 0x01 },
	{ 0x388D, 0xE7 },
	{ 0x3B40, 0x05 },
	{ 0x3B41, 0x40 },
	{ 0x3B42, 0x00 },
	{ 0x3B43, 0x90 },
	{ 0x3B44, 0x00 },
	{ 0x3B45, 0x20 },
	{ 0x3B46, 0x00 },
	{ 0x3B47, 0x20 },
	{ 0x3B48, 0x1A },
	{ 0x3B49, 0x13 },
	{ 0x3B4A, 0x17 },
	{ 0x3B4B, 0x2F },
	{ 0x3B4C, 0x03 },
	{ 0x3B4D, 0x90 },
	{ 0x3B8A, 0x08 },
	{ 0x3B8B, 0x70 },
	{ 0x3B8C, 0x0F },
	{ 0x3B8D, 0x00 },
	{ 0x3B92, 0x08 },
	{ 0x3B93, 0x70 },
	{ 0x3B94, 0x0F },
	{ 0x3B95, 0x00 },
	{ 0x3B9E, 0x09 },
	{ 0x3D8A, 0x03 },
	{ 0x3D8B, 0xFF },
	{ 0x3DA4, 0x00 },
	{ 0x420E, 0x52 },
	{ 0x420F, 0xCF },
	{ 0x4210, 0xA2 },
	{ 0x4211, 0xA8 },
	{ 0x421E, 0x02 },
	{ 0x421F, 0x55 },
	{ 0x4220, 0xE1 },
	{ 0x4221, 0x07 },
	{ 0x4301, 0x0F },
	{ 0x4307, 0x02 },
	{ 0x4308, 0x13 },
	{ 0x4309, 0x00 },
	{ 0x430A, 0x13 },
	{ 0x430D, 0x93 },
	{ 0x430F, 0x57 },
	{ 0x4310, 0x95 },
	{ 0x4311, 0x16 },
	{ 0x4316, 0x20 },
	{ 0x4317, 0x38 },
	{ 0x4319, 0x01 },
	{ 0x431A, 0x00 },
	{ 0x431B, 0x00 },
	{ 0x431C, 0x2F },
	{ 0x431D, 0x6F },
	{ 0x431E, 0x11 },
	{ 0x431F, 0x28 },
	{ 0x4320, 0x3B },
	{ 0x4323, 0x80 },
	{ 0x4324, 0x00 },
	{ 0x4503, 0x0E },
	{ 0x4505, 0x08 },
	{ 0x4508, 0x04 },
	{ 0x4509, 0x08 },
	{ 0x450A, 0x08 },
	{ 0x4583, 0x07 },
	{ 0x4584, 0x6A },
	{ 0x4585, 0x08 },
	{ 0x4586, 0x05 },
	{ 0x4587, 0x04 },
	{ 0x4588, 0x73 },
	{ 0x4589, 0x05 },
	{ 0x458A, 0x1F },
	{ 0x458B, 0x02 },
	{ 0x458C, 0xDC },
	{ 0x458D, 0x03 },
	{ 0x458E, 0x02 },
	{ 0x4597, 0x07 },
	{ 0x4598, 0x40 },
	{ 0x4599, 0x0D },
	{ 0x459A, 0x0D },
	{ 0x459B, 0xF4 },
	{ 0x459C, 0xF3 },
	{ 0x4602, 0x00 },
	{ 0x4603, 0x13 },
	{ 0x4604, 0x00 },
	{ 0x4606, 0x06 },
	{ 0x4607, 0x06 },
	{ 0x460A, 0x30 },
	{ 0x4610, 0x00 },
	{ 0x4611, 0xE0 },
	{ 0x4612, 0x01 },
	{ 0x4613, 0x00 },
	{ 0x4614, 0x00 },
	{ 0x4615, 0xC8 },
	{ 0x4616, 0x01 },
	{ 0x4617, 0x00 },
	{ 0x4700, 0xE0 },
	{ 0x4702, 0x00 },
	{ 0x4800, 0x04 },
	{ 0x4808, 0x07 },
	{ 0x480A, 0x22 },
	{ 0x4813, 0xE4 },
	{ 0x4814, 0x2A },
	{ 0x4837, 0x07 },
	{ 0x484B, 0x47 },
	{ 0x484F, 0x00 },
	{ 0x4850, 0x47 },
	{ 0x4853, 0x04 },
	{ 0x4855, 0x09 },
	{ 0x4D30, 0x0A },
	{ 0x4D31, 0x00 },
	{ 0x4D5A, 0x1C },
	{ 0x4F00, 0x22 },
	{ 0x4F01, 0x59 },
	{ 0x4F02, 0x5A },
	{ 0x4F03, 0x0C },
	{ 0x6A00, 0x00 },
	{ 0x6A01, 0x20 },
	{ 0x6A02, 0x00 },
	{ 0x6A03, 0x20 },
	{ 0x6A04, 0x02 },
	{ 0x6A05, 0x80 },
	{ 0x6A06, 0x01 },
	{ 0x6A07, 0xE0 },
	{ 0x6A08, 0xCF },
	{ 0x6A09, 0x01 },
	{ 0x6A0A, 0x40 },
	{ 0x6A20, 0x00 },
	{ 0x6A21, 0x04 },
	{ 0x6A22, 0x00 },
	{ 0x6A23, 0x00 },
	{ 0x6A24, 0x00 },
	{ 0x6A25, 0x00 },
	{ 0x6A26, 0x00 },
	{ 0x6A27, 0x00 },
	{ 0x6A28, 0x00 },
	{ 0x5AEF, 0xD9 },
	{ 0x5AF1, 0xF0 },
	{ 0x5AF3, 0x03 },
	{ 0x5B40, 0x01 },
	{ 0x5B41, 0x9C },
	{ 0x5B42, 0x0F },
	{ 0x5B43, 0x7B },
	{ 0x5B44, 0x0F },
	{ 0x5B45, 0xE9 },
	{ 0x5B46, 0x00 },
	{ 0x5B47, 0x00 },
	{ 0x5B48, 0x01 },
	{ 0x5B49, 0x3E },
	{ 0x5B4A, 0x0F },
	{ 0x5B4B, 0xC1 },
	{ 0x5B4C, 0x00 },
	{ 0x5B4D, 0x07 },
	{ 0x5B4E, 0x0F },
	{ 0x5B4F, 0xAF },
	{ 0x5B50, 0x01 },
	{ 0x5B51, 0x4A },
	{ 0x5B52, 0x01 },
	{ 0x5B53, 0xBF },
	{ 0x5B54, 0x0F },
	{ 0x5B55, 0x62 },
	{ 0x5B56, 0x0F },
	{ 0x5B57, 0xDF },
	{ 0x5B58, 0x00 },
	{ 0x5B59, 0x00 },
	{ 0x5B5A, 0x01 },
	{ 0x5B5B, 0x49 },
	{ 0x5B5C, 0x0F },
	{ 0x5B5D, 0xB8 },
	{ 0x5B5E, 0x00 },
	{ 0x5B5F, 0x05 },
	{ 0x5B60, 0x0F },
	{ 0x5B61, 0xB9 },
	{ 0x5B62, 0x01 },
	{ 0x5B63, 0x42 },
	{ 0x5B64, 0x02 },
	{ 0x5B65, 0x9C },
	{ 0x5B66, 0x0E },
	{ 0x5B67, 0xA2 },
	{ 0x5B68, 0x0F },
	{ 0x5B69, 0xC2 },
	{ 0x5B6A, 0x00 },
	{ 0x5B6B, 0x40 },
	{ 0x5B6C, 0x01 },
	{ 0x5B6D, 0x1A },
	{ 0x5B6E, 0x0F },
	{ 0x5B6F, 0xA6 },
	{ 0x5B70, 0x00 },
	{ 0x5B71, 0x3A },
	{ 0x5B72, 0x0F },
	{ 0x5B73, 0x70 },
	{ 0x5B74, 0x01 },
	{ 0x5B75, 0x57 },
	{ 0x5B78, 0x00 },
	{ 0x5B79, 0x50 },
	{ 0x5B7A, 0x01 },
	{ 0x5B7B, 0x0E },
	{ 0x5B7C, 0x01 },
	{ 0x5B7D, 0x70 },
	{ 0x5B7E, 0x01 },
	{ 0x5200, 0x04 },
	{ 0x5201, 0x04 },
	{ 0x5202, 0x04 },
	{ 0x5203, 0x04 },
	{ 0x5400, 0x04 },
	{ 0x5401, 0x04 },
	{ 0x5402, 0x04 },
	{ 0x5403, 0x04 },
	{ 0x5600, 0x04 },
	{ 0x5601, 0x04 },
	{ 0x5602, 0x04 },
	{ 0x5603, 0x04 },
	{ 0x5800, 0x04 },
	{ 0x5801, 0x04 },
	{ 0x5802, 0x04 },
	{ 0x5803, 0x04 },
	{ 0x5B80, 0x08 },
	{ 0x5B8A, 0x80 },
	{ 0x5B8B, 0x80 },
	{ 0x5B8C, 0x80 },
	{ 0x5B8D, 0x80 },
	{ 0x5B8E, 0x40 },
	{ 0x5B8F, 0x80 },
	{ 0x5B90, 0x80 },
	{ 0x5B91, 0x80 },
	{ 0x5B92, 0x60 },
	{ 0x5B93, 0x10 },
	{ 0x5B94, 0x80 },
	{ 0x5B95, 0x80 },
	{ 0x5B96, 0x80 },
	{ 0x5B97, 0x20 },
	{ 0x5B98, 0x00 },
	{ 0x5B99, 0x80 },
	{ 0x5B9A, 0x40 },
	{ 0x5B9B, 0x20 },
	{ 0x5B9C, 0x00 },
	{ 0x5B9D, 0x00 },
	{ 0x5B9E, 0x80 },
	{ 0x5B9F, 0x00 },
	{ 0x5BA0, 0x00 },
	{ 0x5BA1, 0x00 },
	{ 0x5BA2, 0x00 },
	{ 0x5BA3, 0x00 },
	{ 0x5BA4, 0x00 },
	{ 0x5BA5, 0x00 },
	{ 0x5BA6, 0x00 },
	{ 0x5BA7, 0x00 },
	{ 0x5BA8, 0x02 },
	{ 0x5BA9, 0x00 },
	{ 0x5BAA, 0x02 },
	{ 0x5BAB, 0x76 },
	{ 0x5BAC, 0x03 },
	{ 0x5BAD, 0x08 },
	{ 0x5BAE, 0x00 },
	{ 0x5BAF, 0x80 },
	{ 0x5BB0, 0x01 },
	{ 0x5BB1, 0x00 },
	{ 0x5BB2, 0x02 },
	{ 0x5BB3, 0x00 },
	{ 0x5BBE, 0x12 },
	{ 0x5C00, 0x08 },
	{ 0x5C0A, 0x80 },
	{ 0x5C0B, 0x80 },
	{ 0x5C0C, 0x80 },
	{ 0x5C0D, 0x80 },
	{ 0x5C0E, 0x40 },
	{ 0x5C0F, 0x80 },
	{ 0x5C10, 0x80 },
	{ 0x5C11, 0x80 },
	{ 0x5C12, 0x60 },
	{ 0x5C13, 0x10 },
	{ 0x5C14, 0x80 },
	{ 0x5C15, 0x80 },
	{ 0x5C16, 0x80 },
	{ 0x5C17, 0x20 },
	{ 0x5C18, 0x00 },
	{ 0x5C19, 0x80 },
	{ 0x5C1A, 0x40 },
	{ 0x5C1B, 0x20 },
	{ 0x5C1C, 0x00 },
	{ 0x5C1D, 0x00 },
	{ 0x5C1E, 0x80 },
	{ 0x5C1F, 0x00 },
	{ 0x5C20, 0x00 },
	{ 0x5C21, 0x00 },
	{ 0x5C22, 0x00 },
	{ 0x5C23, 0x00 },
	{ 0x5C24, 0x00 },
	{ 0x5C25, 0x00 },
	{ 0x5C26, 0x00 },
	{ 0x5C27, 0x00 },
	{ 0x5C28, 0x02 },
	{ 0x5C29, 0x00 },
	{ 0x5C2A, 0x02 },
	{ 0x5C2B, 0x76 },
	{ 0x5C2C, 0x03 },
	{ 0x5C2D, 0x08 },
	{ 0x5C2E, 0x00 },
	{ 0x5C2F, 0x80 },
	{ 0x5C30, 0x01 },
	{ 0x5C31, 0x00 },
	{ 0x5C32, 0x02 },
	{ 0x5C33, 0x00 },
	{ 0x5C3E, 0x12 },
	{ 0x5C80, 0x00 },
	{ 0x5C8A, 0x80 },
	{ 0x5C8B, 0x80 },
	{ 0x5C8C, 0x80 },
	{ 0x5C8D, 0x80 },
	{ 0x5C8E, 0x80 },
	{ 0x5C8F, 0x80 },
	{ 0x5C90, 0x80 },
	{ 0x5C91, 0x80 },
	{ 0x5C92, 0x80 },
	{ 0x5C93, 0x60 },
	{ 0x5C94, 0x80 },
	{ 0x5C95, 0x80 },
	{ 0x5C96, 0x80 },
	{ 0x5C97, 0x60 },
	{ 0x5C98, 0x40 },
	{ 0x5C99, 0x80 },
	{ 0x5C9A, 0x80 },
	{ 0x5C9B, 0x80 },
	{ 0x5C9C, 0x40 },
	{ 0x5C9D, 0x00 },
	{ 0x5C9E, 0x80 },
	{ 0x5C9F, 0x80 },
	{ 0x5CA0, 0x80 },
	{ 0x5CA1, 0x20 },
	{ 0x5CA2, 0x00 },
	{ 0x5CA3, 0x80 },
	{ 0x5CA4, 0x80 },
	{ 0x5CA5, 0x80 },
	{ 0x5CA6, 0x00 },
	{ 0x5CA7, 0x00 },
	{ 0x5CA8, 0x01 },
	{ 0x5CA9, 0x00 },
	{ 0x5CAA, 0x02 },
	{ 0x5CAB, 0x00 },
	{ 0x5CAC, 0x03 },
	{ 0x5CAD, 0x08 },
	{ 0x5CAE, 0x01 },
	{ 0x5CAF, 0x00 },
	{ 0x5CB0, 0x02 },
	{ 0x5CB1, 0x00 },
	{ 0x5CB2, 0x03 },
	{ 0x5CB3, 0x08 },
	{ 0x5CBE, 0x12 },
	{ 0x5CC6, 0x00 },
	{ 0x5CC7, 0x00 },
	{ 0x5CC8, 0x80 },
	{ 0x5CD2, 0x60 },
	{ 0x5CD5, 0x80 },
	{ 0x5CD6, 0x60 },
	{ 0x5CD9, 0x80 },
	{ 0x5CDA, 0x80 },
	{ 0x5CDB, 0x40 },
	{ 0x5CDD, 0x80 },
	{ 0x5CDE, 0x80 },
	{ 0x5CDF, 0x80 },
	{ 0x5CE2, 0x80 },
	{ 0x5CE3, 0x80 },
	{ 0x5CE4, 0x80 },
	{ 0x5CE7, 0x86 },
	{ 0x6006, 0x00 },
	{ 0x6007, 0x04 },
	{ 0x6008, 0x08 },
	{ 0x6009, 0x72 },
	{ 0x600A, 0x00 },
	{ 0x600B, 0x08 },
	{ 0x600C, 0x0F },
	{ 0x600D, 0x08 },
	{ 0x6016, 0x00 },
	{ 0x6026, 0x00 },
	{ 0x6027, 0x04 },
	{ 0x6028, 0x08 },
	{ 0x6029, 0x72 },
	{ 0x602A, 0x00 },
	{ 0x602B, 0x08 },
	{ 0x602C, 0x0F },
	{ 0x602D, 0x08 },
	{ 0x6046, 0x00 },
	{ 0x6047, 0x04 },
	{ 0x6048, 0x08 },
	{ 0x6049, 0x72 },
	{ 0x604A, 0x00 },
	{ 0x604B, 0x08 },
	{ 0x604C, 0x0F },
	{ 0x604D, 0x08 },
	{ 0x6066, 0x00 },
	{ 0x6067, 0x04 },
	{ 0x6068, 0x08 },
	{ 0x6069, 0x72 },
	{ 0x606A, 0x00 },
	{ 0x606B, 0x08 },
	{ 0x606C, 0x0F },
	{ 0x606D, 0x08 },
	{ 0x6086, 0x00 },
	{ 0x6087, 0x04 },
	{ 0x6088, 0x08 },
	{ 0x6089, 0x72 },
	{ 0x608A, 0x00 },
	{ 0x608B, 0x08 },
	{ 0x608C, 0x0F },
	{ 0x608D, 0x08 },
	{ 0x52C3, 0x00 },
	{ 0x52C4, 0x00 },
	{ 0x52C6, 0x01 },
	{ 0x52C7, 0x23 },
	{ 0x52C9, 0x02 },
	{ 0x52CA, 0x01 },
	{ 0x52CB, 0x01 },
	{ 0x52CD, 0x02 },
	{ 0x52CE, 0x01 },
	{ 0x52CF, 0x01 },
	{ 0x54C3, 0x00 },
	{ 0x54C4, 0x00 },
	{ 0x54C6, 0x01 },
	{ 0x54C7, 0x23 },
	{ 0x54C9, 0x02 },
	{ 0x54CA, 0x01 },
	{ 0x54CB, 0x01 },
	{ 0x54CD, 0x02 },
	{ 0x54CE, 0x01 },
	{ 0x54CF, 0x01 },
	{ 0x56C3, 0x00 },
	{ 0x56C4, 0x00 },
	{ 0x56C6, 0x01 },
	{ 0x56C7, 0x23 },
	{ 0x56C9, 0x02 },
	{ 0x56CA, 0x01 },
	{ 0x56CB, 0x01 },
	{ 0x56CD, 0x02 },
	{ 0x56CE, 0x01 },
	{ 0x56CF, 0x01 },
	{ 0x58C3, 0x00 },
	{ 0x58C4, 0x00 },
	{ 0x58C6, 0x01 },
	{ 0x58C7, 0x23 },
	{ 0x58C9, 0x02 },
	{ 0x58CA, 0x01 },
	{ 0x58CB, 0x01 },
	{ 0x58CD, 0x02 },
	{ 0x58CE, 0x01 },
	{ 0x58CF, 0x01 },
	{ 0x5E00, 0x01 },
	{ 0x5E01, 0x09 },
	{ 0x5E02, 0x00 },
	{ 0x5E03, 0x09 },
	{ 0x5E04, 0x0A },
	{ 0x5E05, 0x0B },
	{ 0x5E06, 0x0C },
	{ 0x5E07, 0x0C },
	{ 0x5E08, 0x0C },
	{ 0x5E09, 0x0C },
	{ 0x5E0A, 0x0C },
	{ 0x5E0B, 0x0D },
	{ 0x5E0C, 0x0D },
	{ 0x5E0D, 0x0D },
	{ 0x5E0E, 0x0D },
	{ 0x5E0F, 0x0D },
	{ 0x5E10, 0x0D },
	{ 0x5E11, 0x0D },
	{ 0x5E12, 0x0E },
	{ 0x5E13, 0x0E },
	{ 0x5E14, 0x0E },
	{ 0x5E15, 0x0E },
	{ 0x5E16, 0x0E },
	{ 0x5E17, 0x0E },
	{ 0x5E18, 0x0E },
	{ 0x5E19, 0x10 },
	{ 0x5E1A, 0x11 },
	{ 0x5E1B, 0x11 },
	{ 0x5E1C, 0x12 },
	{ 0x5E1D, 0x12 },
	{ 0x5E1E, 0x14 },
	{ 0x5E1F, 0x15 },
	{ 0x5E20, 0x16 },
	{ 0x5E21, 0x17 },
	{ 0x5E22, 0x00 },
	{ 0x5E23, 0x02 },
	{ 0x5E26, 0x00 },
	{ 0x5E27, 0x00 },
	{ 0x5E29, 0x00 },
	{ 0x5E2A, 0xFF },
	{ 0x5E2C, 0x01 },
	{ 0x5E2D, 0x00 },
	{ 0x5E2F, 0x01 },
	{ 0x5E30, 0x00 },
	{ 0x5E32, 0x01 },
	{ 0x5E33, 0x00 },
	{ 0x5E34, 0x00 },
	{ 0x5E35, 0x01 },
	{ 0x5E36, 0x00 },
	{ 0x5E37, 0x00 },
	{ 0x5E38, 0x01 },
	{ 0x5E39, 0x00 },
	{ 0x5E3A, 0x00 },
	{ 0x5E3B, 0x01 },
	{ 0x5E3C, 0x00 },
	{ 0x5E3D, 0x00 },
	{ 0x5E3E, 0x01 },
	{ 0x5E3F, 0x00 },
	{ 0x5E40, 0x00 },
	{ 0x5E41, 0x01 },
	{ 0x5E42, 0x80 },
	{ 0x5E43, 0x00 },
	{ 0x5E44, 0x01 },
	{ 0x5E45, 0x80 },
	{ 0x5E46, 0x00 },
	{ 0x5E47, 0x01 },
	{ 0x5E48, 0x80 },
	{ 0x5E49, 0x00 },
	{ 0x5E4A, 0x01 },
	{ 0x5E4B, 0x80 },
	{ 0x5E4C, 0x00 },
	{ 0x5E4D, 0x01 },
	{ 0x5E4E, 0x80 },
	{ 0x5E50, 0x01 },
	{ 0x5E51, 0x80 },
	{ 0x5E53, 0x01 },
	{ 0x5E54, 0x80 },
	{ 0x5E56, 0x02 },
	{ 0x5E57, 0x00 },
	{ 0x5E59, 0x02 },
	{ 0x5E5A, 0x00 },
	{ 0x5E5C, 0x02 },
	{ 0x5E5D, 0x00 },
	{ 0x5E5F, 0x02 },
	{ 0x5E60, 0x00 },
	{ 0x5E62, 0x02 },
	{ 0x5E63, 0x00 },
	{ 0x5E65, 0x02 },
	{ 0x5E66, 0x00 },
	{ 0x5E68, 0x02 },
	{ 0x5E69, 0x00 },
	{ 0x5E6B, 0x05 },
	{ 0x5E6C, 0x80 },
	{ 0x5E6E, 0x08 },
	{ 0x5E6F, 0x00 },
	{ 0x5E71, 0x06 },
	{ 0x5E72, 0x00 },
	{ 0x5E74, 0x06 },
	{ 0x5E75, 0x00 },
	{ 0x5E77, 0x04 },
	{ 0x5E78, 0x00 },
	{ 0x5E7A, 0x00 },
	{ 0x5E7B, 0x00 },
	{ 0x5E7D, 0x00 },
	{ 0x5E7E, 0x00 },
	{ 0x5E80, 0x00 },
	{ 0x5E81, 0x00 },
	{ 0x5E83, 0x00 },
	{ 0x5E84, 0x00 },
	{ 0x5F00, 0x02 },
	{ 0x5F01, 0x08 },
	{ 0x5F02, 0x09 },
	{ 0x5F03, 0x0A },
	{ 0x5F04, 0x0B },
	{ 0x5F05, 0x0C },
	{ 0x5F06, 0x0C },
	{ 0x5F07, 0x0C },
	{ 0x5F08, 0x0C },
	{ 0x5F09, 0x0C },
	{ 0x5F0A, 0x0D },
	{ 0x5F0B, 0x0D },
	{ 0x5F0C, 0x0D },
	{ 0x5F0D, 0x0D },
	{ 0x5F0E, 0x0D },
	{ 0x5F0F, 0x0E },
	{ 0x5F10, 0x0E },
	{ 0x5F11, 0x0E },
	{ 0x5F12, 0x0E },
	{ 0x5F13, 0x0F },
	{ 0x5F14, 0x0F },
	{ 0x5F15, 0x10 },
	{ 0x5F16, 0x11 },
	{ 0x5F17, 0x11 },
	{ 0x5F18, 0x12 },
	{ 0x5F19, 0x12 },
	{ 0x5F1A, 0x13 },
	{ 0x5F1B, 0x13 },
	{ 0x5F1C, 0x14 },
	{ 0x5F1D, 0x14 },
	{ 0x5F1E, 0x16 },
	{ 0x5F1F, 0x16 },
	{ 0x5F20, 0x16 },
	{ 0x5F21, 0x08 },
	{ 0x5F22, 0x00 },
	{ 0x5F23, 0x01 },
	{ 0x5F26, 0x02 },
	{ 0x5F27, 0x00 },
	{ 0x5F29, 0x02 },
	{ 0x5F2A, 0x00 },
	{ 0x5F2C, 0x02 },
	{ 0x5F2D, 0x00 },
	{ 0x5F2F, 0x02 },
	{ 0x5F30, 0x00 },
	{ 0x5F32, 0x02 },
	{ 0x5F33, 0x00 },
	{ 0x5F34, 0x00 },
	{ 0x5F35, 0x02 },
	{ 0x5F36, 0x00 },
	{ 0x5F37, 0x00 },
	{ 0x5F38, 0x02 },
	{ 0x5F39, 0x00 },
	{ 0x5F3A, 0x00 },
	{ 0x5F3B, 0x02 },
	{ 0x5F3C, 0x00 },
	{ 0x5F3D, 0x00 },
	{ 0x5F3E, 0x02 },
	{ 0x5F3F, 0x00 },
	{ 0x5F40, 0x00 },
	{ 0x5F41, 0x02 },
	{ 0x5F42, 0x00 },
	{ 0x5F43, 0x00 },
	{ 0x5F44, 0x02 },
	{ 0x5F45, 0x00 },
	{ 0x5F46, 0x00 },
	{ 0x5F47, 0x04 },
	{ 0x5F48, 0x00 },
	{ 0x5F49, 0x00 },
	{ 0x5F4A, 0x04 },
	{ 0x5F4B, 0x00 },
	{ 0x5F4C, 0x00 },
	{ 0x5F4D, 0x04 },
	{ 0x5F4E, 0x00 },
	{ 0x5F50, 0x04 },
	{ 0x5F51, 0x00 },
	{ 0x5F53, 0x04 },
	{ 0x5F54, 0x00 },
	{ 0x5F56, 0x04 },
	{ 0x5F57, 0x00 },
	{ 0x5F59, 0x04 },
	{ 0x5F5A, 0x00 },
	{ 0x5F5C, 0x04 },
	{ 0x5F5D, 0x00 },
	{ 0x5F5F, 0x08 },
	{ 0x5F60, 0x00 },
	{ 0x5F62, 0x08 },
	{ 0x5F63, 0x00 },
	{ 0x5F65, 0x08 },
	{ 0x5F66, 0x00 },
	{ 0x5F68, 0x08 },
	{ 0x5F69, 0x00 },
	{ 0x5F6B, 0x08 },
	{ 0x5F6C, 0x00 },
	{ 0x5F6E, 0x10 },
	{ 0x5F6F, 0x00 },
	{ 0x5F71, 0x10 },
	{ 0x5F72, 0x00 },
	{ 0x5F74, 0x10 },
	{ 0x5F75, 0x00 },
	{ 0x5F77, 0x10 },
	{ 0x5F78, 0x00 },
	{ 0x5F7A, 0x20 },
	{ 0x5F7B, 0x00 },
	{ 0x5F7D, 0x20 },
	{ 0x5F7E, 0x00 },
	{ 0x5F80, 0x20 },
	{ 0x5F81, 0x00 },
	{ 0x5F83, 0x00 },
	{ 0x5F84, 0xFF },
	{ 0x5240, 0x0F },
	{ 0x5241, 0x00 },
	{ 0x5242, 0x00 },
	{ 0x5243, 0x00 },
	{ 0x5244, 0x00 },
	{ 0x5245, 0x00 },
	{ 0x5246, 0x00 },
	{ 0x5247, 0x00 },
	{ 0x5248, 0x00 },
	{ 0x5249, 0x00 },
	{ 0x5440, 0x0F },
	{ 0x5441, 0x00 },
	{ 0x5442, 0x00 },
	{ 0x5443, 0x00 },
	{ 0x5444, 0x00 },
	{ 0x5445, 0x00 },
	{ 0x5446, 0x00 },
	{ 0x5447, 0x00 },
	{ 0x5448, 0x00 },
	{ 0x5449, 0x00 },
	{ 0x5640, 0x0F },
	{ 0x5641, 0x00 },
	{ 0x5642, 0x00 },
	{ 0x5643, 0x00 },
	{ 0x5644, 0x00 },
	{ 0x5645, 0x00 },
	{ 0x5646, 0x00 },
	{ 0x5647, 0x00 },
	{ 0x5648, 0x00 },
	{ 0x5649, 0x00 },
	{ 0x5840, 0x0F },
	{ 0x5841, 0x00 },
	{ 0x5842, 0x00 },
	{ 0x5843, 0x00 },
	{ 0x5844, 0x00 },
	{ 0x5845, 0x00 },
	{ 0x5846, 0x00 },
	{ 0x5847, 0x00 },
	{ 0x5848, 0x00 },
	{ 0x5849, 0x00 },
	{ 0x5DC0, 0x04 },
	{ 0x5DC1, 0x04 },
	{ 0x5DC2, 0x04 },
	{ 0x5DC3, 0x04 },
	{ 0x5DE0, 0x04 },
	{ 0x5DE1, 0x04 },
	{ 0x5DE2, 0x04 },
	{ 0x5DE3, 0x04 },
	{ 0x5000, 0x87 },
	{ 0x5001, 0x75 },
	{ 0x5002, 0x7F },
	{ 0x5003, 0x7A },
	{ 0x5004, 0x1E },
	{ 0x5005, 0x1E },
	{ 0x5006, 0x1E },
	{ 0x5007, 0x10 },
	{ 0x5008, 0x00 },
	{ 0x500A, 0x3F },
	{ 0x500C, 0x00 },
	{ 0x502A, 0x10 },
	{ 0x502C, 0x00 },
	{ 0x504B, 0x00 },
	{ 0x5053, 0x00 },
	{ 0x505B, 0x00 },
	{ 0x5063, 0x00 },
	{ 0x5070, 0x00 },
	{ 0x5074, 0x04 },
	{ 0x4000, 0x78 },
	{ 0x4001, 0x2B },
	{ 0x4008, 0x01 },
	{ 0x400B, 0x02 },
	{ 0x400E, 0x02 },
	{ 0x400F, 0x80 },
	{ 0x4012, 0x30 },
	{ 0x4013, 0x01 },
	{ 0x4018, 0x12 },
	{ 0x401E, 0x00 },
	{ 0x401F, 0x02 },
	{ 0x4021, 0x05 },
	{ 0x4022, 0x40 },
	{ 0x4023, 0x20 },
	{ 0x4026, 0x00 },
	{ 0x4027, 0x40 },
	{ 0x4028, 0x00 },
	{ 0x4029, 0x40 },
	{ 0x402A, 0x00 },
	{ 0x402B, 0x40 },
	{ 0x402C, 0x00 },
	{ 0x402D, 0x40 },
	{ 0x407E, 0xCC },
	{ 0x407F, 0x1A },
	{ 0x4082, 0x01 },
	{ 0x4083, 0x18 },
	{ 0x4084, 0x01 },
	{ 0x4085, 0x18 },
	{ 0x4086, 0x00 },
	{ 0x4087, 0xA0 },
	{ 0x4640, 0x41 },
	{ 0x4641, 0x11 },
	{ 0x4642, 0x0E },
	{ 0x4643, 0xEE },
	{ 0x4646, 0x0F },
	{ 0x4648, 0x00 },
	{ 0x4649, 0x03 },
	{ 0x5D09, 0x6B },
	{ 0x5D0B, 0x6B },
	{ 0x5D19, 0x6B },
	{ 0x5D40, 0x02 },
	{ 0x5D42, 0x02 },
	{ 0x5D43, 0x85 },
	{ 0x5D44, 0x1B },
	{ 0x5D45, 0xDD },
	{ 0x5D46, 0x02 },
	{ 0x5D47, 0x85 },
	{ 0x5D48, 0x1B },
	{ 0x5D49, 0xDD },
	{ 0x5D4A, 0x02 },
	{ 0x5D4B, 0x40 },
	{ 0x5D4C, 0x02 },
	{ 0x5D4D, 0x40 },
	{ 0x5D4E, 0x02 },
	{ 0x5D4F, 0x40 },
	{ 0x5D50, 0x18 },
	{ 0x5D51, 0x80 },
	{ 0x5D52, 0x18 },
	{ 0x5D53, 0x80 },
	{ 0x5D54, 0x18 },
	{ 0x5D55, 0x80 },
	{ 0x5D57, 0x10 },
	{ 0x5D59, 0x20 },
	{ 0x5D5C, 0x02 },
	{ 0x5D5D, 0x40 },
	{ 0x5D5E, 0x02 },
	{ 0x5D5F, 0x40 },
	{ 0x5D60, 0x03 },
	{ 0x5D61, 0x40 },
	{ 0x5D62, 0x07 },
	{ 0x5D63, 0x28 },
	{ 0x5D65, 0xFF },
	{ 0x6102, 0x1F },
	{ 0x610A, 0x0F },
	{ 0x610B, 0x20 },
	{ 0x610C, 0x08 },
	{ 0x610D, 0x80 },
	{ 0x6144, 0x75 },
	{ 0x6145, 0x75 },
	{ 0x6146, 0x75 },
	{ 0x6147, 0x75 },
	{ 0x6148, 0x75 },
	{ 0x6149, 0x75 },
	{ 0x614A, 0x75 },
	{ 0x614B, 0x75 },
	{ 0x614C, 0x75 },
	{ 0x614D, 0x75 },
	{ 0x614E, 0x75 },
	{ 0x614F, 0x75 },
	{ 0x6150, 0x75 },
	{ 0x6151, 0x75 },
	{ 0x6152, 0x75 },
	{ 0x6153, 0x75 },
	{ 0x6154, 0x75 },
	{ 0x6155, 0x75 },
	{ 0x6156, 0x75 },
	{ 0x6157, 0x75 },
	{ 0x6158, 0x75 },
	{ 0x6159, 0x75 },
	{ 0x615A, 0x75 },
	{ 0x615B, 0x75 },
	{ 0x615C, 0x75 },
	{ 0x615D, 0x75 },
	{ 0x615E, 0x75 },
	{ 0x615F, 0x75 },
	{ 0x6160, 0x75 },
	{ 0x6161, 0x75 },
	{ 0x6162, 0x75 },
	{ 0x6163, 0x75 },
	{ 0x6164, 0x75 },
	{ 0x6165, 0x75 },
	{ 0x6166, 0x75 },
	{ 0x6167, 0x75 },
	{ 0x6168, 0x75 },
	{ 0x6169, 0x75 },
	{ 0x616A, 0x75 },
	{ 0x616B, 0x75 },
	{ 0x616C, 0x75 },
	{ 0x616D, 0x75 },
	{ 0x616E, 0x75 },
	{ 0x616F, 0x75 },
	{ 0x6170, 0x75 },
	{ 0x6171, 0x75 },
	{ 0x6172, 0x75 },
	{ 0x6173, 0x75 },
	{ 0x6174, 0x75 },
	{ 0x6175, 0x75 },
	{ 0x6176, 0x75 },
	{ 0x6177, 0x75 },
	{ 0x6178, 0x75 },
	{ 0x6179, 0x75 },
	{ 0x617A, 0x75 },
	{ 0x617B, 0x75 },
	{ 0x617C, 0x75 },
	{ 0x617D, 0x75 },
	{ 0x617E, 0x75 },
	{ 0x617F, 0x75 },
	{ 0x6180, 0x75 },
	{ 0x6181, 0x75 },
	{ 0x6182, 0x75 },
	{ 0x6183, 0x75 },
	{ 0x6184, 0x75 },
	{ 0x6185, 0x75 },
	{ 0x6186, 0x75 },
	{ 0x6187, 0x75 },
	{ 0x6188, 0x75 },
	{ 0x6189, 0x75 },
	{ 0x618A, 0x75 },
	{ 0x618B, 0x75 },
	{ 0x618C, 0x75 },
	{ 0x618D, 0x75 },
	{ 0x618E, 0x75 },
	{ 0x618F, 0x75 },
	{ 0x6190, 0x75 },
	{ 0x6191, 0x75 },
	{ 0x6192, 0x75 },
	{ 0x6193, 0x75 },
	{ 0x6194, 0x75 },
	{ 0x6195, 0x75 },
	{ 0x6196, 0x75 },
	{ 0x6197, 0x75 },
	{ 0x6198, 0x75 },
	{ 0x6199, 0x75 },
	{ 0x619A, 0x75 },
	{ 0x619B, 0x75 },
	{ 0x619C, 0x75 },
	{ 0x619D, 0x75 },
	{ 0x619E, 0x75 },
	{ 0x619F, 0x75 },
	{ 0x61A0, 0x75 },
	{ 0x61A1, 0x75 },
	{ 0x61A2, 0x75 },
	{ 0x61A3, 0x75 },
	{ 0x61A4, 0x75 },
	{ 0x61A5, 0x75 },
	{ 0x61A6, 0x75 },
	{ 0x61A7, 0x75 },
	{ 0x61A8, 0x75 },
	{ 0x61A9, 0x75 },
	{ 0x61AA, 0x75 },
	{ 0x61AB, 0x75 },
	{ 0x61AC, 0x75 },
	{ 0x61AD, 0x75 },
	{ 0x61AE, 0x75 },
	{ 0x61AF, 0x75 },
	{ 0x6120, 0x75 },
	{ 0x6121, 0x75 },
	{ 0x6122, 0x75 },
	{ 0x6123, 0x75 },
	{ 0x6124, 0x75 },
	{ 0x6125, 0x75 },
	{ 0x6126, 0x75 },
	{ 0x6127, 0x75 },
	{ 0x6128, 0x75 },
	{ 0x6129, 0x75 },
	{ 0x612A, 0x75 },
	{ 0x612B, 0x75 },
	{ 0x612C, 0x75 },
	{ 0x612D, 0x75 },
	{ 0x612E, 0x75 },
	{ 0x612F, 0x75 },
	{ 0x6130, 0x75 },
	{ 0x6131, 0x75 },
	{ 0x6132, 0x75 },
	{ 0x6133, 0x75 },
	{ 0x6134, 0x75 },
	{ 0x6135, 0x75 },
	{ 0x6136, 0x75 },
	{ 0x6137, 0x75 },
	{ 0x6138, 0x75 },
	{ 0x6139, 0x75 },
	{ 0x613A, 0x75 },
	{ 0x613B, 0x75 },
	{ 0x613C, 0x75 },
	{ 0x613D, 0x75 },
	{ 0x613E, 0x75 },
	{ 0x613F, 0x75 },
	{ 0x6140, 0x75 },
	{ 0x6141, 0x75 },
	{ 0x6142, 0x75 },
	{ 0x6143, 0x75 },
	{ 0x4F04, 0x78 },
	{ 0x380E, 0x05 },
	{ 0x380F, 0x52 },
	{ 0x380C, 0x07 },
	{ 0x380D, 0xCA },
	{ 0x384C, 0x03 },
	{ 0x384D, 0xD0 },
	{ 0x4603, 0x13 },
	{ 0x4610, 0x00 },
	{ 0x4611, 0x80 },
	{ 0x4614, 0x00 },
	{ 0x4615, 0x80 },
	{ 0x420E, 0xEA },
	{ 0x420F, 0xE5 },
	{ 0x4210, 0xC2 },
	{ 0x4211, 0x83 },
	{ 0x507A, 0x1F },
	{ 0x507B, 0x32 },
	{ 0x3506, 0x30 },
	{ 0x35C6, 0x90 },
	{ 0x3586, 0x40 },
	{ 0x0408, 0xE7 },
	{ 0x0409, 0xFF },
	{ 0x040A, 0x2B },
	{ 0x040B, 0x32 },
	{ 0x040C, 0x50 },
	{ 0x040D, 0xB3 },
	{ 0x040E, 0x0C },
	{ 0x0307, 0x01 },
	{ 0x4837, 0x0E },
	{ 0x3837, 0x02 },
	{ 0x3DA7, 0x50 },
	{ 0x5B7E, 0x01 },
	{ 0x5B7E, 0x01 },
	{ 0x5B78, 0x00 },
	{ 0x5B79, 0x50 },
	{ 0x5B7A, 0x01 },
	{ 0x5B7B, 0x0E },
	{ 0x5B7C, 0x01 },
	{ 0x5B7D, 0x70 },
	{ 0x5B40, 0x01 },
	{ 0x5B41, 0x9C },
	{ 0x5B42, 0x0F },
	{ 0x5B43, 0x7B },
	{ 0x5B44, 0x0F },
	{ 0x5B45, 0xE9 },
	{ 0x5B46, 0x00 },
	{ 0x5B47, 0x00 },
	{ 0x5B48, 0x01 },
	{ 0x5B49, 0x3E },
	{ 0x5B4A, 0x0F },
	{ 0x5B4B, 0xC1 },
	{ 0x5B4C, 0x00 },
	{ 0x5B4D, 0x07 },
	{ 0x5B4E, 0x0F },
	{ 0x5B4F, 0xAF },
	{ 0x5B50, 0x01 },
	{ 0x5B51, 0x4A },
	{ 0x5B52, 0x01 },
	{ 0x5B53, 0xBF },
	{ 0x5B54, 0x0F },
	{ 0x5B55, 0x62 },
	{ 0x5B56, 0x0F },
	{ 0x5B57, 0xDF },
	{ 0x5B58, 0x00 },
	{ 0x5B59, 0x00 },
	{ 0x5B5A, 0x01 },
	{ 0x5B5B, 0x49 },
	{ 0x5B5C, 0x0F },
	{ 0x5B5D, 0xB8 },
	{ 0x5B5E, 0x00 },
	{ 0x5B5F, 0x05 },
	{ 0x5B60, 0x0F },
	{ 0x5B61, 0xB9 },
	{ 0x5B62, 0x01 },
	{ 0x5B63, 0x42 },
	{ 0x5B64, 0x02 },
	{ 0x5B65, 0x9C },
	{ 0x5B66, 0x0E },
	{ 0x5B67, 0xA2 },
	{ 0x5B68, 0x0F },
	{ 0x5B69, 0xC2 },
	{ 0x5B6A, 0x00 },
	{ 0x5B6B, 0x40 },
	{ 0x5B6C, 0x01 },
	{ 0x5B6D, 0x1A },
	{ 0x5B6E, 0x0F },
	{ 0x5B6F, 0xA6 },
	{ 0x5B70, 0x00 },
	{ 0x5B71, 0x3A },
	{ 0x5B72, 0x0F },
	{ 0x5B73, 0x70 },
	{ 0x5B74, 0x01 },
	{ 0x5B75, 0x57 },
	{ 0x380c, 0x07 },
	{ 0x380d, 0xCA },
	{ 0x384c, 0x05 },
	{ 0x384d, 0xb6 },
	{ 0x388c, 0x00 },
	{ 0x388d, 0x00 },
	{ 0x380e, 0x09 },
	{ 0x380f, 0x27 },
	{ 0x3015, 0x0a },
	{ 0x3009, 0x0a },
	{ 0x3822, 0x24 },
	{ 0x3823, 0x50 },
	{ 0x383E, 0x81 },
	{ 0x3881, 0x34 },
	{ 0x3882, 0x06 },
	{ 0x3883, 0xe7 },
	{ 0x388E, 0x01 },
	{ 0x388F, 0x00 },
	{ 0x3892, 0x44 },
	{ 0x3826, 0x02 },
	{ 0x3827, 0x40 },
	{ 0x3836, 0x00 },
	{ 0x3837, 0x02 },
	// clang-format on
};

/**
 * Date: 2025-10-15
 * Author: hardy
 * Sensor revision: OX08B
 * Input clock frequency: 24mhz
 * Image output size: 3840x2160
 * Image crop size: 3840x2160
 * Pixel data format: DCG_SPD hdr3 pwl14
 * Frame timing and frame rate: 15fps
 * System clock frequency: 69mhz
 * Output interface and data rate: 4lane 1104mbps
 * Embedded data and safety has been validated
 */
static const struct reg_cfg init_cfgs_raw14_15fps_24m[] = {
	// clang-format offs
	{ 0x3208, 0x04 },
	{ 0x300A, 0x04 },
	{ 0x4620, 0x04 },
	{ 0x4D56, 0x04 },
	{ 0x3208, 0x14 },
	{ 0x3208, 0x05 },
	{ 0x4620, 0x04 },
	{ 0x3208, 0x15 },
	{ 0x3208, 0x02 },
	{ 0x3507, 0x00 },
	{ 0x3208, 0x12 },
	{ 0x3208, 0xA2 },
	{ 0x0305, 0x5C },
	{ 0x0316, 0x00 },
	{ 0x0317, 0x00 },
	{ 0x0318, 0x00 },
	{ 0x0320, 0x02 },
	{ 0x0321, 0x33 },
	{ 0x0325, 0x95 },
	{ 0x0408, 0xE7 },
	{ 0x0409, 0xFF },
	{ 0x040A, 0x2B },
	{ 0x040B, 0x32 },
	{ 0x040C, 0x28 },
	{ 0x040D, 0x5A },
	{ 0x040E, 0x0C },
	{ 0x3002, 0xF8 },
	{ 0x3012, 0x41 },
	{ 0x2803, 0xFE },
	{ 0x280B, 0x00 },
	{ 0x280C, 0x79 },
	{ 0x3700, 0x19 },
	{ 0x3703, 0x43 },
	{ 0x3705, 0x00 },
	{ 0x3706, 0x37 },
	{ 0x3708, 0x32 },
	{ 0x3709, 0x5E },
	{ 0x370A, 0x00 },
	{ 0x370B, 0x83 },
	{ 0x370E, 0x51 },
	{ 0x3712, 0x12 },
	{ 0x3717, 0x07 },
	{ 0x3718, 0x72 },
	{ 0x3719, 0x31 },
	{ 0x372B, 0x01 },
	{ 0x372C, 0xB0 },
	{ 0x372D, 0x1E },
	{ 0x3730, 0x05 },
	{ 0x3731, 0x43 },
	{ 0x3733, 0x01 },
	{ 0x3738, 0x27 },
	{ 0x3739, 0x27 },
	{ 0x373A, 0x22 },
	{ 0x373B, 0x1A },
	{ 0x373F, 0x21 },
	{ 0x3740, 0x21 },
	{ 0x3741, 0x1B },
	{ 0x3742, 0x16 },
	{ 0x3745, 0x01 },
	{ 0x3747, 0x19 },
	{ 0x3748, 0x19 },
	{ 0x3750, 0x32 },
	{ 0x3755, 0x14 },
	{ 0x3756, 0x04 },
	{ 0x3757, 0x16 },
	{ 0x3759, 0x33 },
	{ 0x375A, 0x00 },
	{ 0x375B, 0x6D },
	{ 0x376C, 0x27 },
	{ 0x3778, 0x20 },
	{ 0x377C, 0x88 },
	{ 0x3797, 0x00 },
	{ 0x3798, 0x00 },
	{ 0x3799, 0x00 },
	{ 0x379C, 0x58 },
	{ 0x379E, 0x00 },
	{ 0x379F, 0x00 },
	{ 0x37A0, 0x00 },
	{ 0x37A1, 0x00 },
	{ 0x37BC, 0x00 },
	{ 0x37C0, 0x01 },
	{ 0x37C4, 0x34 },
	{ 0x37C5, 0x2F },
	{ 0x37C6, 0x2A },
	{ 0x37C7, 0x1E },
	{ 0x37C8, 0x00 },
	{ 0x37C9, 0x09 },
	{ 0x37D0, 0x00 },
	{ 0x37D1, 0x32 },
	{ 0x37D2, 0x00 },
	{ 0x37D3, 0x6C },
	{ 0x37D5, 0x32 },
	{ 0x37D6, 0x00 },
	{ 0x37D7, 0x66 },
	{ 0x37DC, 0x5A },
	{ 0x37DD, 0x57 },
	{ 0x3C03, 0x01 },
	{ 0x3C04, 0x01 },
	{ 0x3C06, 0x21 },
	{ 0x3C08, 0x01 },
	{ 0x3C09, 0x01 },
	{ 0x3C0A, 0x01 },
	{ 0x3C0B, 0x21 },
	{ 0x3C12, 0x40 },
	{ 0x3C13, 0x21 },
	{ 0x3C14, 0x03 },
	{ 0x3C21, 0x00 },
	{ 0x3C22, 0xB3 },
	{ 0x3C2A, 0x11 },
	{ 0x3C39, 0x11 },
	{ 0x3C3A, 0x01 },
	{ 0x3C3C, 0x00 },
	{ 0x3C3D, 0x01 },
	{ 0x3C3E, 0x06 },
	{ 0x3C4E, 0x0F },
	{ 0x3C55, 0x00 },
	{ 0x3C57, 0x23 },
	{ 0x3C58, 0x27 },
	{ 0x3C5A, 0x11 },
	{ 0x3C5F, 0x08 },
	{ 0x3C61, 0x80 },
	{ 0x3C70, 0x62 },
	{ 0x3C74, 0x43 },
	{ 0x3C78, 0x77 },
	{ 0x3CC0, 0x00 },
	{ 0x3CC1, 0x00 },
	{ 0x3CC2, 0x00 },
	{ 0x3CC3, 0x00 },
	{ 0x3CC8, 0x00 },
	{ 0x3CC9, 0x00 },
	{ 0x3CCA, 0x00 },
	{ 0x3CCB, 0x00 },
	{ 0x3CE0, 0x00 },
	{ 0x3CE1, 0x01 },
	{ 0x3CE2, 0x01 },
	{ 0x3CE3, 0xD5 },
	{ 0x3CE8, 0x00 },
	{ 0x3CE9, 0x01 },
	{ 0x3CEA, 0x00 },
	{ 0x3CEB, 0x58 },
	{ 0x320E, 0x00 },
	{ 0x320F, 0x00 },
	{ 0x3211, 0x61 },
	{ 0x3215, 0xCF },
	{ 0x3219, 0x08 },
	{ 0x3400, 0x08 },
	{ 0x3408, 0x01 },
	{ 0x3506, 0x30 },
	{ 0x3586, 0x50 },
	{ 0x3588, 0x01 },
	{ 0x3589, 0x50 },
	{ 0x358B, 0x04 },
	{ 0x3541, 0x00 },
	{ 0x3542, 0x04 },
	{ 0x3546, 0x10 },
	{ 0x3548, 0x01 },
	{ 0x3549, 0x00 },
	{ 0x35C2, 0x00 },
	{ 0x35C6, 0x90 },
	{ 0x35C8, 0x01 },
	{ 0x35C9, 0x50 },
	{ 0x35CB, 0x04 },
	{ 0x3600, 0x8F },
	{ 0x3603, 0x40 },
	{ 0x3606, 0x00 },
	{ 0x3607, 0x02 },
	{ 0x3609, 0xE0 },
	{ 0x360A, 0x01 },
	{ 0x360E, 0x1D },
	{ 0x3611, 0x47 },
	{ 0x3616, 0x8A },
	{ 0x361B, 0x5C },
	{ 0x361E, 0xDC },
	{ 0x361F, 0xCA },
	{ 0x3657, 0x0A },
	{ 0x3659, 0x0A },
	{ 0x365A, 0x0F },
	{ 0x3674, 0x08 },
	{ 0x3677, 0x47 },
	{ 0x3678, 0x47 },
	{ 0x3802, 0x00 },
	{ 0x3803, 0x04 },
	{ 0x3806, 0x08 },
	{ 0x3807, 0x7B },
	{ 0x3808, 0x0F },
	{ 0x3809, 0x00 },
	{ 0x380A, 0x08 },
	{ 0x380B, 0x70 },
	{ 0x380C, 0x03 },
	{ 0x380D, 0xF5 },
	{ 0x380E, 0x04 },
	{ 0x380F, 0x68 },
	{ 0x3810, 0x00 },
	{ 0x3811, 0x08 },
	{ 0x3812, 0x00 },
	{ 0x3813, 0x04 },
	{ 0x3816, 0x01 },
	{ 0x3817, 0x01 },
	{ 0x381C, 0x18 },
	{ 0x381E, 0x01 },
	{ 0x381F, 0x01 },
	{ 0x3820, 0x20 },
	{ 0x3821, 0x11 },
	{ 0x3832, 0x00 },
	{ 0x3834, 0x00 },
	{ 0x384C, 0x03 },
	{ 0x384D, 0xDC },
	{ 0x3850, 0x00 },
	{ 0x3851, 0x42 },
	{ 0x3852, 0x00 },
	{ 0x3853, 0x40 },
	{ 0x3858, 0x04 },
	{ 0x388C, 0x01 },
	{ 0x388D, 0xE7 },
	{ 0x3B40, 0x05 },
	{ 0x3B41, 0x40 },
	{ 0x3B42, 0x00 },
	{ 0x3B43, 0x90 },
	{ 0x3B44, 0x00 },
	{ 0x3B45, 0x20 },
	{ 0x3B46, 0x00 },
	{ 0x3B47, 0x20 },
	{ 0x3B48, 0x1A },
	{ 0x3B49, 0x13 },
	{ 0x3B4A, 0x17 },
	{ 0x3B4B, 0x2F },
	{ 0x3B4C, 0x03 },
	{ 0x3B4D, 0x90 },
	{ 0x3B8A, 0x08 },
	{ 0x3B8B, 0x70 },
	{ 0x3B8C, 0x0F },
	{ 0x3B8D, 0x00 },
	{ 0x3B92, 0x08 },
	{ 0x3B93, 0x70 },
	{ 0x3B94, 0x0F },
	{ 0x3B95, 0x00 },
	{ 0x3B9E, 0x09 },
	{ 0x3D8A, 0x03 },
	{ 0x3D8B, 0xFF },
	{ 0x3DA4, 0x00 },
	{ 0x420E, 0x52 },
	{ 0x420F, 0xCF },
	{ 0x4210, 0xA2 },
	{ 0x4211, 0xA8 },
	{ 0x421E, 0x02 },
	{ 0x421F, 0x55 },
	{ 0x4220, 0xE1 },
	{ 0x4221, 0x07 },
	{ 0x4301, 0x0F },
	{ 0x4307, 0x02 },
	{ 0x4308, 0x13 },
	{ 0x4309, 0x00 },
	{ 0x430A, 0x13 },
	{ 0x430D, 0x93 },
	{ 0x430F, 0x57 },
	{ 0x4310, 0x95 },
	{ 0x4311, 0x16 },
	{ 0x4316, 0x20 },
	{ 0x4317, 0x38 },
	{ 0x4319, 0x01 },
	{ 0x431A, 0x00 },
	{ 0x431B, 0x00 },
	{ 0x431C, 0x2F },
	{ 0x431D, 0x6F },
	{ 0x431E, 0x11 },
	{ 0x431F, 0x28 },
	{ 0x4320, 0x3B },
	{ 0x4323, 0x80 },
	{ 0x4324, 0x00 },
	{ 0x4503, 0x0E },
	{ 0x4505, 0x08 },
	{ 0x4508, 0x04 },
	{ 0x4509, 0x08 },
	{ 0x450A, 0x08 },
	{ 0x4583, 0x07 },
	{ 0x4584, 0x6A },
	{ 0x4585, 0x08 },
	{ 0x4586, 0x05 },
	{ 0x4587, 0x04 },
	{ 0x4588, 0x73 },
	{ 0x4589, 0x05 },
	{ 0x458A, 0x1F },
	{ 0x458B, 0x02 },
	{ 0x458C, 0xDC },
	{ 0x458D, 0x03 },
	{ 0x458E, 0x02 },
	{ 0x4597, 0x07 },
	{ 0x4598, 0x40 },
	{ 0x4599, 0x0D },
	{ 0x459A, 0x0D },
	{ 0x459B, 0xF4 },
	{ 0x459C, 0xF3 },
	{ 0x4602, 0x00 },
	{ 0x4603, 0x13 },
	{ 0x4604, 0x00 },
	{ 0x4606, 0x06 },
	{ 0x4607, 0x06 },
	{ 0x460A, 0x30 },
	{ 0x4610, 0x00 },
	{ 0x4611, 0xE0 },
	{ 0x4612, 0x01 },
	{ 0x4613, 0x00 },
	{ 0x4614, 0x00 },
	{ 0x4615, 0xC8 },
	{ 0x4616, 0x01 },
	{ 0x4617, 0x00 },
	{ 0x4700, 0xE0 },
	{ 0x4702, 0x00 },
	{ 0x4800, 0x04 },
	{ 0x4808, 0x07 },
	{ 0x480A, 0x22 },
	{ 0x4813, 0xE4 },
	{ 0x4814, 0x2A },
	{ 0x4837, 0x07 },
	{ 0x484B, 0x47 },
	{ 0x484F, 0x00 },
	{ 0x4850, 0x47 },
	{ 0x4853, 0x04 },
	{ 0x4855, 0x09 },
	{ 0x4D30, 0x0A },
	{ 0x4D31, 0x00 },
	{ 0x4D5A, 0x1C },
	{ 0x4F00, 0x22 },
	{ 0x4F01, 0x59 },
	{ 0x4F02, 0x5A },
	{ 0x4F03, 0x0C },
	{ 0x6A00, 0x00 },
	{ 0x6A01, 0x20 },
	{ 0x6A02, 0x00 },
	{ 0x6A03, 0x20 },
	{ 0x6A04, 0x02 },
	{ 0x6A05, 0x80 },
	{ 0x6A06, 0x01 },
	{ 0x6A07, 0xE0 },
	{ 0x6A08, 0xCF },
	{ 0x6A09, 0x01 },
	{ 0x6A0A, 0x40 },
	{ 0x6A20, 0x00 },
	{ 0x6A21, 0x04 },
	{ 0x6A22, 0x00 },
	{ 0x6A23, 0x00 },
	{ 0x6A24, 0x00 },
	{ 0x6A25, 0x00 },
	{ 0x6A26, 0x00 },
	{ 0x6A27, 0x00 },
	{ 0x6A28, 0x00 },
	{ 0x5AEF, 0xD9 },
	{ 0x5AF1, 0xF0 },
	{ 0x5AF3, 0x03 },
	{ 0x5B40, 0x01 },
	{ 0x5B41, 0x9C },
	{ 0x5B42, 0x0F },
	{ 0x5B43, 0x7B },
	{ 0x5B44, 0x0F },
	{ 0x5B45, 0xE9 },
	{ 0x5B46, 0x00 },
	{ 0x5B47, 0x00 },
	{ 0x5B48, 0x01 },
	{ 0x5B49, 0x3E },
	{ 0x5B4A, 0x0F },
	{ 0x5B4B, 0xC1 },
	{ 0x5B4C, 0x00 },
	{ 0x5B4D, 0x07 },
	{ 0x5B4E, 0x0F },
	{ 0x5B4F, 0xAF },
	{ 0x5B50, 0x01 },
	{ 0x5B51, 0x4A },
	{ 0x5B52, 0x01 },
	{ 0x5B53, 0xBF },
	{ 0x5B54, 0x0F },
	{ 0x5B55, 0x62 },
	{ 0x5B56, 0x0F },
	{ 0x5B57, 0xDF },
	{ 0x5B58, 0x00 },
	{ 0x5B59, 0x00 },
	{ 0x5B5A, 0x01 },
	{ 0x5B5B, 0x49 },
	{ 0x5B5C, 0x0F },
	{ 0x5B5D, 0xB8 },
	{ 0x5B5E, 0x00 },
	{ 0x5B5F, 0x05 },
	{ 0x5B60, 0x0F },
	{ 0x5B61, 0xB9 },
	{ 0x5B62, 0x01 },
	{ 0x5B63, 0x42 },
	{ 0x5B64, 0x02 },
	{ 0x5B65, 0x9C },
	{ 0x5B66, 0x0E },
	{ 0x5B67, 0xA2 },
	{ 0x5B68, 0x0F },
	{ 0x5B69, 0xC2 },
	{ 0x5B6A, 0x00 },
	{ 0x5B6B, 0x40 },
	{ 0x5B6C, 0x01 },
	{ 0x5B6D, 0x1A },
	{ 0x5B6E, 0x0F },
	{ 0x5B6F, 0xA6 },
	{ 0x5B70, 0x00 },
	{ 0x5B71, 0x3A },
	{ 0x5B72, 0x0F },
	{ 0x5B73, 0x70 },
	{ 0x5B74, 0x01 },
	{ 0x5B75, 0x57 },
	{ 0x5B78, 0x00 },
	{ 0x5B79, 0x50 },
	{ 0x5B7A, 0x01 },
	{ 0x5B7B, 0x0E },
	{ 0x5B7C, 0x01 },
	{ 0x5B7D, 0x70 },
	{ 0x5B7E, 0x01 },
	{ 0x5200, 0x04 },
	{ 0x5201, 0x04 },
	{ 0x5202, 0x04 },
	{ 0x5203, 0x04 },
	{ 0x5400, 0x04 },
	{ 0x5401, 0x04 },
	{ 0x5402, 0x04 },
	{ 0x5403, 0x04 },
	{ 0x5600, 0x04 },
	{ 0x5601, 0x04 },
	{ 0x5602, 0x04 },
	{ 0x5603, 0x04 },
	{ 0x5800, 0x04 },
	{ 0x5801, 0x04 },
	{ 0x5802, 0x04 },
	{ 0x5803, 0x04 },
	{ 0x5B80, 0x08 },
	{ 0x5B8A, 0x80 },
	{ 0x5B8B, 0x80 },
	{ 0x5B8C, 0x80 },
	{ 0x5B8D, 0x80 },
	{ 0x5B8E, 0x40 },
	{ 0x5B8F, 0x80 },
	{ 0x5B90, 0x80 },
	{ 0x5B91, 0x80 },
	{ 0x5B92, 0x60 },
	{ 0x5B93, 0x10 },
	{ 0x5B94, 0x80 },
	{ 0x5B95, 0x80 },
	{ 0x5B96, 0x80 },
	{ 0x5B97, 0x20 },
	{ 0x5B98, 0x00 },
	{ 0x5B99, 0x80 },
	{ 0x5B9A, 0x40 },
	{ 0x5B9B, 0x20 },
	{ 0x5B9C, 0x00 },
	{ 0x5B9D, 0x00 },
	{ 0x5B9E, 0x80 },
	{ 0x5B9F, 0x00 },
	{ 0x5BA0, 0x00 },
	{ 0x5BA1, 0x00 },
	{ 0x5BA2, 0x00 },
	{ 0x5BA3, 0x00 },
	{ 0x5BA4, 0x00 },
	{ 0x5BA5, 0x00 },
	{ 0x5BA6, 0x00 },
	{ 0x5BA7, 0x00 },
	{ 0x5BA8, 0x02 },
	{ 0x5BA9, 0x00 },
	{ 0x5BAA, 0x02 },
	{ 0x5BAB, 0x76 },
	{ 0x5BAC, 0x03 },
	{ 0x5BAD, 0x08 },
	{ 0x5BAE, 0x00 },
	{ 0x5BAF, 0x80 },
	{ 0x5BB0, 0x01 },
	{ 0x5BB1, 0x00 },
	{ 0x5BB2, 0x02 },
	{ 0x5BB3, 0x00 },
	{ 0x5BBE, 0x12 },
	{ 0x5C00, 0x08 },
	{ 0x5C0A, 0x80 },
	{ 0x5C0B, 0x80 },
	{ 0x5C0C, 0x80 },
	{ 0x5C0D, 0x80 },
	{ 0x5C0E, 0x40 },
	{ 0x5C0F, 0x80 },
	{ 0x5C10, 0x80 },
	{ 0x5C11, 0x80 },
	{ 0x5C12, 0x60 },
	{ 0x5C13, 0x10 },
	{ 0x5C14, 0x80 },
	{ 0x5C15, 0x80 },
	{ 0x5C16, 0x80 },
	{ 0x5C17, 0x20 },
	{ 0x5C18, 0x00 },
	{ 0x5C19, 0x80 },
	{ 0x5C1A, 0x40 },
	{ 0x5C1B, 0x20 },
	{ 0x5C1C, 0x00 },
	{ 0x5C1D, 0x00 },
	{ 0x5C1E, 0x80 },
	{ 0x5C1F, 0x00 },
	{ 0x5C20, 0x00 },
	{ 0x5C21, 0x00 },
	{ 0x5C22, 0x00 },
	{ 0x5C23, 0x00 },
	{ 0x5C24, 0x00 },
	{ 0x5C25, 0x00 },
	{ 0x5C26, 0x00 },
	{ 0x5C27, 0x00 },
	{ 0x5C28, 0x02 },
	{ 0x5C29, 0x00 },
	{ 0x5C2A, 0x02 },
	{ 0x5C2B, 0x76 },
	{ 0x5C2C, 0x03 },
	{ 0x5C2D, 0x08 },
	{ 0x5C2E, 0x00 },
	{ 0x5C2F, 0x80 },
	{ 0x5C30, 0x01 },
	{ 0x5C31, 0x00 },
	{ 0x5C32, 0x02 },
	{ 0x5C33, 0x00 },
	{ 0x5C3E, 0x12 },
	{ 0x5C80, 0x00 },
	{ 0x5C8A, 0x80 },
	{ 0x5C8B, 0x80 },
	{ 0x5C8C, 0x80 },
	{ 0x5C8D, 0x80 },
	{ 0x5C8E, 0x80 },
	{ 0x5C8F, 0x80 },
	{ 0x5C90, 0x80 },
	{ 0x5C91, 0x80 },
	{ 0x5C92, 0x80 },
	{ 0x5C93, 0x60 },
	{ 0x5C94, 0x80 },
	{ 0x5C95, 0x80 },
	{ 0x5C96, 0x80 },
	{ 0x5C97, 0x60 },
	{ 0x5C98, 0x40 },
	{ 0x5C99, 0x80 },
	{ 0x5C9A, 0x80 },
	{ 0x5C9B, 0x80 },
	{ 0x5C9C, 0x40 },
	{ 0x5C9D, 0x00 },
	{ 0x5C9E, 0x80 },
	{ 0x5C9F, 0x80 },
	{ 0x5CA0, 0x80 },
	{ 0x5CA1, 0x20 },
	{ 0x5CA2, 0x00 },
	{ 0x5CA3, 0x80 },
	{ 0x5CA4, 0x80 },
	{ 0x5CA5, 0x80 },
	{ 0x5CA6, 0x00 },
	{ 0x5CA7, 0x00 },
	{ 0x5CA8, 0x01 },
	{ 0x5CA9, 0x00 },
	{ 0x5CAA, 0x02 },
	{ 0x5CAB, 0x00 },
	{ 0x5CAC, 0x03 },
	{ 0x5CAD, 0x08 },
	{ 0x5CAE, 0x01 },
	{ 0x5CAF, 0x00 },
	{ 0x5CB0, 0x02 },
	{ 0x5CB1, 0x00 },
	{ 0x5CB2, 0x03 },
	{ 0x5CB3, 0x08 },
	{ 0x5CBE, 0x12 },
	{ 0x5CC6, 0x00 },
	{ 0x5CC7, 0x00 },
	{ 0x5CC8, 0x80 },
	{ 0x5CD2, 0x60 },
	{ 0x5CD5, 0x80 },
	{ 0x5CD6, 0x60 },
	{ 0x5CD9, 0x80 },
	{ 0x5CDA, 0x80 },
	{ 0x5CDB, 0x40 },
	{ 0x5CDD, 0x80 },
	{ 0x5CDE, 0x80 },
	{ 0x5CDF, 0x80 },
	{ 0x5CE2, 0x80 },
	{ 0x5CE3, 0x80 },
	{ 0x5CE4, 0x80 },
	{ 0x5CE7, 0x86 },
	{ 0x6006, 0x00 },
	{ 0x6007, 0x04 },
	{ 0x6008, 0x08 },
	{ 0x6009, 0x72 },
	{ 0x600A, 0x00 },
	{ 0x600B, 0x08 },
	{ 0x600C, 0x0F },
	{ 0x600D, 0x08 },
	{ 0x6016, 0x00 },
	{ 0x6026, 0x00 },
	{ 0x6027, 0x04 },
	{ 0x6028, 0x08 },
	{ 0x6029, 0x72 },
	{ 0x602A, 0x00 },
	{ 0x602B, 0x08 },
	{ 0x602C, 0x0F },
	{ 0x602D, 0x08 },
	{ 0x6046, 0x00 },
	{ 0x6047, 0x04 },
	{ 0x6048, 0x08 },
	{ 0x6049, 0x72 },
	{ 0x604A, 0x00 },
	{ 0x604B, 0x08 },
	{ 0x604C, 0x0F },
	{ 0x604D, 0x08 },
	{ 0x6066, 0x00 },
	{ 0x6067, 0x04 },
	{ 0x6068, 0x08 },
	{ 0x6069, 0x72 },
	{ 0x606A, 0x00 },
	{ 0x606B, 0x08 },
	{ 0x606C, 0x0F },
	{ 0x606D, 0x08 },
	{ 0x6086, 0x00 },
	{ 0x6087, 0x04 },
	{ 0x6088, 0x08 },
	{ 0x6089, 0x72 },
	{ 0x608A, 0x00 },
	{ 0x608B, 0x08 },
	{ 0x608C, 0x0F },
	{ 0x608D, 0x08 },
	{ 0x52C3, 0x00 },
	{ 0x52C4, 0x00 },
	{ 0x52C6, 0x01 },
	{ 0x52C7, 0x23 },
	{ 0x52C9, 0x02 },
	{ 0x52CA, 0x01 },
	{ 0x52CB, 0x01 },
	{ 0x52CD, 0x02 },
	{ 0x52CE, 0x01 },
	{ 0x52CF, 0x01 },
	{ 0x54C3, 0x00 },
	{ 0x54C4, 0x00 },
	{ 0x54C6, 0x01 },
	{ 0x54C7, 0x23 },
	{ 0x54C9, 0x02 },
	{ 0x54CA, 0x01 },
	{ 0x54CB, 0x01 },
	{ 0x54CD, 0x02 },
	{ 0x54CE, 0x01 },
	{ 0x54CF, 0x01 },
	{ 0x56C3, 0x00 },
	{ 0x56C4, 0x00 },
	{ 0x56C6, 0x01 },
	{ 0x56C7, 0x23 },
	{ 0x56C9, 0x02 },
	{ 0x56CA, 0x01 },
	{ 0x56CB, 0x01 },
	{ 0x56CD, 0x02 },
	{ 0x56CE, 0x01 },
	{ 0x56CF, 0x01 },
	{ 0x58C3, 0x00 },
	{ 0x58C4, 0x00 },
	{ 0x58C6, 0x01 },
	{ 0x58C7, 0x23 },
	{ 0x58C9, 0x02 },
	{ 0x58CA, 0x01 },
	{ 0x58CB, 0x01 },
	{ 0x58CD, 0x02 },
	{ 0x58CE, 0x01 },
	{ 0x58CF, 0x01 },
	{ 0x5E00, 0x01 },
	{ 0x5E01, 0x09 },
	{ 0x5E02, 0x00 },
	{ 0x5E03, 0x09 },
	{ 0x5E04, 0x0A },
	{ 0x5E05, 0x0B },
	{ 0x5E06, 0x0C },
	{ 0x5E07, 0x0C },
	{ 0x5E08, 0x0C },
	{ 0x5E09, 0x0C },
	{ 0x5E0A, 0x0C },
	{ 0x5E0B, 0x0D },
	{ 0x5E0C, 0x0D },
	{ 0x5E0D, 0x0D },
	{ 0x5E0E, 0x0D },
	{ 0x5E0F, 0x0D },
	{ 0x5E10, 0x0D },
	{ 0x5E11, 0x0D },
	{ 0x5E12, 0x0E },
	{ 0x5E13, 0x0E },
	{ 0x5E14, 0x0E },
	{ 0x5E15, 0x0E },
	{ 0x5E16, 0x0E },
	{ 0x5E17, 0x0E },
	{ 0x5E18, 0x0E },
	{ 0x5E19, 0x10 },
	{ 0x5E1A, 0x11 },
	{ 0x5E1B, 0x11 },
	{ 0x5E1C, 0x12 },
	{ 0x5E1D, 0x12 },
	{ 0x5E1E, 0x14 },
	{ 0x5E1F, 0x15 },
	{ 0x5E20, 0x16 },
	{ 0x5E21, 0x17 },
	{ 0x5E22, 0x00 },
	{ 0x5E23, 0x02 },
	{ 0x5E26, 0x00 },
	{ 0x5E27, 0x00 },
	{ 0x5E29, 0x00 },
	{ 0x5E2A, 0xFF },
	{ 0x5E2C, 0x01 },
	{ 0x5E2D, 0x00 },
	{ 0x5E2F, 0x01 },
	{ 0x5E30, 0x00 },
	{ 0x5E32, 0x01 },
	{ 0x5E33, 0x00 },
	{ 0x5E34, 0x00 },
	{ 0x5E35, 0x01 },
	{ 0x5E36, 0x00 },
	{ 0x5E37, 0x00 },
	{ 0x5E38, 0x01 },
	{ 0x5E39, 0x00 },
	{ 0x5E3A, 0x00 },
	{ 0x5E3B, 0x01 },
	{ 0x5E3C, 0x00 },
	{ 0x5E3D, 0x00 },
	{ 0x5E3E, 0x01 },
	{ 0x5E3F, 0x00 },
	{ 0x5E40, 0x00 },
	{ 0x5E41, 0x01 },
	{ 0x5E42, 0x80 },
	{ 0x5E43, 0x00 },
	{ 0x5E44, 0x01 },
	{ 0x5E45, 0x80 },
	{ 0x5E46, 0x00 },
	{ 0x5E47, 0x01 },
	{ 0x5E48, 0x80 },
	{ 0x5E49, 0x00 },
	{ 0x5E4A, 0x01 },
	{ 0x5E4B, 0x80 },
	{ 0x5E4C, 0x00 },
	{ 0x5E4D, 0x01 },
	{ 0x5E4E, 0x80 },
	{ 0x5E50, 0x01 },
	{ 0x5E51, 0x80 },
	{ 0x5E53, 0x01 },
	{ 0x5E54, 0x80 },
	{ 0x5E56, 0x02 },
	{ 0x5E57, 0x00 },
	{ 0x5E59, 0x02 },
	{ 0x5E5A, 0x00 },
	{ 0x5E5C, 0x02 },
	{ 0x5E5D, 0x00 },
	{ 0x5E5F, 0x02 },
	{ 0x5E60, 0x00 },
	{ 0x5E62, 0x02 },
	{ 0x5E63, 0x00 },
	{ 0x5E65, 0x02 },
	{ 0x5E66, 0x00 },
	{ 0x5E68, 0x02 },
	{ 0x5E69, 0x00 },
	{ 0x5E6B, 0x05 },
	{ 0x5E6C, 0x80 },
	{ 0x5E6E, 0x08 },
	{ 0x5E6F, 0x00 },
	{ 0x5E71, 0x06 },
	{ 0x5E72, 0x00 },
	{ 0x5E74, 0x06 },
	{ 0x5E75, 0x00 },
	{ 0x5E77, 0x04 },
	{ 0x5E78, 0x00 },
	{ 0x5E7A, 0x00 },
	{ 0x5E7B, 0x00 },
	{ 0x5E7D, 0x00 },
	{ 0x5E7E, 0x00 },
	{ 0x5E80, 0x00 },
	{ 0x5E81, 0x00 },
	{ 0x5E83, 0x00 },
	{ 0x5E84, 0x00 },
	{ 0x5F00, 0x02 },
	{ 0x5F01, 0x08 },
	{ 0x5F02, 0x09 },
	{ 0x5F03, 0x0A },
	{ 0x5F04, 0x0B },
	{ 0x5F05, 0x0C },
	{ 0x5F06, 0x0C },
	{ 0x5F07, 0x0C },
	{ 0x5F08, 0x0C },
	{ 0x5F09, 0x0C },
	{ 0x5F0A, 0x0D },
	{ 0x5F0B, 0x0D },
	{ 0x5F0C, 0x0D },
	{ 0x5F0D, 0x0D },
	{ 0x5F0E, 0x0D },
	{ 0x5F0F, 0x0E },
	{ 0x5F10, 0x0E },
	{ 0x5F11, 0x0E },
	{ 0x5F12, 0x0E },
	{ 0x5F13, 0x0F },
	{ 0x5F14, 0x0F },
	{ 0x5F15, 0x10 },
	{ 0x5F16, 0x11 },
	{ 0x5F17, 0x11 },
	{ 0x5F18, 0x12 },
	{ 0x5F19, 0x12 },
	{ 0x5F1A, 0x13 },
	{ 0x5F1B, 0x13 },
	{ 0x5F1C, 0x14 },
	{ 0x5F1D, 0x14 },
	{ 0x5F1E, 0x16 },
	{ 0x5F1F, 0x16 },
	{ 0x5F20, 0x16 },
	{ 0x5F21, 0x08 },
	{ 0x5F22, 0x00 },
	{ 0x5F23, 0x01 },
	{ 0x5F26, 0x02 },
	{ 0x5F27, 0x00 },
	{ 0x5F29, 0x02 },
	{ 0x5F2A, 0x00 },
	{ 0x5F2C, 0x02 },
	{ 0x5F2D, 0x00 },
	{ 0x5F2F, 0x02 },
	{ 0x5F30, 0x00 },
	{ 0x5F32, 0x02 },
	{ 0x5F33, 0x00 },
	{ 0x5F34, 0x00 },
	{ 0x5F35, 0x02 },
	{ 0x5F36, 0x00 },
	{ 0x5F37, 0x00 },
	{ 0x5F38, 0x02 },
	{ 0x5F39, 0x00 },
	{ 0x5F3A, 0x00 },
	{ 0x5F3B, 0x02 },
	{ 0x5F3C, 0x00 },
	{ 0x5F3D, 0x00 },
	{ 0x5F3E, 0x02 },
	{ 0x5F3F, 0x00 },
	{ 0x5F40, 0x00 },
	{ 0x5F41, 0x02 },
	{ 0x5F42, 0x00 },
	{ 0x5F43, 0x00 },
	{ 0x5F44, 0x02 },
	{ 0x5F45, 0x00 },
	{ 0x5F46, 0x00 },
	{ 0x5F47, 0x04 },
	{ 0x5F48, 0x00 },
	{ 0x5F49, 0x00 },
	{ 0x5F4A, 0x04 },
	{ 0x5F4B, 0x00 },
	{ 0x5F4C, 0x00 },
	{ 0x5F4D, 0x04 },
	{ 0x5F4E, 0x00 },
	{ 0x5F50, 0x04 },
	{ 0x5F51, 0x00 },
	{ 0x5F53, 0x04 },
	{ 0x5F54, 0x00 },
	{ 0x5F56, 0x04 },
	{ 0x5F57, 0x00 },
	{ 0x5F59, 0x04 },
	{ 0x5F5A, 0x00 },
	{ 0x5F5C, 0x04 },
	{ 0x5F5D, 0x00 },
	{ 0x5F5F, 0x08 },
	{ 0x5F60, 0x00 },
	{ 0x5F62, 0x08 },
	{ 0x5F63, 0x00 },
	{ 0x5F65, 0x08 },
	{ 0x5F66, 0x00 },
	{ 0x5F68, 0x08 },
	{ 0x5F69, 0x00 },
	{ 0x5F6B, 0x08 },
	{ 0x5F6C, 0x00 },
	{ 0x5F6E, 0x10 },
	{ 0x5F6F, 0x00 },
	{ 0x5F71, 0x10 },
	{ 0x5F72, 0x00 },
	{ 0x5F74, 0x10 },
	{ 0x5F75, 0x00 },
	{ 0x5F77, 0x10 },
	{ 0x5F78, 0x00 },
	{ 0x5F7A, 0x20 },
	{ 0x5F7B, 0x00 },
	{ 0x5F7D, 0x20 },
	{ 0x5F7E, 0x00 },
	{ 0x5F80, 0x20 },
	{ 0x5F81, 0x00 },
	{ 0x5F83, 0x00 },
	{ 0x5F84, 0xFF },
	{ 0x5240, 0x0F },
	{ 0x5241, 0x00 },
	{ 0x5242, 0x00 },
	{ 0x5243, 0x00 },
	{ 0x5244, 0x00 },
	{ 0x5245, 0x00 },
	{ 0x5246, 0x00 },
	{ 0x5247, 0x00 },
	{ 0x5248, 0x00 },
	{ 0x5249, 0x00 },
	{ 0x5440, 0x0F },
	{ 0x5441, 0x00 },
	{ 0x5442, 0x00 },
	{ 0x5443, 0x00 },
	{ 0x5444, 0x00 },
	{ 0x5445, 0x00 },
	{ 0x5446, 0x00 },
	{ 0x5447, 0x00 },
	{ 0x5448, 0x00 },
	{ 0x5449, 0x00 },
	{ 0x5640, 0x0F },
	{ 0x5641, 0x00 },
	{ 0x5642, 0x00 },
	{ 0x5643, 0x00 },
	{ 0x5644, 0x00 },
	{ 0x5645, 0x00 },
	{ 0x5646, 0x00 },
	{ 0x5647, 0x00 },
	{ 0x5648, 0x00 },
	{ 0x5649, 0x00 },
	{ 0x5840, 0x0F },
	{ 0x5841, 0x00 },
	{ 0x5842, 0x00 },
	{ 0x5843, 0x00 },
	{ 0x5844, 0x00 },
	{ 0x5845, 0x00 },
	{ 0x5846, 0x00 },
	{ 0x5847, 0x00 },
	{ 0x5848, 0x00 },
	{ 0x5849, 0x00 },
	{ 0x5DC0, 0x04 },
	{ 0x5DC1, 0x04 },
	{ 0x5DC2, 0x04 },
	{ 0x5DC3, 0x04 },
	{ 0x5DE0, 0x04 },
	{ 0x5DE1, 0x04 },
	{ 0x5DE2, 0x04 },
	{ 0x5DE3, 0x04 },
	{ 0x5000, 0x87 },
	{ 0x5001, 0x75 },
	{ 0x5002, 0x7F },
	{ 0x5003, 0x7A },
	{ 0x5004, 0x1E },
	{ 0x5005, 0x1E },
	{ 0x5006, 0x1E },
	{ 0x5007, 0x10 },
	{ 0x5008, 0x00 },
	{ 0x500A, 0x3F },
	{ 0x500C, 0x00 },
	{ 0x502A, 0x10 },
	{ 0x502C, 0x00 },
	{ 0x504B, 0x00 },
	{ 0x5053, 0x00 },
	{ 0x505B, 0x00 },
	{ 0x5063, 0x00 },
	{ 0x5070, 0x00 },
	{ 0x5074, 0x04 },
	{ 0x4000, 0x78 },
	{ 0x4001, 0x2B },
	{ 0x4008, 0x01 },
	{ 0x400B, 0x02 },
	{ 0x400E, 0x02 },
	{ 0x400F, 0x80 },
	{ 0x4012, 0x30 },
	{ 0x4013, 0x01 },
	{ 0x4018, 0x12 },
	{ 0x401E, 0x00 },
	{ 0x401F, 0x02 },
	{ 0x4021, 0x05 },
	{ 0x4022, 0x40 },
	{ 0x4023, 0x20 },
	{ 0x4026, 0x00 },
	{ 0x4027, 0x40 },
	{ 0x4028, 0x00 },
	{ 0x4029, 0x40 },
	{ 0x402A, 0x00 },
	{ 0x402B, 0x40 },
	{ 0x402C, 0x00 },
	{ 0x402D, 0x40 },
	{ 0x407E, 0xCC },
	{ 0x407F, 0x1A },
	{ 0x4082, 0x01 },
	{ 0x4083, 0x18 },
	{ 0x4084, 0x01 },
	{ 0x4085, 0x18 },
	{ 0x4086, 0x00 },
	{ 0x4087, 0xA0 },
	{ 0x4640, 0x41 },
	{ 0x4641, 0x11 },
	{ 0x4642, 0x0E },
	{ 0x4643, 0xEE },
	{ 0x4646, 0x0F },
	{ 0x4648, 0x00 },
	{ 0x4649, 0x03 },
	{ 0x5D09, 0x6B },
	{ 0x5D0B, 0x6B },
	{ 0x5D19, 0x6B },
	{ 0x5D40, 0x02 },
	{ 0x5D42, 0x02 },
	{ 0x5D43, 0x85 },
	{ 0x5D44, 0x1B },
	{ 0x5D45, 0xDD },
	{ 0x5D46, 0x02 },
	{ 0x5D47, 0x85 },
	{ 0x5D48, 0x1B },
	{ 0x5D49, 0xDD },
	{ 0x5D4A, 0x02 },
	{ 0x5D4B, 0x40 },
	{ 0x5D4C, 0x02 },
	{ 0x5D4D, 0x40 },
	{ 0x5D4E, 0x02 },
	{ 0x5D4F, 0x40 },
	{ 0x5D50, 0x18 },
	{ 0x5D51, 0x80 },
	{ 0x5D52, 0x18 },
	{ 0x5D53, 0x80 },
	{ 0x5D54, 0x18 },
	{ 0x5D55, 0x80 },
	{ 0x5D57, 0x10 },
	{ 0x5D59, 0x20 },
	{ 0x5D5C, 0x02 },
	{ 0x5D5D, 0x40 },
	{ 0x5D5E, 0x02 },
	{ 0x5D5F, 0x40 },
	{ 0x5D60, 0x03 },
	{ 0x5D61, 0x40 },
	{ 0x5D62, 0x07 },
	{ 0x5D63, 0x28 },
	{ 0x5D65, 0xFF },
	{ 0x6102, 0x1F },
	{ 0x610A, 0x0F },
	{ 0x610B, 0x20 },
	{ 0x610C, 0x08 },
	{ 0x610D, 0x80 },
	{ 0x6144, 0x75 },
	{ 0x6145, 0x75 },
	{ 0x6146, 0x75 },
	{ 0x6147, 0x75 },
	{ 0x6148, 0x75 },
	{ 0x6149, 0x75 },
	{ 0x614A, 0x75 },
	{ 0x614B, 0x75 },
	{ 0x614C, 0x75 },
	{ 0x614D, 0x75 },
	{ 0x614E, 0x75 },
	{ 0x614F, 0x75 },
	{ 0x6150, 0x75 },
	{ 0x6151, 0x75 },
	{ 0x6152, 0x75 },
	{ 0x6153, 0x75 },
	{ 0x6154, 0x75 },
	{ 0x6155, 0x75 },
	{ 0x6156, 0x75 },
	{ 0x6157, 0x75 },
	{ 0x6158, 0x75 },
	{ 0x6159, 0x75 },
	{ 0x615A, 0x75 },
	{ 0x615B, 0x75 },
	{ 0x615C, 0x75 },
	{ 0x615D, 0x75 },
	{ 0x615E, 0x75 },
	{ 0x615F, 0x75 },
	{ 0x6160, 0x75 },
	{ 0x6161, 0x75 },
	{ 0x6162, 0x75 },
	{ 0x6163, 0x75 },
	{ 0x6164, 0x75 },
	{ 0x6165, 0x75 },
	{ 0x6166, 0x75 },
	{ 0x6167, 0x75 },
	{ 0x6168, 0x75 },
	{ 0x6169, 0x75 },
	{ 0x616A, 0x75 },
	{ 0x616B, 0x75 },
	{ 0x616C, 0x75 },
	{ 0x616D, 0x75 },
	{ 0x616E, 0x75 },
	{ 0x616F, 0x75 },
	{ 0x6170, 0x75 },
	{ 0x6171, 0x75 },
	{ 0x6172, 0x75 },
	{ 0x6173, 0x75 },
	{ 0x6174, 0x75 },
	{ 0x6175, 0x75 },
	{ 0x6176, 0x75 },
	{ 0x6177, 0x75 },
	{ 0x6178, 0x75 },
	{ 0x6179, 0x75 },
	{ 0x617A, 0x75 },
	{ 0x617B, 0x75 },
	{ 0x617C, 0x75 },
	{ 0x617D, 0x75 },
	{ 0x617E, 0x75 },
	{ 0x617F, 0x75 },
	{ 0x6180, 0x75 },
	{ 0x6181, 0x75 },
	{ 0x6182, 0x75 },
	{ 0x6183, 0x75 },
	{ 0x6184, 0x75 },
	{ 0x6185, 0x75 },
	{ 0x6186, 0x75 },
	{ 0x6187, 0x75 },
	{ 0x6188, 0x75 },
	{ 0x6189, 0x75 },
	{ 0x618A, 0x75 },
	{ 0x618B, 0x75 },
	{ 0x618C, 0x75 },
	{ 0x618D, 0x75 },
	{ 0x618E, 0x75 },
	{ 0x618F, 0x75 },
	{ 0x6190, 0x75 },
	{ 0x6191, 0x75 },
	{ 0x6192, 0x75 },
	{ 0x6193, 0x75 },
	{ 0x6194, 0x75 },
	{ 0x6195, 0x75 },
	{ 0x6196, 0x75 },
	{ 0x6197, 0x75 },
	{ 0x6198, 0x75 },
	{ 0x6199, 0x75 },
	{ 0x619A, 0x75 },
	{ 0x619B, 0x75 },
	{ 0x619C, 0x75 },
	{ 0x619D, 0x75 },
	{ 0x619E, 0x75 },
	{ 0x619F, 0x75 },
	{ 0x61A0, 0x75 },
	{ 0x61A1, 0x75 },
	{ 0x61A2, 0x75 },
	{ 0x61A3, 0x75 },
	{ 0x61A4, 0x75 },
	{ 0x61A5, 0x75 },
	{ 0x61A6, 0x75 },
	{ 0x61A7, 0x75 },
	{ 0x61A8, 0x75 },
	{ 0x61A9, 0x75 },
	{ 0x61AA, 0x75 },
	{ 0x61AB, 0x75 },
	{ 0x61AC, 0x75 },
	{ 0x61AD, 0x75 },
	{ 0x61AE, 0x75 },
	{ 0x61AF, 0x75 },
	{ 0x6120, 0x75 },
	{ 0x6121, 0x75 },
	{ 0x6122, 0x75 },
	{ 0x6123, 0x75 },
	{ 0x6124, 0x75 },
	{ 0x6125, 0x75 },
	{ 0x6126, 0x75 },
	{ 0x6127, 0x75 },
	{ 0x6128, 0x75 },
	{ 0x6129, 0x75 },
	{ 0x612A, 0x75 },
	{ 0x612B, 0x75 },
	{ 0x612C, 0x75 },
	{ 0x612D, 0x75 },
	{ 0x612E, 0x75 },
	{ 0x612F, 0x75 },
	{ 0x6130, 0x75 },
	{ 0x6131, 0x75 },
	{ 0x6132, 0x75 },
	{ 0x6133, 0x75 },
	{ 0x6134, 0x75 },
	{ 0x6135, 0x75 },
	{ 0x6136, 0x75 },
	{ 0x6137, 0x75 },
	{ 0x6138, 0x75 },
	{ 0x6139, 0x75 },
	{ 0x613A, 0x75 },
	{ 0x613B, 0x75 },
	{ 0x613C, 0x75 },
	{ 0x613D, 0x75 },
	{ 0x613E, 0x75 },
	{ 0x613F, 0x75 },
	{ 0x6140, 0x75 },
	{ 0x6141, 0x75 },
	{ 0x6142, 0x75 },
	{ 0x6143, 0x75 },
	{ 0x4F04, 0x78 },
	{ 0x380E, 0x05 },
	{ 0x380F, 0x52 },
	{ 0x380C, 0x07 },
	{ 0x380D, 0xCA },
	{ 0x384C, 0x03 },
	{ 0x384D, 0xD0 },
	{ 0x4603, 0x13 },
	{ 0x4610, 0x00 },
	{ 0x4611, 0x80 },
	{ 0x4614, 0x00 },
	{ 0x4615, 0x80 },
	{ 0x420E, 0xEA },
	{ 0x420F, 0xE5 },
	{ 0x4210, 0xC2 },
	{ 0x4211, 0x83 },
	{ 0x507A, 0x1F },
	{ 0x507B, 0x32 },
	{ 0x3506, 0x30 },
	{ 0x35C6, 0x90 },
	{ 0x3586, 0x40 },
	{ 0x0408, 0xE7 },
	{ 0x0409, 0xFF },
	{ 0x040A, 0x2B },
	{ 0x040B, 0x32 },
	{ 0x040C, 0x50 },
	{ 0x040D, 0xB3 },
	{ 0x040E, 0x0C },
	{ 0x0307, 0x01 },
	{ 0x4837, 0x0E },
	{ 0x3DA7, 0x50 },
	{ 0x5B7E, 0x01 },
	{ 0x5B7E, 0x01 },
	{ 0x5B78, 0x00 },
	{ 0x5B79, 0x50 },
	{ 0x5B7A, 0x01 },
	{ 0x5B7B, 0x0E },
	{ 0x5B7C, 0x01 },
	{ 0x5B7D, 0x70 },
	{ 0x5B40, 0x01 },
	{ 0x5B41, 0x9C },
	{ 0x5B42, 0x0F },
	{ 0x5B43, 0x7B },
	{ 0x5B44, 0x0F },
	{ 0x5B45, 0xE9 },
	{ 0x5B46, 0x00 },
	{ 0x5B47, 0x00 },
	{ 0x5B48, 0x01 },
	{ 0x5B49, 0x3E },
	{ 0x5B4A, 0x0F },
	{ 0x5B4B, 0xC1 },
	{ 0x5B4C, 0x00 },
	{ 0x5B4D, 0x07 },
	{ 0x5B4E, 0x0F },
	{ 0x5B4F, 0xAF },
	{ 0x5B50, 0x01 },
	{ 0x5B51, 0x4A },
	{ 0x5B52, 0x01 },
	{ 0x5B53, 0xBF },
	{ 0x5B54, 0x0F },
	{ 0x5B55, 0x62 },
	{ 0x5B56, 0x0F },
	{ 0x5B57, 0xDF },
	{ 0x5B58, 0x00 },
	{ 0x5B59, 0x00 },
	{ 0x5B5A, 0x01 },
	{ 0x5B5B, 0x49 },
	{ 0x5B5C, 0x0F },
	{ 0x5B5D, 0xB8 },
	{ 0x5B5E, 0x00 },
	{ 0x5B5F, 0x05 },
	{ 0x5B60, 0x0F },
	{ 0x5B61, 0xB9 },
	{ 0x5B62, 0x01 },
	{ 0x5B63, 0x42 },
	{ 0x5B64, 0x02 },
	{ 0x5B65, 0x9C },
	{ 0x5B66, 0x0E },
	{ 0x5B67, 0xA2 },
	{ 0x5B68, 0x0F },
	{ 0x5B69, 0xC2 },
	{ 0x5B6A, 0x00 },
	{ 0x5B6B, 0x40 },
	{ 0x5B6C, 0x01 },
	{ 0x5B6D, 0x1A },
	{ 0x5B6E, 0x0F },
	{ 0x5B6F, 0xA6 },
	{ 0x5B70, 0x00 },
	{ 0x5B71, 0x3A },
	{ 0x5B72, 0x0F },
	{ 0x5B73, 0x70 },
	{ 0x5B74, 0x01 },
	{ 0x5B75, 0x57 },
	{ 0x380c, 0x07 },
	{ 0x380d, 0xCA },
	{ 0x384c, 0x05 },
	{ 0x384d, 0xB6 },
	{ 0x388c, 0x00 },
	{ 0x388d, 0x00 },
	{ 0x380e, 0x06 },
	{ 0x380f, 0x1A },
	{ 0x3015, 0x0A },
	{ 0x3009, 0x02 },
	{ 0x3822, 0x24 },
	{ 0x3823, 0x50 },
	{ 0x383E, 0x81 },
	{ 0x3881, 0x34 },
	{ 0x3882, 0x05 },
	{ 0x3883, 0x6d },
	{ 0x388E, 0x01 },
	{ 0x388F, 0x00 },
	{ 0x3892, 0x44 },
	{ 0x3826, 0x00 },
	{ 0x3827, 0xaD },
	{ 0x3836, 0x00 },
	{ 0x3837, 0x02 },
};

/**
 * Date: 2023-06-05
 * Author: Tom
 * Sensor revision: OX08B
 * Input clock frequency: 24mhz
 * Image output size: 3840x2160
 * Image crop size: 3840x2160
 * Pixel data format: DCG_SPD hdr3 pwl14
 * Frame timing and frame rate: 20fps
 * System clock frequency: 69mhz
 * Output interface and data rate: 4lane 1104mbps
 * Embedded data and safety has been validated
 */
static const struct reg_cfg init_cfgs_raw14_20fps_24m[] = {
	// clang-format off
	{ 0x3208, 0x04 },
	{ 0x300A, 0x04 },
	{ 0x4620, 0x04 },
	{ 0x4D56, 0x04 },
	{ 0x3208, 0x14 },
	{ 0x3208, 0x05 },
	{ 0x4620, 0x04 },
	{ 0x3208, 0x15 },
	{ 0x3208, 0x02 },
	{ 0x3507, 0x00 },
	{ 0x3208, 0x12 },
	{ 0x3208, 0xA2 },
	{ 0x0305, 0x5C },
	{ 0x0316, 0x00 },
	{ 0x0317, 0x00 },
	{ 0x0318, 0x00 },
	{ 0x0320, 0x02 },
	{ 0x0321, 0x33 },
	{ 0x0325, 0x95 },
	{ 0x0408, 0xE7 },
	{ 0x0409, 0xFF },
	{ 0x040A, 0x2B },
	{ 0x040B, 0x32 },
	{ 0x040C, 0x28 },
	{ 0x040D, 0x5A },
	{ 0x040E, 0x0C },
	{ 0x3002, 0xF8 },
	{ 0x3012, 0x41 },
	{ 0x2803, 0xFE },
	{ 0x280B, 0x00 },
	{ 0x280C, 0x79 },
	{ 0x3700, 0x19 },
	{ 0x3703, 0x43 },
	{ 0x3705, 0x00 },
	{ 0x3706, 0x37 },
	{ 0x3708, 0x32 },
	{ 0x3709, 0x5E },
	{ 0x370A, 0x00 },
	{ 0x370B, 0x83 },
	{ 0x370E, 0x51 },
	{ 0x3712, 0x12 },
	{ 0x3717, 0x07 },
	{ 0x3718, 0x72 },
	{ 0x3719, 0x31 },
	{ 0x372B, 0x01 },
	{ 0x372C, 0xB0 },
	{ 0x372D, 0x1E },
	{ 0x3730, 0x05 },
	{ 0x3731, 0x43 },
	{ 0x3733, 0x01 },
	{ 0x3738, 0x27 },
	{ 0x3739, 0x27 },
	{ 0x373A, 0x22 },
	{ 0x373B, 0x1A },
	{ 0x373F, 0x21 },
	{ 0x3740, 0x21 },
	{ 0x3741, 0x1B },
	{ 0x3742, 0x16 },
	{ 0x3745, 0x01 },
	{ 0x3747, 0x19 },
	{ 0x3748, 0x19 },
	{ 0x3750, 0x32 },
	{ 0x3755, 0x14 },
	{ 0x3756, 0x04 },
	{ 0x3757, 0x16 },
	{ 0x3759, 0x33 },
	{ 0x375A, 0x00 },
	{ 0x375B, 0x6D },
	{ 0x376C, 0x27 },
	{ 0x3778, 0x20 },
	{ 0x377C, 0x88 },
	{ 0x3797, 0x00 },
	{ 0x3798, 0x00 },
	{ 0x3799, 0x00 },
	{ 0x379C, 0x58 },
	{ 0x379E, 0x00 },
	{ 0x379F, 0x00 },
	{ 0x37A0, 0x00 },
	{ 0x37A1, 0x00 },
	{ 0x37BC, 0x00 },
	{ 0x37C0, 0x01 },
	{ 0x37C4, 0x34 },
	{ 0x37C5, 0x2F },
	{ 0x37C6, 0x2A },
	{ 0x37C7, 0x1E },
	{ 0x37C8, 0x00 },
	{ 0x37C9, 0x09 },
	{ 0x37D0, 0x00 },
	{ 0x37D1, 0x32 },
	{ 0x37D2, 0x00 },
	{ 0x37D3, 0x6C },
	{ 0x37D5, 0x32 },
	{ 0x37D6, 0x00 },
	{ 0x37D7, 0x66 },
	{ 0x37DC, 0x5A },
	{ 0x37DD, 0x57 },
	{ 0x3C03, 0x01 },
	{ 0x3C04, 0x01 },
	{ 0x3C06, 0x21 },
	{ 0x3C08, 0x01 },
	{ 0x3C09, 0x01 },
	{ 0x3C0A, 0x01 },
	{ 0x3C0B, 0x21 },
	{ 0x3C12, 0x40 },
	{ 0x3C13, 0x21 },
	{ 0x3C14, 0x03 },
	{ 0x3C21, 0x00 },
	{ 0x3C22, 0xB3 },
	{ 0x3C2A, 0x11 },
	{ 0x3C39, 0x11 },
	{ 0x3C3A, 0x01 },
	{ 0x3C3C, 0x00 },
	{ 0x3C3D, 0x01 },
	{ 0x3C3E, 0x06 },
	{ 0x3C4E, 0x0F },
	{ 0x3C55, 0x00 },
	{ 0x3C57, 0x23 },
	{ 0x3C58, 0x27 },
	{ 0x3C5A, 0x11 },
	{ 0x3C5F, 0x08 },
	{ 0x3C61, 0x80 },
	{ 0x3C70, 0x62 },
	{ 0x3C74, 0x43 },
	{ 0x3C78, 0x77 },
	{ 0x3CC0, 0x00 },
	{ 0x3CC1, 0x00 },
	{ 0x3CC2, 0x00 },
	{ 0x3CC3, 0x00 },
	{ 0x3CC8, 0x00 },
	{ 0x3CC9, 0x00 },
	{ 0x3CCA, 0x00 },
	{ 0x3CCB, 0x00 },
	{ 0x3CE0, 0x00 },
	{ 0x3CE1, 0x01 },
	{ 0x3CE2, 0x01 },
	{ 0x3CE3, 0xD5 },
	{ 0x3CE8, 0x00 },
	{ 0x3CE9, 0x01 },
	{ 0x3CEA, 0x00 },
	{ 0x3CEB, 0x58 },
	{ 0x320E, 0x00 },
	{ 0x320F, 0x00 },
	{ 0x3211, 0x61 },
	{ 0x3215, 0xCF },
	{ 0x3219, 0x08 },
	{ 0x3400, 0x08 },
	{ 0x3408, 0x01 },
	{ 0x3506, 0x30 },
	{ 0x3586, 0x50 },
	{ 0x3588, 0x01 },
	{ 0x3589, 0x50 },
	{ 0x358B, 0x04 },
	{ 0x3541, 0x00 },
	{ 0x3542, 0x04 },
	{ 0x3546, 0x10 },
	{ 0x3548, 0x01 },
	{ 0x3549, 0x00 },
	{ 0x35C2, 0x00 },
	{ 0x35C6, 0x90 },
	{ 0x35C8, 0x01 },
	{ 0x35C9, 0x50 },
	{ 0x35CB, 0x04 },
	{ 0x3600, 0x8F },
	{ 0x3603, 0x40 },
	{ 0x3606, 0x00 },
	{ 0x3607, 0x02 },
	{ 0x3609, 0xE0 },
	{ 0x360A, 0x01 },
	{ 0x360E, 0x1D },
	{ 0x3611, 0x47 },
	{ 0x3616, 0x8A },
	{ 0x361B, 0x5C },
	{ 0x361E, 0xDC },
	{ 0x361F, 0xCA },
	{ 0x3657, 0x0A },
	{ 0x3659, 0x0A },
	{ 0x365A, 0x0F },
	{ 0x3674, 0x08 },
	{ 0x3677, 0x47 },
	{ 0x3678, 0x47 },
	{ 0x3802, 0x00 },
	{ 0x3803, 0x04 },
	{ 0x3806, 0x08 },
	{ 0x3807, 0x7B },
	{ 0x3808, 0x0F },
	{ 0x3809, 0x00 },
	{ 0x380A, 0x08 },
	{ 0x380B, 0x70 },
	{ 0x380C, 0x03 },
	{ 0x380D, 0xF5 },
	{ 0x380E, 0x04 },
	{ 0x380F, 0x68 },
	{ 0x3810, 0x00 },
	{ 0x3811, 0x08 },
	{ 0x3812, 0x00 },
	{ 0x3813, 0x04 },
	{ 0x3816, 0x01 },
	{ 0x3817, 0x01 },
	{ 0x381C, 0x18 },
	{ 0x381E, 0x01 },
	{ 0x381F, 0x01 },
	{ 0x3820, 0x20 },
	{ 0x3821, 0x11 },
	{ 0x3832, 0x00 },
	{ 0x3834, 0x00 },
	{ 0x384C, 0x03 },
	{ 0x384D, 0xDC },
	{ 0x3850, 0x00 },
	{ 0x3851, 0x42 },
	{ 0x3852, 0x00 },
	{ 0x3853, 0x40 },
	{ 0x3858, 0x04 },
	{ 0x388C, 0x01 },
	{ 0x388D, 0xE7 },
	{ 0x3B40, 0x05 },
	{ 0x3B41, 0x40 },
	{ 0x3B42, 0x00 },
	{ 0x3B43, 0x90 },
	{ 0x3B44, 0x00 },
	{ 0x3B45, 0x20 },
	{ 0x3B46, 0x00 },
	{ 0x3B47, 0x20 },
	{ 0x3B48, 0x1A },
	{ 0x3B49, 0x13 },
	{ 0x3B4A, 0x17 },
	{ 0x3B4B, 0x2F },
	{ 0x3B4C, 0x03 },
	{ 0x3B4D, 0x90 },
	{ 0x3B8A, 0x08 },
	{ 0x3B8B, 0x70 },
	{ 0x3B8C, 0x0F },
	{ 0x3B8D, 0x00 },
	{ 0x3B92, 0x08 },
	{ 0x3B93, 0x70 },
	{ 0x3B94, 0x0F },
	{ 0x3B95, 0x00 },
	{ 0x3B9E, 0x09 },
	{ 0x3D8A, 0x03 },
	{ 0x3D8B, 0xFF },
	{ 0x3DA4, 0x00 },
	{ 0x420E, 0x52 },
	{ 0x420F, 0xCF },
	{ 0x4210, 0xA2 },
	{ 0x4211, 0xA8 },
	{ 0x421E, 0x02 },
	{ 0x421F, 0x55 },
	{ 0x4220, 0xE1 },
	{ 0x4221, 0x07 },
	{ 0x4301, 0x0F },
	{ 0x4307, 0x02 },
	{ 0x4308, 0x13 },
	{ 0x4309, 0x00 },
	{ 0x430A, 0x13 },
	{ 0x430D, 0x93 },
	{ 0x430F, 0x57 },
	{ 0x4310, 0x95 },
	{ 0x4311, 0x16 },
	{ 0x4316, 0x20 },
	{ 0x4317, 0x38 },
	{ 0x4319, 0x01 },
	{ 0x431A, 0x00 },
	{ 0x431B, 0x00 },
	{ 0x431C, 0x2F },
	{ 0x431D, 0x6F },
	{ 0x431E, 0x11 },
	{ 0x431F, 0x28 },
	{ 0x4320, 0x3B },
	{ 0x4323, 0x80 },
	{ 0x4324, 0x00 },
	{ 0x4503, 0x0E },
	{ 0x4505, 0x08 },
	{ 0x4508, 0x04 },
	{ 0x4509, 0x08 },
	{ 0x450A, 0x08 },
	{ 0x4583, 0x07 },
	{ 0x4584, 0x6A },
	{ 0x4585, 0x08 },
	{ 0x4586, 0x05 },
	{ 0x4587, 0x04 },
	{ 0x4588, 0x73 },
	{ 0x4589, 0x05 },
	{ 0x458A, 0x1F },
	{ 0x458B, 0x02 },
	{ 0x458C, 0xDC },
	{ 0x458D, 0x03 },
	{ 0x458E, 0x02 },
	{ 0x4597, 0x07 },
	{ 0x4598, 0x40 },
	{ 0x4599, 0x0D },
	{ 0x459A, 0x0D },
	{ 0x459B, 0xF4 },
	{ 0x459C, 0xF3 },
	{ 0x4602, 0x00 },
	{ 0x4603, 0x13 },
	{ 0x4604, 0x00 },
	{ 0x4606, 0x06 },
	{ 0x4607, 0x06 },
	{ 0x460A, 0x30 },
	{ 0x4610, 0x00 },
	{ 0x4611, 0xE0 },
	{ 0x4612, 0x01 },
	{ 0x4613, 0x00 },
	{ 0x4614, 0x00 },
	{ 0x4615, 0xC8 },
	{ 0x4616, 0x01 },
	{ 0x4617, 0x00 },
	{ 0x4700, 0xE0 },
	{ 0x4702, 0x00 },
	{ 0x4800, 0x04 },
	{ 0x4808, 0x07 },
	{ 0x480A, 0x22 },
	{ 0x4813, 0xE4 },
	{ 0x4814, 0x2A },
	{ 0x4837, 0x07 },
	{ 0x484B, 0x47 },
	{ 0x484F, 0x00 },
	{ 0x4850, 0x47 },
	{ 0x4853, 0x04 },
	{ 0x4855, 0x09 },
	{ 0x4D30, 0x0A },
	{ 0x4D31, 0x00 },
	{ 0x4D5A, 0x1C },
	{ 0x4F00, 0x22 },
	{ 0x4F01, 0x59 },
	{ 0x4F02, 0x5A },
	{ 0x4F03, 0x0C },
	{ 0x6A00, 0x00 },
	{ 0x6A01, 0x20 },
	{ 0x6A02, 0x00 },
	{ 0x6A03, 0x20 },
	{ 0x6A04, 0x02 },
	{ 0x6A05, 0x80 },
	{ 0x6A06, 0x01 },
	{ 0x6A07, 0xE0 },
	{ 0x6A08, 0xCF },
	{ 0x6A09, 0x01 },
	{ 0x6A0A, 0x40 },
	{ 0x6A20, 0x00 },
	{ 0x6A21, 0x04 },
	{ 0x6A22, 0x00 },
	{ 0x6A23, 0x00 },
	{ 0x6A24, 0x00 },
	{ 0x6A25, 0x00 },
	{ 0x6A26, 0x00 },
	{ 0x6A27, 0x00 },
	{ 0x6A28, 0x00 },
	{ 0x5AEF, 0xD9 },
	{ 0x5AF1, 0xF0 },
	{ 0x5AF3, 0x03 },
	{ 0x5B40, 0x01 },
	{ 0x5B41, 0x9C },
	{ 0x5B42, 0x0F },
	{ 0x5B43, 0x7B },
	{ 0x5B44, 0x0F },
	{ 0x5B45, 0xE9 },
	{ 0x5B46, 0x00 },
	{ 0x5B47, 0x00 },
	{ 0x5B48, 0x01 },
	{ 0x5B49, 0x3E },
	{ 0x5B4A, 0x0F },
	{ 0x5B4B, 0xC1 },
	{ 0x5B4C, 0x00 },
	{ 0x5B4D, 0x07 },
	{ 0x5B4E, 0x0F },
	{ 0x5B4F, 0xAF },
	{ 0x5B50, 0x01 },
	{ 0x5B51, 0x4A },
	{ 0x5B52, 0x01 },
	{ 0x5B53, 0xBF },
	{ 0x5B54, 0x0F },
	{ 0x5B55, 0x62 },
	{ 0x5B56, 0x0F },
	{ 0x5B57, 0xDF },
	{ 0x5B58, 0x00 },
	{ 0x5B59, 0x00 },
	{ 0x5B5A, 0x01 },
	{ 0x5B5B, 0x49 },
	{ 0x5B5C, 0x0F },
	{ 0x5B5D, 0xB8 },
	{ 0x5B5E, 0x00 },
	{ 0x5B5F, 0x05 },
	{ 0x5B60, 0x0F },
	{ 0x5B61, 0xB9 },
	{ 0x5B62, 0x01 },
	{ 0x5B63, 0x42 },
	{ 0x5B64, 0x02 },
	{ 0x5B65, 0x9C },
	{ 0x5B66, 0x0E },
	{ 0x5B67, 0xA2 },
	{ 0x5B68, 0x0F },
	{ 0x5B69, 0xC2 },
	{ 0x5B6A, 0x00 },
	{ 0x5B6B, 0x40 },
	{ 0x5B6C, 0x01 },
	{ 0x5B6D, 0x1A },
	{ 0x5B6E, 0x0F },
	{ 0x5B6F, 0xA6 },
	{ 0x5B70, 0x00 },
	{ 0x5B71, 0x3A },
	{ 0x5B72, 0x0F },
	{ 0x5B73, 0x70 },
	{ 0x5B74, 0x01 },
	{ 0x5B75, 0x57 },
	{ 0x5B78, 0x00 },
	{ 0x5B79, 0x50 },
	{ 0x5B7A, 0x01 },
	{ 0x5B7B, 0x0E },
	{ 0x5B7C, 0x01 },
	{ 0x5B7D, 0x70 },
	{ 0x5B7E, 0x01 },
	{ 0x5200, 0x04 },
	{ 0x5201, 0x04 },
	{ 0x5202, 0x04 },
	{ 0x5203, 0x04 },
	{ 0x5400, 0x04 },
	{ 0x5401, 0x04 },
	{ 0x5402, 0x04 },
	{ 0x5403, 0x04 },
	{ 0x5600, 0x04 },
	{ 0x5601, 0x04 },
	{ 0x5602, 0x04 },
	{ 0x5603, 0x04 },
	{ 0x5800, 0x04 },
	{ 0x5801, 0x04 },
	{ 0x5802, 0x04 },
	{ 0x5803, 0x04 },
	{ 0x5B80, 0x08 },
	{ 0x5B8A, 0x80 },
	{ 0x5B8B, 0x80 },
	{ 0x5B8C, 0x80 },
	{ 0x5B8D, 0x80 },
	{ 0x5B8E, 0x40 },
	{ 0x5B8F, 0x80 },
	{ 0x5B90, 0x80 },
	{ 0x5B91, 0x80 },
	{ 0x5B92, 0x60 },
	{ 0x5B93, 0x10 },
	{ 0x5B94, 0x80 },
	{ 0x5B95, 0x80 },
	{ 0x5B96, 0x80 },
	{ 0x5B97, 0x20 },
	{ 0x5B98, 0x00 },
	{ 0x5B99, 0x80 },
	{ 0x5B9A, 0x40 },
	{ 0x5B9B, 0x20 },
	{ 0x5B9C, 0x00 },
	{ 0x5B9D, 0x00 },
	{ 0x5B9E, 0x80 },
	{ 0x5B9F, 0x00 },
	{ 0x5BA0, 0x00 },
	{ 0x5BA1, 0x00 },
	{ 0x5BA2, 0x00 },
	{ 0x5BA3, 0x00 },
	{ 0x5BA4, 0x00 },
	{ 0x5BA5, 0x00 },
	{ 0x5BA6, 0x00 },
	{ 0x5BA7, 0x00 },
	{ 0x5BA8, 0x02 },
	{ 0x5BA9, 0x00 },
	{ 0x5BAA, 0x02 },
	{ 0x5BAB, 0x76 },
	{ 0x5BAC, 0x03 },
	{ 0x5BAD, 0x08 },
	{ 0x5BAE, 0x00 },
	{ 0x5BAF, 0x80 },
	{ 0x5BB0, 0x01 },
	{ 0x5BB1, 0x00 },
	{ 0x5BB2, 0x02 },
	{ 0x5BB3, 0x00 },
	{ 0x5BBE, 0x12 },
	{ 0x5C00, 0x08 },
	{ 0x5C0A, 0x80 },
	{ 0x5C0B, 0x80 },
	{ 0x5C0C, 0x80 },
	{ 0x5C0D, 0x80 },
	{ 0x5C0E, 0x40 },
	{ 0x5C0F, 0x80 },
	{ 0x5C10, 0x80 },
	{ 0x5C11, 0x80 },
	{ 0x5C12, 0x60 },
	{ 0x5C13, 0x10 },
	{ 0x5C14, 0x80 },
	{ 0x5C15, 0x80 },
	{ 0x5C16, 0x80 },
	{ 0x5C17, 0x20 },
	{ 0x5C18, 0x00 },
	{ 0x5C19, 0x80 },
	{ 0x5C1A, 0x40 },
	{ 0x5C1B, 0x20 },
	{ 0x5C1C, 0x00 },
	{ 0x5C1D, 0x00 },
	{ 0x5C1E, 0x80 },
	{ 0x5C1F, 0x00 },
	{ 0x5C20, 0x00 },
	{ 0x5C21, 0x00 },
	{ 0x5C22, 0x00 },
	{ 0x5C23, 0x00 },
	{ 0x5C24, 0x00 },
	{ 0x5C25, 0x00 },
	{ 0x5C26, 0x00 },
	{ 0x5C27, 0x00 },
	{ 0x5C28, 0x02 },
	{ 0x5C29, 0x00 },
	{ 0x5C2A, 0x02 },
	{ 0x5C2B, 0x76 },
	{ 0x5C2C, 0x03 },
	{ 0x5C2D, 0x08 },
	{ 0x5C2E, 0x00 },
	{ 0x5C2F, 0x80 },
	{ 0x5C30, 0x01 },
	{ 0x5C31, 0x00 },
	{ 0x5C32, 0x02 },
	{ 0x5C33, 0x00 },
	{ 0x5C3E, 0x12 },
	{ 0x5C80, 0x00 },
	{ 0x5C8A, 0x80 },
	{ 0x5C8B, 0x80 },
	{ 0x5C8C, 0x80 },
	{ 0x5C8D, 0x80 },
	{ 0x5C8E, 0x80 },
	{ 0x5C8F, 0x80 },
	{ 0x5C90, 0x80 },
	{ 0x5C91, 0x80 },
	{ 0x5C92, 0x80 },
	{ 0x5C93, 0x60 },
	{ 0x5C94, 0x80 },
	{ 0x5C95, 0x80 },
	{ 0x5C96, 0x80 },
	{ 0x5C97, 0x60 },
	{ 0x5C98, 0x40 },
	{ 0x5C99, 0x80 },
	{ 0x5C9A, 0x80 },
	{ 0x5C9B, 0x80 },
	{ 0x5C9C, 0x40 },
	{ 0x5C9D, 0x00 },
	{ 0x5C9E, 0x80 },
	{ 0x5C9F, 0x80 },
	{ 0x5CA0, 0x80 },
	{ 0x5CA1, 0x20 },
	{ 0x5CA2, 0x00 },
	{ 0x5CA3, 0x80 },
	{ 0x5CA4, 0x80 },
	{ 0x5CA5, 0x80 },
	{ 0x5CA6, 0x00 },
	{ 0x5CA7, 0x00 },
	{ 0x5CA8, 0x01 },
	{ 0x5CA9, 0x00 },
	{ 0x5CAA, 0x02 },
	{ 0x5CAB, 0x00 },
	{ 0x5CAC, 0x03 },
	{ 0x5CAD, 0x08 },
	{ 0x5CAE, 0x01 },
	{ 0x5CAF, 0x00 },
	{ 0x5CB0, 0x02 },
	{ 0x5CB1, 0x00 },
	{ 0x5CB2, 0x03 },
	{ 0x5CB3, 0x08 },
	{ 0x5CBE, 0x12 },
	{ 0x5CC6, 0x00 },
	{ 0x5CC7, 0x00 },
	{ 0x5CC8, 0x80 },
	{ 0x5CD2, 0x60 },
	{ 0x5CD5, 0x80 },
	{ 0x5CD6, 0x60 },
	{ 0x5CD9, 0x80 },
	{ 0x5CDA, 0x80 },
	{ 0x5CDB, 0x40 },
	{ 0x5CDD, 0x80 },
	{ 0x5CDE, 0x80 },
	{ 0x5CDF, 0x80 },
	{ 0x5CE2, 0x80 },
	{ 0x5CE3, 0x80 },
	{ 0x5CE4, 0x80 },
	{ 0x5CE7, 0x86 },
	{ 0x6006, 0x00 },
	{ 0x6007, 0x04 },
	{ 0x6008, 0x08 },
	{ 0x6009, 0x72 },
	{ 0x600A, 0x00 },
	{ 0x600B, 0x08 },
	{ 0x600C, 0x0F },
	{ 0x600D, 0x08 },
	{ 0x6016, 0x00 },
	{ 0x6026, 0x00 },
	{ 0x6027, 0x04 },
	{ 0x6028, 0x08 },
	{ 0x6029, 0x72 },
	{ 0x602A, 0x00 },
	{ 0x602B, 0x08 },
	{ 0x602C, 0x0F },
	{ 0x602D, 0x08 },
	{ 0x6046, 0x00 },
	{ 0x6047, 0x04 },
	{ 0x6048, 0x08 },
	{ 0x6049, 0x72 },
	{ 0x604A, 0x00 },
	{ 0x604B, 0x08 },
	{ 0x604C, 0x0F },
	{ 0x604D, 0x08 },
	{ 0x6066, 0x00 },
	{ 0x6067, 0x04 },
	{ 0x6068, 0x08 },
	{ 0x6069, 0x72 },
	{ 0x606A, 0x00 },
	{ 0x606B, 0x08 },
	{ 0x606C, 0x0F },
	{ 0x606D, 0x08 },
	{ 0x6086, 0x00 },
	{ 0x6087, 0x04 },
	{ 0x6088, 0x08 },
	{ 0x6089, 0x72 },
	{ 0x608A, 0x00 },
	{ 0x608B, 0x08 },
	{ 0x608C, 0x0F },
	{ 0x608D, 0x08 },
	{ 0x52C3, 0x00 },
	{ 0x52C4, 0x00 },
	{ 0x52C6, 0x01 },
	{ 0x52C7, 0x23 },
	{ 0x52C9, 0x02 },
	{ 0x52CA, 0x01 },
	{ 0x52CB, 0x01 },
	{ 0x52CD, 0x02 },
	{ 0x52CE, 0x01 },
	{ 0x52CF, 0x01 },
	{ 0x54C3, 0x00 },
	{ 0x54C4, 0x00 },
	{ 0x54C6, 0x01 },
	{ 0x54C7, 0x23 },
	{ 0x54C9, 0x02 },
	{ 0x54CA, 0x01 },
	{ 0x54CB, 0x01 },
	{ 0x54CD, 0x02 },
	{ 0x54CE, 0x01 },
	{ 0x54CF, 0x01 },
	{ 0x56C3, 0x00 },
	{ 0x56C4, 0x00 },
	{ 0x56C6, 0x01 },
	{ 0x56C7, 0x23 },
	{ 0x56C9, 0x02 },
	{ 0x56CA, 0x01 },
	{ 0x56CB, 0x01 },
	{ 0x56CD, 0x02 },
	{ 0x56CE, 0x01 },
	{ 0x56CF, 0x01 },
	{ 0x58C3, 0x00 },
	{ 0x58C4, 0x00 },
	{ 0x58C6, 0x01 },
	{ 0x58C7, 0x23 },
	{ 0x58C9, 0x02 },
	{ 0x58CA, 0x01 },
	{ 0x58CB, 0x01 },
	{ 0x58CD, 0x02 },
	{ 0x58CE, 0x01 },
	{ 0x58CF, 0x01 },
	{ 0x5E00, 0x01 },
	{ 0x5E01, 0x09 },
	{ 0x5E02, 0x00 },
	{ 0x5E03, 0x09 },
	{ 0x5E04, 0x0A },
	{ 0x5E05, 0x0B },
	{ 0x5E06, 0x0C },
	{ 0x5E07, 0x0C },
	{ 0x5E08, 0x0C },
	{ 0x5E09, 0x0C },
	{ 0x5E0A, 0x0C },
	{ 0x5E0B, 0x0D },
	{ 0x5E0C, 0x0D },
	{ 0x5E0D, 0x0D },
	{ 0x5E0E, 0x0D },
	{ 0x5E0F, 0x0D },
	{ 0x5E10, 0x0D },
	{ 0x5E11, 0x0D },
	{ 0x5E12, 0x0E },
	{ 0x5E13, 0x0E },
	{ 0x5E14, 0x0E },
	{ 0x5E15, 0x0E },
	{ 0x5E16, 0x0E },
	{ 0x5E17, 0x0E },
	{ 0x5E18, 0x0E },
	{ 0x5E19, 0x10 },
	{ 0x5E1A, 0x11 },
	{ 0x5E1B, 0x11 },
	{ 0x5E1C, 0x12 },
	{ 0x5E1D, 0x12 },
	{ 0x5E1E, 0x14 },
	{ 0x5E1F, 0x15 },
	{ 0x5E20, 0x16 },
	{ 0x5E21, 0x17 },
	{ 0x5E22, 0x00 },
	{ 0x5E23, 0x02 },
	{ 0x5E26, 0x00 },
	{ 0x5E27, 0x00 },
	{ 0x5E29, 0x00 },
	{ 0x5E2A, 0xFF },
	{ 0x5E2C, 0x01 },
	{ 0x5E2D, 0x00 },
	{ 0x5E2F, 0x01 },
	{ 0x5E30, 0x00 },
	{ 0x5E32, 0x01 },
	{ 0x5E33, 0x00 },
	{ 0x5E34, 0x00 },
	{ 0x5E35, 0x01 },
	{ 0x5E36, 0x00 },
	{ 0x5E37, 0x00 },
	{ 0x5E38, 0x01 },
	{ 0x5E39, 0x00 },
	{ 0x5E3A, 0x00 },
	{ 0x5E3B, 0x01 },
	{ 0x5E3C, 0x00 },
	{ 0x5E3D, 0x00 },
	{ 0x5E3E, 0x01 },
	{ 0x5E3F, 0x00 },
	{ 0x5E40, 0x00 },
	{ 0x5E41, 0x01 },
	{ 0x5E42, 0x80 },
	{ 0x5E43, 0x00 },
	{ 0x5E44, 0x01 },
	{ 0x5E45, 0x80 },
	{ 0x5E46, 0x00 },
	{ 0x5E47, 0x01 },
	{ 0x5E48, 0x80 },
	{ 0x5E49, 0x00 },
	{ 0x5E4A, 0x01 },
	{ 0x5E4B, 0x80 },
	{ 0x5E4C, 0x00 },
	{ 0x5E4D, 0x01 },
	{ 0x5E4E, 0x80 },
	{ 0x5E50, 0x01 },
	{ 0x5E51, 0x80 },
	{ 0x5E53, 0x01 },
	{ 0x5E54, 0x80 },
	{ 0x5E56, 0x02 },
	{ 0x5E57, 0x00 },
	{ 0x5E59, 0x02 },
	{ 0x5E5A, 0x00 },
	{ 0x5E5C, 0x02 },
	{ 0x5E5D, 0x00 },
	{ 0x5E5F, 0x02 },
	{ 0x5E60, 0x00 },
	{ 0x5E62, 0x02 },
	{ 0x5E63, 0x00 },
	{ 0x5E65, 0x02 },
	{ 0x5E66, 0x00 },
	{ 0x5E68, 0x02 },
	{ 0x5E69, 0x00 },
	{ 0x5E6B, 0x05 },
	{ 0x5E6C, 0x80 },
	{ 0x5E6E, 0x08 },
	{ 0x5E6F, 0x00 },
	{ 0x5E71, 0x06 },
	{ 0x5E72, 0x00 },
	{ 0x5E74, 0x06 },
	{ 0x5E75, 0x00 },
	{ 0x5E77, 0x04 },
	{ 0x5E78, 0x00 },
	{ 0x5E7A, 0x00 },
	{ 0x5E7B, 0x00 },
	{ 0x5E7D, 0x00 },
	{ 0x5E7E, 0x00 },
	{ 0x5E80, 0x00 },
	{ 0x5E81, 0x00 },
	{ 0x5E83, 0x00 },
	{ 0x5E84, 0x00 },
	{ 0x5F00, 0x02 },
	{ 0x5F01, 0x08 },
	{ 0x5F02, 0x09 },
	{ 0x5F03, 0x0A },
	{ 0x5F04, 0x0B },
	{ 0x5F05, 0x0C },
	{ 0x5F06, 0x0C },
	{ 0x5F07, 0x0C },
	{ 0x5F08, 0x0C },
	{ 0x5F09, 0x0C },
	{ 0x5F0A, 0x0D },
	{ 0x5F0B, 0x0D },
	{ 0x5F0C, 0x0D },
	{ 0x5F0D, 0x0D },
	{ 0x5F0E, 0x0D },
	{ 0x5F0F, 0x0E },
	{ 0x5F10, 0x0E },
	{ 0x5F11, 0x0E },
	{ 0x5F12, 0x0E },
	{ 0x5F13, 0x0F },
	{ 0x5F14, 0x0F },
	{ 0x5F15, 0x10 },
	{ 0x5F16, 0x11 },
	{ 0x5F17, 0x11 },
	{ 0x5F18, 0x12 },
	{ 0x5F19, 0x12 },
	{ 0x5F1A, 0x13 },
	{ 0x5F1B, 0x13 },
	{ 0x5F1C, 0x14 },
	{ 0x5F1D, 0x14 },
	{ 0x5F1E, 0x16 },
	{ 0x5F1F, 0x16 },
	{ 0x5F20, 0x16 },
	{ 0x5F21, 0x08 },
	{ 0x5F22, 0x00 },
	{ 0x5F23, 0x01 },
	{ 0x5F26, 0x02 },
	{ 0x5F27, 0x00 },
	{ 0x5F29, 0x02 },
	{ 0x5F2A, 0x00 },
	{ 0x5F2C, 0x02 },
	{ 0x5F2D, 0x00 },
	{ 0x5F2F, 0x02 },
	{ 0x5F30, 0x00 },
	{ 0x5F32, 0x02 },
	{ 0x5F33, 0x00 },
	{ 0x5F34, 0x00 },
	{ 0x5F35, 0x02 },
	{ 0x5F36, 0x00 },
	{ 0x5F37, 0x00 },
	{ 0x5F38, 0x02 },
	{ 0x5F39, 0x00 },
	{ 0x5F3A, 0x00 },
	{ 0x5F3B, 0x02 },
	{ 0x5F3C, 0x00 },
	{ 0x5F3D, 0x00 },
	{ 0x5F3E, 0x02 },
	{ 0x5F3F, 0x00 },
	{ 0x5F40, 0x00 },
	{ 0x5F41, 0x02 },
	{ 0x5F42, 0x00 },
	{ 0x5F43, 0x00 },
	{ 0x5F44, 0x02 },
	{ 0x5F45, 0x00 },
	{ 0x5F46, 0x00 },
	{ 0x5F47, 0x04 },
	{ 0x5F48, 0x00 },
	{ 0x5F49, 0x00 },
	{ 0x5F4A, 0x04 },
	{ 0x5F4B, 0x00 },
	{ 0x5F4C, 0x00 },
	{ 0x5F4D, 0x04 },
	{ 0x5F4E, 0x00 },
	{ 0x5F50, 0x04 },
	{ 0x5F51, 0x00 },
	{ 0x5F53, 0x04 },
	{ 0x5F54, 0x00 },
	{ 0x5F56, 0x04 },
	{ 0x5F57, 0x00 },
	{ 0x5F59, 0x04 },
	{ 0x5F5A, 0x00 },
	{ 0x5F5C, 0x04 },
	{ 0x5F5D, 0x00 },
	{ 0x5F5F, 0x08 },
	{ 0x5F60, 0x00 },
	{ 0x5F62, 0x08 },
	{ 0x5F63, 0x00 },
	{ 0x5F65, 0x08 },
	{ 0x5F66, 0x00 },
	{ 0x5F68, 0x08 },
	{ 0x5F69, 0x00 },
	{ 0x5F6B, 0x08 },
	{ 0x5F6C, 0x00 },
	{ 0x5F6E, 0x10 },
	{ 0x5F6F, 0x00 },
	{ 0x5F71, 0x10 },
	{ 0x5F72, 0x00 },
	{ 0x5F74, 0x10 },
	{ 0x5F75, 0x00 },
	{ 0x5F77, 0x10 },
	{ 0x5F78, 0x00 },
	{ 0x5F7A, 0x20 },
	{ 0x5F7B, 0x00 },
	{ 0x5F7D, 0x20 },
	{ 0x5F7E, 0x00 },
	{ 0x5F80, 0x20 },
	{ 0x5F81, 0x00 },
	{ 0x5F83, 0x00 },
	{ 0x5F84, 0xFF },
	{ 0x5240, 0x0F },
	{ 0x5241, 0x00 },
	{ 0x5242, 0x00 },
	{ 0x5243, 0x00 },
	{ 0x5244, 0x00 },
	{ 0x5245, 0x00 },
	{ 0x5246, 0x00 },
	{ 0x5247, 0x00 },
	{ 0x5248, 0x00 },
	{ 0x5249, 0x00 },
	{ 0x5440, 0x0F },
	{ 0x5441, 0x00 },
	{ 0x5442, 0x00 },
	{ 0x5443, 0x00 },
	{ 0x5444, 0x00 },
	{ 0x5445, 0x00 },
	{ 0x5446, 0x00 },
	{ 0x5447, 0x00 },
	{ 0x5448, 0x00 },
	{ 0x5449, 0x00 },
	{ 0x5640, 0x0F },
	{ 0x5641, 0x00 },
	{ 0x5642, 0x00 },
	{ 0x5643, 0x00 },
	{ 0x5644, 0x00 },
	{ 0x5645, 0x00 },
	{ 0x5646, 0x00 },
	{ 0x5647, 0x00 },
	{ 0x5648, 0x00 },
	{ 0x5649, 0x00 },
	{ 0x5840, 0x0F },
	{ 0x5841, 0x00 },
	{ 0x5842, 0x00 },
	{ 0x5843, 0x00 },
	{ 0x5844, 0x00 },
	{ 0x5845, 0x00 },
	{ 0x5846, 0x00 },
	{ 0x5847, 0x00 },
	{ 0x5848, 0x00 },
	{ 0x5849, 0x00 },
	{ 0x5DC0, 0x04 },
	{ 0x5DC1, 0x04 },
	{ 0x5DC2, 0x04 },
	{ 0x5DC3, 0x04 },
	{ 0x5DE0, 0x04 },
	{ 0x5DE1, 0x04 },
	{ 0x5DE2, 0x04 },
	{ 0x5DE3, 0x04 },
	{ 0x5000, 0x87 },
	{ 0x5001, 0x75 },
	{ 0x5002, 0x7F },
	{ 0x5003, 0x7A },
	{ 0x5004, 0x1E },
	{ 0x5005, 0x1E },
	{ 0x5006, 0x1E },
	{ 0x5007, 0x10 },
	{ 0x5008, 0x00 },
	{ 0x500A, 0x3F },
	{ 0x500C, 0x00 },
	{ 0x502A, 0x10 },
	{ 0x502C, 0x00 },
	{ 0x504B, 0x00 },
	{ 0x5053, 0x00 },
	{ 0x505B, 0x00 },
	{ 0x5063, 0x00 },
	{ 0x5070, 0x00 },
	{ 0x5074, 0x04 },
	{ 0x4000, 0x78 },
	{ 0x4001, 0x2B },
	{ 0x4008, 0x01 },
	{ 0x400B, 0x02 },
	{ 0x400E, 0x02 },
	{ 0x400F, 0x80 },
	{ 0x4012, 0x30 },
	{ 0x4013, 0x01 },
	{ 0x4018, 0x12 },
	{ 0x401E, 0x00 },
	{ 0x401F, 0x02 },
	{ 0x4021, 0x05 },
	{ 0x4022, 0x40 },
	{ 0x4023, 0x20 },
	{ 0x4026, 0x00 },
	{ 0x4027, 0x40 },
	{ 0x4028, 0x00 },
	{ 0x4029, 0x40 },
	{ 0x402A, 0x00 },
	{ 0x402B, 0x40 },
	{ 0x402C, 0x00 },
	{ 0x402D, 0x40 },
	{ 0x407E, 0xCC },
	{ 0x407F, 0x1A },
	{ 0x4082, 0x01 },
	{ 0x4083, 0x18 },
	{ 0x4084, 0x01 },
	{ 0x4085, 0x18 },
	{ 0x4086, 0x00 },
	{ 0x4087, 0xA0 },
	{ 0x4640, 0x41 },
	{ 0x4641, 0x11 },
	{ 0x4642, 0x0E },
	{ 0x4643, 0xEE },
	{ 0x4646, 0x0F },
	{ 0x4648, 0x00 },
	{ 0x4649, 0x03 },
	{ 0x5D09, 0x6B },
	{ 0x5D0B, 0x6B },
	{ 0x5D19, 0x6B },
	{ 0x5D40, 0x02 },
	{ 0x5D42, 0x02 },
	{ 0x5D43, 0x85 },
	{ 0x5D44, 0x1B },
	{ 0x5D45, 0xDD },
	{ 0x5D46, 0x02 },
	{ 0x5D47, 0x85 },
	{ 0x5D48, 0x1B },
	{ 0x5D49, 0xDD },
	{ 0x5D4A, 0x02 },
	{ 0x5D4B, 0x40 },
	{ 0x5D4C, 0x02 },
	{ 0x5D4D, 0x40 },
	{ 0x5D4E, 0x02 },
	{ 0x5D4F, 0x40 },
	{ 0x5D50, 0x18 },
	{ 0x5D51, 0x80 },
	{ 0x5D52, 0x18 },
	{ 0x5D53, 0x80 },
	{ 0x5D54, 0x18 },
	{ 0x5D55, 0x80 },
	{ 0x5D57, 0x10 },
	{ 0x5D59, 0x20 },
	{ 0x5D5C, 0x02 },
	{ 0x5D5D, 0x40 },
	{ 0x5D5E, 0x02 },
	{ 0x5D5F, 0x40 },
	{ 0x5D60, 0x03 },
	{ 0x5D61, 0x40 },
	{ 0x5D62, 0x07 },
	{ 0x5D63, 0x28 },
	{ 0x5D65, 0xFF },
	{ 0x6102, 0x1F },
	{ 0x610A, 0x0F },
	{ 0x610B, 0x20 },
	{ 0x610C, 0x08 },
	{ 0x610D, 0x80 },
	{ 0x6144, 0x75 },
	{ 0x6145, 0x75 },
	{ 0x6146, 0x75 },
	{ 0x6147, 0x75 },
	{ 0x6148, 0x75 },
	{ 0x6149, 0x75 },
	{ 0x614A, 0x75 },
	{ 0x614B, 0x75 },
	{ 0x614C, 0x75 },
	{ 0x614D, 0x75 },
	{ 0x614E, 0x75 },
	{ 0x614F, 0x75 },
	{ 0x6150, 0x75 },
	{ 0x6151, 0x75 },
	{ 0x6152, 0x75 },
	{ 0x6153, 0x75 },
	{ 0x6154, 0x75 },
	{ 0x6155, 0x75 },
	{ 0x6156, 0x75 },
	{ 0x6157, 0x75 },
	{ 0x6158, 0x75 },
	{ 0x6159, 0x75 },
	{ 0x615A, 0x75 },
	{ 0x615B, 0x75 },
	{ 0x615C, 0x75 },
	{ 0x615D, 0x75 },
	{ 0x615E, 0x75 },
	{ 0x615F, 0x75 },
	{ 0x6160, 0x75 },
	{ 0x6161, 0x75 },
	{ 0x6162, 0x75 },
	{ 0x6163, 0x75 },
	{ 0x6164, 0x75 },
	{ 0x6165, 0x75 },
	{ 0x6166, 0x75 },
	{ 0x6167, 0x75 },
	{ 0x6168, 0x75 },
	{ 0x6169, 0x75 },
	{ 0x616A, 0x75 },
	{ 0x616B, 0x75 },
	{ 0x616C, 0x75 },
	{ 0x616D, 0x75 },
	{ 0x616E, 0x75 },
	{ 0x616F, 0x75 },
	{ 0x6170, 0x75 },
	{ 0x6171, 0x75 },
	{ 0x6172, 0x75 },
	{ 0x6173, 0x75 },
	{ 0x6174, 0x75 },
	{ 0x6175, 0x75 },
	{ 0x6176, 0x75 },
	{ 0x6177, 0x75 },
	{ 0x6178, 0x75 },
	{ 0x6179, 0x75 },
	{ 0x617A, 0x75 },
	{ 0x617B, 0x75 },
	{ 0x617C, 0x75 },
	{ 0x617D, 0x75 },
	{ 0x617E, 0x75 },
	{ 0x617F, 0x75 },
	{ 0x6180, 0x75 },
	{ 0x6181, 0x75 },
	{ 0x6182, 0x75 },
	{ 0x6183, 0x75 },
	{ 0x6184, 0x75 },
	{ 0x6185, 0x75 },
	{ 0x6186, 0x75 },
	{ 0x6187, 0x75 },
	{ 0x6188, 0x75 },
	{ 0x6189, 0x75 },
	{ 0x618A, 0x75 },
	{ 0x618B, 0x75 },
	{ 0x618C, 0x75 },
	{ 0x618D, 0x75 },
	{ 0x618E, 0x75 },
	{ 0x618F, 0x75 },
	{ 0x6190, 0x75 },
	{ 0x6191, 0x75 },
	{ 0x6192, 0x75 },
	{ 0x6193, 0x75 },
	{ 0x6194, 0x75 },
	{ 0x6195, 0x75 },
	{ 0x6196, 0x75 },
	{ 0x6197, 0x75 },
	{ 0x6198, 0x75 },
	{ 0x6199, 0x75 },
	{ 0x619A, 0x75 },
	{ 0x619B, 0x75 },
	{ 0x619C, 0x75 },
	{ 0x619D, 0x75 },
	{ 0x619E, 0x75 },
	{ 0x619F, 0x75 },
	{ 0x61A0, 0x75 },
	{ 0x61A1, 0x75 },
	{ 0x61A2, 0x75 },
	{ 0x61A3, 0x75 },
	{ 0x61A4, 0x75 },
	{ 0x61A5, 0x75 },
	{ 0x61A6, 0x75 },
	{ 0x61A7, 0x75 },
	{ 0x61A8, 0x75 },
	{ 0x61A9, 0x75 },
	{ 0x61AA, 0x75 },
	{ 0x61AB, 0x75 },
	{ 0x61AC, 0x75 },
	{ 0x61AD, 0x75 },
	{ 0x61AE, 0x75 },
	{ 0x61AF, 0x75 },
	{ 0x6120, 0x75 },
	{ 0x6121, 0x75 },
	{ 0x6122, 0x75 },
	{ 0x6123, 0x75 },
	{ 0x6124, 0x75 },
	{ 0x6125, 0x75 },
	{ 0x6126, 0x75 },
	{ 0x6127, 0x75 },
	{ 0x6128, 0x75 },
	{ 0x6129, 0x75 },
	{ 0x612A, 0x75 },
	{ 0x612B, 0x75 },
	{ 0x612C, 0x75 },
	{ 0x612D, 0x75 },
	{ 0x612E, 0x75 },
	{ 0x612F, 0x75 },
	{ 0x6130, 0x75 },
	{ 0x6131, 0x75 },
	{ 0x6132, 0x75 },
	{ 0x6133, 0x75 },
	{ 0x6134, 0x75 },
	{ 0x6135, 0x75 },
	{ 0x6136, 0x75 },
	{ 0x6137, 0x75 },
	{ 0x6138, 0x75 },
	{ 0x6139, 0x75 },
	{ 0x613A, 0x75 },
	{ 0x613B, 0x75 },
	{ 0x613C, 0x75 },
	{ 0x613D, 0x75 },
	{ 0x613E, 0x75 },
	{ 0x613F, 0x75 },
	{ 0x6140, 0x75 },
	{ 0x6141, 0x75 },
	{ 0x6142, 0x75 },
	{ 0x6143, 0x75 },
	{ 0x4F04, 0x78 },
	{ 0x380E, 0x05 },
	{ 0x380F, 0x52 },
	{ 0x380C, 0x07 },
	{ 0x380D, 0xCA },
	{ 0x384C, 0x03 },
	{ 0x384D, 0xD0 },
	{ 0x4603, 0x13 },
	{ 0x4610, 0x00 },
	{ 0x4611, 0x80 },
	{ 0x4614, 0x00 },
	{ 0x4615, 0x80 },
	{ 0x420E, 0xEA },
	{ 0x420F, 0xE5 },
	{ 0x4210, 0xC2 },
	{ 0x4211, 0x83 },
	{ 0x507A, 0x1F },
	{ 0x507B, 0x32 },
	{ 0x3506, 0x30 },
	{ 0x35C6, 0x90 },
	{ 0x3586, 0x40 },
	{ 0x0408, 0xE7 },
	{ 0x0409, 0xFF },
	{ 0x040A, 0x2B },
	{ 0x040B, 0x32 },
	{ 0x040C, 0x50 },
	{ 0x040D, 0xB3 },
	{ 0x040E, 0x0C },
	{ 0x0307, 0x01 },
	{ 0x4837, 0x0E },
	{ 0x3015, 0x0A },
	{ 0x3009, 0x02 },
	{ 0x3822, 0x24 },
	{ 0x3823, 0x50 },
	{ 0x383E, 0x81 },
	{ 0x3881, 0x34 },
	{ 0x3882, 0x04 },
	{ 0x3883, 0xC5 },
	{ 0x388E, 0x01 },
	{ 0x388F, 0x00 },
	{ 0x3892, 0x44 },
	{ 0x3826, 0x00 },
	{ 0x3827, 0x8D },
	{ 0x3836, 0x00 },
	{ 0x3837, 0x02 },
	{ 0x3DA7, 0x50 },
	{ 0x5B7E, 0x01 },
	{ 0x5B7E, 0x01 },
	{ 0x5B78, 0x00 },
	{ 0x5B79, 0x50 },
	{ 0x5B7A, 0x01 },
	{ 0x5B7B, 0x0E },
	{ 0x5B7C, 0x01 },
	{ 0x5B7D, 0x70 },
	{ 0x5B40, 0x01 },
	{ 0x5B41, 0x9C },
	{ 0x5B42, 0x0F },
	{ 0x5B43, 0x7B },
	{ 0x5B44, 0x0F },
	{ 0x5B45, 0xE9 },
	{ 0x5B46, 0x00 },
	{ 0x5B47, 0x00 },
	{ 0x5B48, 0x01 },
	{ 0x5B49, 0x3E },
	{ 0x5B4A, 0x0F },
	{ 0x5B4B, 0xC1 },
	{ 0x5B4C, 0x00 },
	{ 0x5B4D, 0x07 },
	{ 0x5B4E, 0x0F },
	{ 0x5B4F, 0xAF },
	{ 0x5B50, 0x01 },
	{ 0x5B51, 0x4A },
	{ 0x5B52, 0x01 },
	{ 0x5B53, 0xBF },
	{ 0x5B54, 0x0F },
	{ 0x5B55, 0x62 },
	{ 0x5B56, 0x0F },
	{ 0x5B57, 0xDF },
	{ 0x5B58, 0x00 },
	{ 0x5B59, 0x00 },
	{ 0x5B5A, 0x01 },
	{ 0x5B5B, 0x49 },
	{ 0x5B5C, 0x0F },
	{ 0x5B5D, 0xB8 },
	{ 0x5B5E, 0x00 },
	{ 0x5B5F, 0x05 },
	{ 0x5B60, 0x0F },
	{ 0x5B61, 0xB9 },
	{ 0x5B62, 0x01 },
	{ 0x5B63, 0x42 },
	{ 0x5B64, 0x02 },
	{ 0x5B65, 0x9C },
	{ 0x5B66, 0x0E },
	{ 0x5B67, 0xA2 },
	{ 0x5B68, 0x0F },
	{ 0x5B69, 0xC2 },
	{ 0x5B6A, 0x00 },
	{ 0x5B6B, 0x40 },
	{ 0x5B6C, 0x01 },
	{ 0x5B6D, 0x1A },
	{ 0x5B6E, 0x0F },
	{ 0x5B6F, 0xA6 },
	{ 0x5B70, 0x00 },
	{ 0x5B71, 0x3A },
	{ 0x5B72, 0x0F },
	{ 0x5B73, 0x70 },
	{ 0x5B74, 0x01 },
	{ 0x5B75, 0x57 },
	// clang-format on
};

/**
 * Date: 2023-02-20
 * Author: Tom
 * Sensor revision: OX08B
 * Input clock frequency: 24mhz
 * Image output size: 3840*2166
 * Image crop size: 3840*2166
 * Pixel data format: DCG_SPD hdr3 pwl14
 * Frame timing and frame rate: 2175*689, 30fps
 * System clock frequency: 90mhz
 * Output interface and data rate: 4lane 1104mbps
 */
static const struct reg_cfg init_cfgs_raw14_30fps_24m[] = {
	// clang-format off
	{ 0x3208, 0x04 },
	{ 0x300A, 0x04 },
	{ 0x4620, 0x04 },
	{ 0x4D56, 0x04 },
	{ 0x3208, 0x14 },
	{ 0x3208, 0x05 },
	{ 0x4620, 0x04 },
	{ 0x3208, 0x15 },
	{ 0x3208, 0x02 },
	{ 0x3507, 0x00 },
	{ 0x3208, 0x12 },
	{ 0x3208, 0xA2 },
	{ 0x0305, 0x5C },
	{ 0x0316, 0x00 },
	{ 0x0317, 0x00 },
	{ 0x0318, 0x00 },
	{ 0x0320, 0x02 },
	{ 0x0321, 0x33 },
	{ 0x0325, 0x95 },
	{ 0x0408, 0xE7 },
	{ 0x0409, 0xFF },
	{ 0x040A, 0x2B },
	{ 0x040B, 0x32 },
	{ 0x040C, 0x28 },
	{ 0x040D, 0x5A },
	{ 0x040E, 0x0C },
	{ 0x3002, 0xF8 },
	{ 0x3012, 0x41 },
	{ 0x2803, 0xFE },
	{ 0x280B, 0x00 },
	{ 0x280C, 0x79 },
	{ 0x3700, 0x19 },
	{ 0x3703, 0x43 },
	{ 0x3705, 0x00 },
	{ 0x3706, 0x37 },
	{ 0x3708, 0x32 },
	{ 0x3709, 0x5E },
	{ 0x370A, 0x00 },
	{ 0x370B, 0x83 },
	{ 0x370E, 0x51 },
	{ 0x3712, 0x12 },
	{ 0x3717, 0x07 },
	{ 0x3718, 0x72 },
	{ 0x3719, 0x31 },
	{ 0x372B, 0x01 },
	{ 0x372C, 0xB0 },
	{ 0x372D, 0x1E },
	{ 0x3730, 0x05 },
	{ 0x3731, 0x43 },
	{ 0x3733, 0x01 },
	{ 0x3738, 0x27 },
	{ 0x3739, 0x27 },
	{ 0x373A, 0x22 },
	{ 0x373B, 0x1A },
	{ 0x373F, 0x21 },
	{ 0x3740, 0x21 },
	{ 0x3741, 0x1B },
	{ 0x3742, 0x16 },
	{ 0x3745, 0x01 },
	{ 0x3747, 0x19 },
	{ 0x3748, 0x19 },
	{ 0x3750, 0x32 },
	{ 0x3755, 0x14 },
	{ 0x3756, 0x04 },
	{ 0x3757, 0x16 },
	{ 0x3759, 0x33 },
	{ 0x375A, 0x00 },
	{ 0x375B, 0x6D },
	{ 0x376C, 0x27 },
	{ 0x3778, 0x20 },
	{ 0x377C, 0x88 },
	{ 0x3797, 0x00 },
	{ 0x3798, 0x00 },
	{ 0x3799, 0x00 },
	{ 0x379C, 0x58 },
	{ 0x379E, 0x00 },
	{ 0x379F, 0x00 },
	{ 0x37A0, 0x00 },
	{ 0x37A1, 0x00 },
	{ 0x37BC, 0x00 },
	{ 0x37C0, 0x01 },
	{ 0x37C4, 0x34 },
	{ 0x37C5, 0x2F },
	{ 0x37C6, 0x2A },
	{ 0x37C7, 0x1E },
	{ 0x37C8, 0x00 },
	{ 0x37C9, 0x09 },
	{ 0x37D0, 0x00 },
	{ 0x37D1, 0x32 },
	{ 0x37D2, 0x00 },
	{ 0x37D3, 0x6C },
	{ 0x37D5, 0x32 },
	{ 0x37D6, 0x00 },
	{ 0x37D7, 0x66 },
	{ 0x37DC, 0x5A },
	{ 0x37DD, 0x57 },
	{ 0x3C03, 0x01 },
	{ 0x3C04, 0x01 },
	{ 0x3C06, 0x21 },
	{ 0x3C08, 0x01 },
	{ 0x3C09, 0x01 },
	{ 0x3C0A, 0x01 },
	{ 0x3C0B, 0x21 },
	{ 0x3C12, 0x40 },
	{ 0x3C13, 0x21 },
	{ 0x3C14, 0x03 },
	{ 0x3C21, 0x00 },
	{ 0x3C22, 0xB3 },
	{ 0x3C2A, 0x11 },
	{ 0x3C39, 0x11 },
	{ 0x3C3A, 0x01 },
	{ 0x3C3C, 0x00 },
	{ 0x3C3D, 0x01 },
	{ 0x3C3E, 0x06 },
	{ 0x3C4E, 0x0F },
	{ 0x3C55, 0x00 },
	{ 0x3C57, 0x23 },
	{ 0x3C58, 0x27 },
	{ 0x3C5A, 0x11 },
	{ 0x3C5F, 0x08 },
	{ 0x3C61, 0x80 },
	{ 0x3C70, 0x62 },
	{ 0x3C74, 0x43 },
	{ 0x3C78, 0x77 },
	{ 0x3CC0, 0x00 },
	{ 0x3CC1, 0x00 },
	{ 0x3CC2, 0x00 },
	{ 0x3CC3, 0x00 },
	{ 0x3CC8, 0x00 },
	{ 0x3CC9, 0x00 },
	{ 0x3CCA, 0x00 },
	{ 0x3CCB, 0x00 },
	{ 0x3CE0, 0x00 },
	{ 0x3CE1, 0x01 },
	{ 0x3CE2, 0x01 },
	{ 0x3CE3, 0xD5 },
	{ 0x3CE8, 0x00 },
	{ 0x3CE9, 0x01 },
	{ 0x3CEA, 0x00 },
	{ 0x3CEB, 0x58 },
	{ 0x320E, 0x00 },
	{ 0x320F, 0x00 },
	{ 0x3211, 0x61 },
	{ 0x3215, 0xCF },
	{ 0x3219, 0x08 },
	{ 0x3400, 0x08 },
	{ 0x3408, 0x01 },
	{ 0x3506, 0x30 },
	{ 0x3586, 0x50 },
	{ 0x3588, 0x01 },
	{ 0x3589, 0x50 },
	{ 0x358B, 0x04 },
	{ 0x3541, 0x00 },
	{ 0x3542, 0x04 },
	{ 0x3546, 0x10 },
	{ 0x3548, 0x01 },
	{ 0x3549, 0x00 },
	{ 0x35C2, 0x00 },
	{ 0x35C6, 0x90 },
	{ 0x35C8, 0x01 },
	{ 0x35C9, 0x50 },
	{ 0x35CB, 0x04 },
	{ 0x3600, 0x8F },
	{ 0x3603, 0x40 },
	{ 0x3606, 0x00 },
	{ 0x3607, 0x02 },
	{ 0x3609, 0xE0 },
	{ 0x360A, 0x01 },
	{ 0x360E, 0x1D },
	{ 0x3611, 0x47 },
	{ 0x3616, 0x8A },
	{ 0x361B, 0x5C },
	{ 0x361E, 0xDC },
	{ 0x361F, 0xCA },
	{ 0x3657, 0x0A },
	{ 0x3659, 0x0A },
	{ 0x365A, 0x0F },
	{ 0x3674, 0x08 },
	{ 0x3677, 0x47 },
	{ 0x3678, 0x47 },
	{ 0x3802, 0x00 },
	{ 0x3803, 0x04 },
	{ 0x3806, 0x08 },
	{ 0x3807, 0x7B },
	{ 0x3808, 0x0F },
	{ 0x3809, 0x00 },
	{ 0x380A, 0x08 },
	{ 0x380B, 0x70 },
	{ 0x380C, 0x03 },
	{ 0x380D, 0xF5 },
	{ 0x380E, 0x04 },
	{ 0x380F, 0x66 },
	{ 0x3810, 0x00 },
	{ 0x3811, 0x08 },
	{ 0x3812, 0x00 },
	{ 0x3813, 0x04 },
	{ 0x3816, 0x01 },
	{ 0x3817, 0x01 },
	{ 0x381C, 0x18 },
	{ 0x381E, 0x01 },
	{ 0x381F, 0x01 },
	{ 0x3820, 0x20 },
	{ 0x3821, 0x11 },
	{ 0x3832, 0x00 },
	{ 0x3834, 0x00 },
	{ 0x384C, 0x03 },
	{ 0x384D, 0xDC },
	{ 0x3850, 0x00 },
	{ 0x3851, 0x42 },
	{ 0x3852, 0x00 },
	{ 0x3853, 0x40 },
	{ 0x3858, 0x04 },
	{ 0x388C, 0x01 },
	{ 0x388D, 0xE7 },
	{ 0x3B40, 0x05 },
	{ 0x3B41, 0x40 },
	{ 0x3B42, 0x00 },
	{ 0x3B43, 0x90 },
	{ 0x3B44, 0x00 },
	{ 0x3B45, 0x20 },
	{ 0x3B46, 0x00 },
	{ 0x3B47, 0x20 },
	{ 0x3B48, 0x1A },
	{ 0x3B49, 0x13 },
	{ 0x3B4A, 0x17 },
	{ 0x3B4B, 0x2F },
	{ 0x3B4C, 0x03 },
	{ 0x3B4D, 0x90 },
	{ 0x3B8A, 0x08 },
	{ 0x3B8B, 0x70 },
	{ 0x3B8C, 0x0F },
	{ 0x3B8D, 0x00 },
	{ 0x3B92, 0x08 },
	{ 0x3B93, 0x70 },
	{ 0x3B94, 0x0F },
	{ 0x3B95, 0x00 },
	{ 0x3B9E, 0x09 },
	{ 0x3D8A, 0x03 },
	{ 0x3D8B, 0xFF },
	{ 0x3DA4, 0x00 },
	{ 0x420E, 0xFF },
	{ 0x420F, 0xFF },
	{ 0x4210, 0xFF },
	{ 0x4211, 0xFF },
	{ 0x421E, 0x02 },
	{ 0x421F, 0x55 },
	{ 0x4220, 0xE1 },
	{ 0x4221, 0x07 },
	{ 0x4301, 0x0F },
	{ 0x4307, 0x02 },
	{ 0x4308, 0x13 },
	{ 0x4309, 0x00 },
	{ 0x430A, 0x13 },
	{ 0x430D, 0x93 },
	{ 0x430F, 0x57 },
	{ 0x4310, 0x95 },
	{ 0x4311, 0x16 },
	{ 0x4316, 0x20 },
	{ 0x4317, 0x38 },
	{ 0x4319, 0x01 },
	{ 0x431A, 0x00 },
	{ 0x431B, 0x00 },
	{ 0x431C, 0x2F },
	{ 0x431D, 0x6F },
	{ 0x431E, 0x11 },
	{ 0x431F, 0x28 },
	{ 0x4320, 0x3B },
	{ 0x4323, 0x80 },
	{ 0x4324, 0x00 },
	{ 0x4503, 0x0E },
	{ 0x4505, 0x08 },
	{ 0x4508, 0x04 },
	{ 0x4509, 0x08 },
	{ 0x450A, 0x08 },
	{ 0x4583, 0x07 },
	{ 0x4584, 0x6A },
	{ 0x4585, 0x08 },
	{ 0x4586, 0x05 },
	{ 0x4587, 0x04 },
	{ 0x4588, 0x73 },
	{ 0x4589, 0x05 },
	{ 0x458A, 0x1F },
	{ 0x458B, 0x02 },
	{ 0x458C, 0xDC },
	{ 0x458D, 0x03 },
	{ 0x458E, 0x02 },
	{ 0x4597, 0x07 },
	{ 0x4598, 0x40 },
	{ 0x4599, 0x0D },
	{ 0x459A, 0x0D },
	{ 0x459B, 0xF4 },
	{ 0x459C, 0xF3 },
	{ 0x4602, 0x00 },
	{ 0x4603, 0x13 },
	{ 0x4604, 0x00 },
	{ 0x4606, 0x06 },
	{ 0x4607, 0x06 },
	{ 0x460A, 0x30 },
	{ 0x4610, 0x00 },
	{ 0x4611, 0xE0 },
	{ 0x4612, 0x01 },
	{ 0x4613, 0x00 },
	{ 0x4614, 0x00 },
	{ 0x4615, 0xC8 },
	{ 0x4616, 0x01 },
	{ 0x4617, 0x00 },
	{ 0x4700, 0xE0 },
	{ 0x4702, 0x00 },
	{ 0x4800, 0x04 },
	{ 0x4808, 0x07 },
	{ 0x480A, 0x22 },
	{ 0x4813, 0xE4 },
	{ 0x4814, 0x2A },
	{ 0x4837, 0x07 },
	{ 0x484B, 0x47 },
	{ 0x484F, 0x00 },
	{ 0x4850, 0x47 },
	{ 0x4853, 0x04 },
	{ 0x4855, 0x09 },
	{ 0x4D30, 0x0A },
	{ 0x4D31, 0x00 },
	{ 0x4D5A, 0x1A },
	{ 0x4F00, 0x3F },
	{ 0x4F01, 0xFF },
	{ 0x4F02, 0xFF },
	{ 0x4F03, 0x2D },
	{ 0x6A00, 0x00 },
	{ 0x6A01, 0x20 },
	{ 0x6A02, 0x00 },
	{ 0x6A03, 0x20 },
	{ 0x6A04, 0x02 },
	{ 0x6A05, 0x80 },
	{ 0x6A06, 0x01 },
	{ 0x6A07, 0xE0 },
	{ 0x6A08, 0xCF },
	{ 0x6A09, 0x01 },
	{ 0x6A0A, 0x40 },
	{ 0x6A20, 0x00 },
	{ 0x6A21, 0x04 },
	{ 0x6A22, 0x00 },
	{ 0x6A23, 0x00 },
	{ 0x6A24, 0x00 },
	{ 0x6A25, 0x00 },
	{ 0x6A26, 0x00 },
	{ 0x6A27, 0x00 },
	{ 0x6A28, 0x00 },
	{ 0x5AEF, 0xD9 },
	{ 0x5AF1, 0xF0 },
	{ 0x5AF3, 0x03 },
	{ 0x5B79, 0xD9 },
	{ 0x5B7B, 0xF0 },
	{ 0x5B7D, 0x03 },
	{ 0x5B7E, 0x01 },
	{ 0x5200, 0x04 },
	{ 0x5201, 0x04 },
	{ 0x5202, 0x04 },
	{ 0x5203, 0x04 },
	{ 0x5400, 0x04 },
	{ 0x5401, 0x04 },
	{ 0x5402, 0x04 },
	{ 0x5403, 0x04 },
	{ 0x5600, 0x04 },
	{ 0x5601, 0x04 },
	{ 0x5602, 0x04 },
	{ 0x5603, 0x04 },
	{ 0x5800, 0x04 },
	{ 0x5801, 0x04 },
	{ 0x5802, 0x04 },
	{ 0x5803, 0x04 },
	{ 0x5B80, 0x08 },
	{ 0x5B8A, 0x80 },
	{ 0x5B8B, 0x80 },
	{ 0x5B8C, 0x80 },
	{ 0x5B8D, 0x80 },
	{ 0x5B8E, 0x40 },
	{ 0x5B8F, 0x80 },
	{ 0x5B90, 0x80 },
	{ 0x5B91, 0x80 },
	{ 0x5B92, 0x60 },
	{ 0x5B93, 0x10 },
	{ 0x5B94, 0x80 },
	{ 0x5B95, 0x80 },
	{ 0x5B96, 0x80 },
	{ 0x5B97, 0x20 },
	{ 0x5B98, 0x00 },
	{ 0x5B99, 0x80 },
	{ 0x5B9A, 0x40 },
	{ 0x5B9B, 0x20 },
	{ 0x5B9C, 0x00 },
	{ 0x5B9D, 0x00 },
	{ 0x5B9E, 0x80 },
	{ 0x5B9F, 0x00 },
	{ 0x5BA0, 0x00 },
	{ 0x5BA1, 0x00 },
	{ 0x5BA2, 0x00 },
	{ 0x5BA3, 0x00 },
	{ 0x5BA4, 0x00 },
	{ 0x5BA5, 0x00 },
	{ 0x5BA6, 0x00 },
	{ 0x5BA7, 0x00 },
	{ 0x5BA8, 0x02 },
	{ 0x5BA9, 0x00 },
	{ 0x5BAA, 0x02 },
	{ 0x5BAB, 0x76 },
	{ 0x5BAC, 0x03 },
	{ 0x5BAD, 0x08 },
	{ 0x5BAE, 0x00 },
	{ 0x5BAF, 0x80 },
	{ 0x5BB0, 0x01 },
	{ 0x5BB1, 0x00 },
	{ 0x5BB2, 0x02 },
	{ 0x5BB3, 0x00 },
	{ 0x5BBE, 0x12 },
	{ 0x5C00, 0x08 },
	{ 0x5C0A, 0x80 },
	{ 0x5C0B, 0x80 },
	{ 0x5C0C, 0x80 },
	{ 0x5C0D, 0x80 },
	{ 0x5C0E, 0x40 },
	{ 0x5C0F, 0x80 },
	{ 0x5C10, 0x80 },
	{ 0x5C11, 0x80 },
	{ 0x5C12, 0x60 },
	{ 0x5C13, 0x10 },
	{ 0x5C14, 0x80 },
	{ 0x5C15, 0x80 },
	{ 0x5C16, 0x80 },
	{ 0x5C17, 0x20 },
	{ 0x5C18, 0x00 },
	{ 0x5C19, 0x80 },
	{ 0x5C1A, 0x40 },
	{ 0x5C1B, 0x20 },
	{ 0x5C1C, 0x00 },
	{ 0x5C1D, 0x00 },
	{ 0x5C1E, 0x80 },
	{ 0x5C1F, 0x00 },
	{ 0x5C20, 0x00 },
	{ 0x5C21, 0x00 },
	{ 0x5C22, 0x00 },
	{ 0x5C23, 0x00 },
	{ 0x5C24, 0x00 },
	{ 0x5C25, 0x00 },
	{ 0x5C26, 0x00 },
	{ 0x5C27, 0x00 },
	{ 0x5C28, 0x02 },
	{ 0x5C29, 0x00 },
	{ 0x5C2A, 0x02 },
	{ 0x5C2B, 0x76 },
	{ 0x5C2C, 0x03 },
	{ 0x5C2D, 0x08 },
	{ 0x5C2E, 0x00 },
	{ 0x5C2F, 0x80 },
	{ 0x5C30, 0x01 },
	{ 0x5C31, 0x00 },
	{ 0x5C32, 0x02 },
	{ 0x5C33, 0x00 },
	{ 0x5C3E, 0x12 },
	{ 0x5C80, 0x00 },
	{ 0x5C8A, 0x80 },
	{ 0x5C8B, 0x80 },
	{ 0x5C8C, 0x80 },
	{ 0x5C8D, 0x80 },
	{ 0x5C8E, 0x80 },
	{ 0x5C8F, 0x80 },
	{ 0x5C90, 0x80 },
	{ 0x5C91, 0x80 },
	{ 0x5C92, 0x80 },
	{ 0x5C93, 0x60 },
	{ 0x5C94, 0x80 },
	{ 0x5C95, 0x80 },
	{ 0x5C96, 0x80 },
	{ 0x5C97, 0x60 },
	{ 0x5C98, 0x40 },
	{ 0x5C99, 0x80 },
	{ 0x5C9A, 0x80 },
	{ 0x5C9B, 0x80 },
	{ 0x5C9C, 0x40 },
	{ 0x5C9D, 0x00 },
	{ 0x5C9E, 0x80 },
	{ 0x5C9F, 0x80 },
	{ 0x5CA0, 0x80 },
	{ 0x5CA1, 0x20 },
	{ 0x5CA2, 0x00 },
	{ 0x5CA3, 0x80 },
	{ 0x5CA4, 0x80 },
	{ 0x5CA5, 0x80 },
	{ 0x5CA6, 0x00 },
	{ 0x5CA7, 0x00 },
	{ 0x5CA8, 0x01 },
	{ 0x5CA9, 0x00 },
	{ 0x5CAA, 0x02 },
	{ 0x5CAB, 0x00 },
	{ 0x5CAC, 0x03 },
	{ 0x5CAD, 0x08 },
	{ 0x5CAE, 0x01 },
	{ 0x5CAF, 0x00 },
	{ 0x5CB0, 0x02 },
	{ 0x5CB1, 0x00 },
	{ 0x5CB2, 0x03 },
	{ 0x5CB3, 0x08 },
	{ 0x5CBE, 0x12 },
	{ 0x5CC6, 0x00 },
	{ 0x5CC7, 0x00 },
	{ 0x5CC8, 0x80 },
	{ 0x5CD2, 0x60 },
	{ 0x5CD5, 0x80 },
	{ 0x5CD6, 0x60 },
	{ 0x5CD9, 0x80 },
	{ 0x5CDA, 0x80 },
	{ 0x5CDB, 0x40 },
	{ 0x5CDD, 0x80 },
	{ 0x5CDE, 0x80 },
	{ 0x5CDF, 0x80 },
	{ 0x5CE2, 0x80 },
	{ 0x5CE3, 0x80 },
	{ 0x5CE4, 0x80 },
	{ 0x5CE7, 0x86 },
	{ 0x6006, 0x00 },
	{ 0x6007, 0x04 },
	{ 0x6008, 0x08 },
	{ 0x6009, 0x72 },
	{ 0x600A, 0x00 },
	{ 0x600B, 0x08 },
	{ 0x600C, 0x0F },
	{ 0x600D, 0x08 },
	{ 0x6016, 0x00 },
	{ 0x6026, 0x00 },
	{ 0x6027, 0x04 },
	{ 0x6028, 0x08 },
	{ 0x6029, 0x72 },
	{ 0x602A, 0x00 },
	{ 0x602B, 0x08 },
	{ 0x602C, 0x0F },
	{ 0x602D, 0x08 },
	{ 0x6046, 0x00 },
	{ 0x6047, 0x04 },
	{ 0x6048, 0x08 },
	{ 0x6049, 0x72 },
	{ 0x604A, 0x00 },
	{ 0x604B, 0x08 },
	{ 0x604C, 0x0F },
	{ 0x604D, 0x08 },
	{ 0x6066, 0x00 },
	{ 0x6067, 0x04 },
	{ 0x6068, 0x08 },
	{ 0x6069, 0x72 },
	{ 0x606A, 0x00 },
	{ 0x606B, 0x08 },
	{ 0x606C, 0x0F },
	{ 0x606D, 0x08 },
	{ 0x6086, 0x00 },
	{ 0x6087, 0x04 },
	{ 0x6088, 0x08 },
	{ 0x6089, 0x72 },
	{ 0x608A, 0x00 },
	{ 0x608B, 0x08 },
	{ 0x608C, 0x0F },
	{ 0x608D, 0x08 },
	{ 0x52C3, 0x00 },
	{ 0x52C4, 0x00 },
	{ 0x52C6, 0x01 },
	{ 0x52C7, 0x23 },
	{ 0x52C9, 0x02 },
	{ 0x52CA, 0x01 },
	{ 0x52CB, 0x01 },
	{ 0x52CD, 0x02 },
	{ 0x52CE, 0x01 },
	{ 0x52CF, 0x01 },
	{ 0x54C3, 0x00 },
	{ 0x54C4, 0x00 },
	{ 0x54C6, 0x01 },
	{ 0x54C7, 0x23 },
	{ 0x54C9, 0x02 },
	{ 0x54CA, 0x01 },
	{ 0x54CB, 0x01 },
	{ 0x54CD, 0x02 },
	{ 0x54CE, 0x01 },
	{ 0x54CF, 0x01 },
	{ 0x56C3, 0x00 },
	{ 0x56C4, 0x00 },
	{ 0x56C6, 0x01 },
	{ 0x56C7, 0x23 },
	{ 0x56C9, 0x02 },
	{ 0x56CA, 0x01 },
	{ 0x56CB, 0x01 },
	{ 0x56CD, 0x02 },
	{ 0x56CE, 0x01 },
	{ 0x56CF, 0x01 },
	{ 0x58C3, 0x00 },
	{ 0x58C4, 0x00 },
	{ 0x58C6, 0x01 },
	{ 0x58C7, 0x23 },
	{ 0x58C9, 0x02 },
	{ 0x58CA, 0x01 },
	{ 0x58CB, 0x01 },
	{ 0x58CD, 0x02 },
	{ 0x58CE, 0x01 },
	{ 0x58CF, 0x01 },
	{ 0x5E00, 0x01 },
	{ 0x5E01, 0x09 },
	{ 0x5E02, 0x00 },
	{ 0x5E03, 0x09 },
	{ 0x5E04, 0x0A },
	{ 0x5E05, 0x0B },
	{ 0x5E06, 0x0C },
	{ 0x5E07, 0x0C },
	{ 0x5E08, 0x0C },
	{ 0x5E09, 0x0C },
	{ 0x5E0A, 0x0C },
	{ 0x5E0B, 0x0D },
	{ 0x5E0C, 0x0D },
	{ 0x5E0D, 0x0D },
	{ 0x5E0E, 0x0D },
	{ 0x5E0F, 0x0D },
	{ 0x5E10, 0x0D },
	{ 0x5E11, 0x0D },
	{ 0x5E12, 0x0E },
	{ 0x5E13, 0x0E },
	{ 0x5E14, 0x0E },
	{ 0x5E15, 0x0E },
	{ 0x5E16, 0x0E },
	{ 0x5E17, 0x0E },
	{ 0x5E18, 0x0E },
	{ 0x5E19, 0x10 },
	{ 0x5E1A, 0x11 },
	{ 0x5E1B, 0x11 },
	{ 0x5E1C, 0x12 },
	{ 0x5E1D, 0x12 },
	{ 0x5E1E, 0x14 },
	{ 0x5E1F, 0x15 },
	{ 0x5E20, 0x16 },
	{ 0x5E21, 0x17 },
	{ 0x5E22, 0x00 },
	{ 0x5E23, 0x02 },
	{ 0x5E26, 0x00 },
	{ 0x5E27, 0x00 },
	{ 0x5E29, 0x00 },
	{ 0x5E2A, 0xFF },
	{ 0x5E2C, 0x01 },
	{ 0x5E2D, 0x00 },
	{ 0x5E2F, 0x01 },
	{ 0x5E30, 0x00 },
	{ 0x5E32, 0x01 },
	{ 0x5E33, 0x00 },
	{ 0x5E34, 0x00 },
	{ 0x5E35, 0x01 },
	{ 0x5E36, 0x00 },
	{ 0x5E37, 0x00 },
	{ 0x5E38, 0x01 },
	{ 0x5E39, 0x00 },
	{ 0x5E3A, 0x00 },
	{ 0x5E3B, 0x01 },
	{ 0x5E3C, 0x00 },
	{ 0x5E3D, 0x00 },
	{ 0x5E3E, 0x01 },
	{ 0x5E3F, 0x00 },
	{ 0x5E40, 0x00 },
	{ 0x5E41, 0x01 },
	{ 0x5E42, 0x80 },
	{ 0x5E43, 0x00 },
	{ 0x5E44, 0x01 },
	{ 0x5E45, 0x80 },
	{ 0x5E46, 0x00 },
	{ 0x5E47, 0x01 },
	{ 0x5E48, 0x80 },
	{ 0x5E49, 0x00 },
	{ 0x5E4A, 0x01 },
	{ 0x5E4B, 0x80 },
	{ 0x5E4C, 0x00 },
	{ 0x5E4D, 0x01 },
	{ 0x5E4E, 0x80 },
	{ 0x5E50, 0x01 },
	{ 0x5E51, 0x80 },
	{ 0x5E53, 0x01 },
	{ 0x5E54, 0x80 },
	{ 0x5E56, 0x02 },
	{ 0x5E57, 0x00 },
	{ 0x5E59, 0x02 },
	{ 0x5E5A, 0x00 },
	{ 0x5E5C, 0x02 },
	{ 0x5E5D, 0x00 },
	{ 0x5E5F, 0x02 },
	{ 0x5E60, 0x00 },
	{ 0x5E62, 0x02 },
	{ 0x5E63, 0x00 },
	{ 0x5E65, 0x02 },
	{ 0x5E66, 0x00 },
	{ 0x5E68, 0x02 },
	{ 0x5E69, 0x00 },
	{ 0x5E6B, 0x05 },
	{ 0x5E6C, 0x80 },
	{ 0x5E6E, 0x08 },
	{ 0x5E6F, 0x00 },
	{ 0x5E71, 0x06 },
	{ 0x5E72, 0x00 },
	{ 0x5E74, 0x06 },
	{ 0x5E75, 0x00 },
	{ 0x5E77, 0x04 },
	{ 0x5E78, 0x00 },
	{ 0x5E7A, 0x00 },
	{ 0x5E7B, 0x00 },
	{ 0x5E7D, 0x00 },
	{ 0x5E7E, 0x00 },
	{ 0x5E80, 0x00 },
	{ 0x5E81, 0x00 },
	{ 0x5E83, 0x00 },
	{ 0x5E84, 0x00 },
	{ 0x5F00, 0x02 },
	{ 0x5F01, 0x08 },
	{ 0x5F02, 0x09 },
	{ 0x5F03, 0x0A },
	{ 0x5F04, 0x0B },
	{ 0x5F05, 0x0C },
	{ 0x5F06, 0x0C },
	{ 0x5F07, 0x0C },
	{ 0x5F08, 0x0C },
	{ 0x5F09, 0x0C },
	{ 0x5F0A, 0x0D },
	{ 0x5F0B, 0x0D },
	{ 0x5F0C, 0x0D },
	{ 0x5F0D, 0x0D },
	{ 0x5F0E, 0x0D },
	{ 0x5F0F, 0x0E },
	{ 0x5F10, 0x0E },
	{ 0x5F11, 0x0E },
	{ 0x5F12, 0x0E },
	{ 0x5F13, 0x0F },
	{ 0x5F14, 0x0F },
	{ 0x5F15, 0x10 },
	{ 0x5F16, 0x11 },
	{ 0x5F17, 0x11 },
	{ 0x5F18, 0x12 },
	{ 0x5F19, 0x12 },
	{ 0x5F1A, 0x13 },
	{ 0x5F1B, 0x13 },
	{ 0x5F1C, 0x14 },
	{ 0x5F1D, 0x14 },
	{ 0x5F1E, 0x16 },
	{ 0x5F1F, 0x16 },
	{ 0x5F20, 0x16 },
	{ 0x5F21, 0x08 },
	{ 0x5F22, 0x00 },
	{ 0x5F23, 0x01 },
	{ 0x5F26, 0x02 },
	{ 0x5F27, 0x00 },
	{ 0x5F29, 0x02 },
	{ 0x5F2A, 0x00 },
	{ 0x5F2C, 0x02 },
	{ 0x5F2D, 0x00 },
	{ 0x5F2F, 0x02 },
	{ 0x5F30, 0x00 },
	{ 0x5F32, 0x02 },
	{ 0x5F33, 0x00 },
	{ 0x5F34, 0x00 },
	{ 0x5F35, 0x02 },
	{ 0x5F36, 0x00 },
	{ 0x5F37, 0x00 },
	{ 0x5F38, 0x02 },
	{ 0x5F39, 0x00 },
	{ 0x5F3A, 0x00 },
	{ 0x5F3B, 0x02 },
	{ 0x5F3C, 0x00 },
	{ 0x5F3D, 0x00 },
	{ 0x5F3E, 0x02 },
	{ 0x5F3F, 0x00 },
	{ 0x5F40, 0x00 },
	{ 0x5F41, 0x02 },
	{ 0x5F42, 0x00 },
	{ 0x5F43, 0x00 },
	{ 0x5F44, 0x02 },
	{ 0x5F45, 0x00 },
	{ 0x5F46, 0x00 },
	{ 0x5F47, 0x04 },
	{ 0x5F48, 0x00 },
	{ 0x5F49, 0x00 },
	{ 0x5F4A, 0x04 },
	{ 0x5F4B, 0x00 },
	{ 0x5F4C, 0x00 },
	{ 0x5F4D, 0x04 },
	{ 0x5F4E, 0x00 },
	{ 0x5F50, 0x04 },
	{ 0x5F51, 0x00 },
	{ 0x5F53, 0x04 },
	{ 0x5F54, 0x00 },
	{ 0x5F56, 0x04 },
	{ 0x5F57, 0x00 },
	{ 0x5F59, 0x04 },
	{ 0x5F5A, 0x00 },
	{ 0x5F5C, 0x04 },
	{ 0x5F5D, 0x00 },
	{ 0x5F5F, 0x08 },
	{ 0x5F60, 0x00 },
	{ 0x5F62, 0x08 },
	{ 0x5F63, 0x00 },
	{ 0x5F65, 0x08 },
	{ 0x5F66, 0x00 },
	{ 0x5F68, 0x08 },
	{ 0x5F69, 0x00 },
	{ 0x5F6B, 0x08 },
	{ 0x5F6C, 0x00 },
	{ 0x5F6E, 0x10 },
	{ 0x5F6F, 0x00 },
	{ 0x5F71, 0x10 },
	{ 0x5F72, 0x00 },
	{ 0x5F74, 0x10 },
	{ 0x5F75, 0x00 },
	{ 0x5F77, 0x10 },
	{ 0x5F78, 0x00 },
	{ 0x5F7A, 0x20 },
	{ 0x5F7B, 0x00 },
	{ 0x5F7D, 0x20 },
	{ 0x5F7E, 0x00 },
	{ 0x5F80, 0x20 },
	{ 0x5F81, 0x00 },
	{ 0x5F83, 0x00 },
	{ 0x5F84, 0xFF },
	{ 0x5240, 0x0F },
	{ 0x5241, 0x00 },
	{ 0x5242, 0x00 },
	{ 0x5243, 0x00 },
	{ 0x5244, 0x00 },
	{ 0x5245, 0x00 },
	{ 0x5246, 0x00 },
	{ 0x5247, 0x00 },
	{ 0x5248, 0x00 },
	{ 0x5249, 0x00 },
	{ 0x5440, 0x0F },
	{ 0x5441, 0x00 },
	{ 0x5442, 0x00 },
	{ 0x5443, 0x00 },
	{ 0x5444, 0x00 },
	{ 0x5445, 0x00 },
	{ 0x5446, 0x00 },
	{ 0x5447, 0x00 },
	{ 0x5448, 0x00 },
	{ 0x5449, 0x00 },
	{ 0x5640, 0x0F },
	{ 0x5641, 0x00 },
	{ 0x5642, 0x00 },
	{ 0x5643, 0x00 },
	{ 0x5644, 0x00 },
	{ 0x5645, 0x00 },
	{ 0x5646, 0x00 },
	{ 0x5647, 0x00 },
	{ 0x5648, 0x00 },
	{ 0x5649, 0x00 },
	{ 0x5840, 0x0F },
	{ 0x5841, 0x00 },
	{ 0x5842, 0x00 },
	{ 0x5843, 0x00 },
	{ 0x5844, 0x00 },
	{ 0x5845, 0x00 },
	{ 0x5846, 0x00 },
	{ 0x5847, 0x00 },
	{ 0x5848, 0x00 },
	{ 0x5849, 0x00 },
	{ 0x5DC0, 0x04 },
	{ 0x5DC1, 0x04 },
	{ 0x5DC2, 0x04 },
	{ 0x5DC3, 0x04 },
	{ 0x5DE0, 0x04 },
	{ 0x5DE1, 0x04 },
	{ 0x5DE2, 0x04 },
	{ 0x5DE3, 0x04 },
	{ 0x5000, 0x87 },
	{ 0x5001, 0x75 },
	{ 0x5002, 0x7F },
	{ 0x5003, 0x3A },
	{ 0x5004, 0x1E },
	{ 0x5005, 0x1E },
	{ 0x5006, 0x1E },
	{ 0x5007, 0x10 },
	{ 0x5008, 0x00 },
	{ 0x500A, 0x3F },
	{ 0x500C, 0x00 },
	{ 0x502A, 0x10 },
	{ 0x502C, 0x00 },
	{ 0x504B, 0x00 },
	{ 0x5053, 0x00 },
	{ 0x505B, 0x00 },
	{ 0x5063, 0x00 },
	{ 0x5070, 0x00 },
	{ 0x5074, 0x04 },
	{ 0x4000, 0x78 },
	{ 0x4001, 0x2B },
	{ 0x4008, 0x01 },
	{ 0x400B, 0x02 },
	{ 0x400E, 0x02 },
	{ 0x400F, 0x80 },
	{ 0x4012, 0x30 },
	{ 0x4013, 0x01 },
	{ 0x4018, 0x12 },
	{ 0x401E, 0x00 },
	{ 0x401F, 0x02 },
	{ 0x4021, 0x05 },
	{ 0x4022, 0x40 },
	{ 0x4023, 0x20 },
	{ 0x4026, 0x00 },
	{ 0x4027, 0x40 },
	{ 0x4028, 0x00 },
	{ 0x4029, 0x40 },
	{ 0x402A, 0x00 },
	{ 0x402B, 0x40 },
	{ 0x402C, 0x00 },
	{ 0x402D, 0x40 },
	{ 0x407E, 0xCC },
	{ 0x407F, 0x1A },
	{ 0x4082, 0x01 },
	{ 0x4083, 0x18 },
	{ 0x4084, 0x01 },
	{ 0x4085, 0x18 },
	{ 0x4086, 0x00 },
	{ 0x4087, 0xA0 },
	{ 0x4640, 0x40 },
	{ 0x4641, 0x11 },
	{ 0x4642, 0x0E },
	{ 0x4643, 0xEE },
	{ 0x4646, 0x0F },
	{ 0x4648, 0x00 },
	{ 0x4649, 0x03 },
	{ 0x5D09, 0x6B },
	{ 0x5D0B, 0x6B },
	{ 0x5D19, 0x6B },
	{ 0x5D40, 0x02 },
	{ 0x5D42, 0x02 },
	{ 0x5D43, 0x85 },
	{ 0x5D44, 0x1B },
	{ 0x5D45, 0xDD },
	{ 0x5D46, 0x02 },
	{ 0x5D47, 0x85 },
	{ 0x5D48, 0x1B },
	{ 0x5D49, 0xDD },
	{ 0x5D4A, 0x02 },
	{ 0x5D4B, 0x40 },
	{ 0x5D4C, 0x02 },
	{ 0x5D4D, 0x40 },
	{ 0x5D4E, 0x02 },
	{ 0x5D4F, 0x40 },
	{ 0x5D50, 0x18 },
	{ 0x5D51, 0x80 },
	{ 0x5D52, 0x18 },
	{ 0x5D53, 0x80 },
	{ 0x5D54, 0x18 },
	{ 0x5D55, 0x80 },
	{ 0x5D57, 0x10 },
	{ 0x5D59, 0x20 },
	{ 0x5D5C, 0x02 },
	{ 0x5D5D, 0x40 },
	{ 0x5D5E, 0x02 },
	{ 0x5D5F, 0x40 },
	{ 0x5D60, 0x03 },
	{ 0x5D61, 0x40 },
	{ 0x5D62, 0x07 },
	{ 0x5D63, 0x28 },
	{ 0x5D65, 0xFF },
	{ 0x6102, 0x1F },
	{ 0x610A, 0x0F },
	{ 0x610B, 0x20 },
	{ 0x610C, 0x08 },
	{ 0x610D, 0x80 },
	{ 0x6144, 0x75 },
	{ 0x6145, 0x75 },
	{ 0x6146, 0x75 },
	{ 0x6147, 0x75 },
	{ 0x6148, 0x75 },
	{ 0x6149, 0x75 },
	{ 0x614A, 0x75 },
	{ 0x614B, 0x75 },
	{ 0x614C, 0x75 },
	{ 0x614D, 0x75 },
	{ 0x614E, 0x75 },
	{ 0x614F, 0x75 },
	{ 0x6150, 0x75 },
	{ 0x6151, 0x75 },
	{ 0x6152, 0x75 },
	{ 0x6153, 0x75 },
	{ 0x6154, 0x75 },
	{ 0x6155, 0x75 },
	{ 0x6156, 0x75 },
	{ 0x6157, 0x75 },
	{ 0x6158, 0x75 },
	{ 0x6159, 0x75 },
	{ 0x615A, 0x75 },
	{ 0x615B, 0x75 },
	{ 0x615C, 0x75 },
	{ 0x615D, 0x75 },
	{ 0x615E, 0x75 },
	{ 0x615F, 0x75 },
	{ 0x6160, 0x75 },
	{ 0x6161, 0x75 },
	{ 0x6162, 0x75 },
	{ 0x6163, 0x75 },
	{ 0x6164, 0x75 },
	{ 0x6165, 0x75 },
	{ 0x6166, 0x75 },
	{ 0x6167, 0x75 },
	{ 0x6168, 0x75 },
	{ 0x6169, 0x75 },
	{ 0x616A, 0x75 },
	{ 0x616B, 0x75 },
	{ 0x616C, 0x75 },
	{ 0x616D, 0x75 },
	{ 0x616E, 0x75 },
	{ 0x616F, 0x75 },
	{ 0x6170, 0x75 },
	{ 0x6171, 0x75 },
	{ 0x6172, 0x75 },
	{ 0x6173, 0x75 },
	{ 0x6174, 0x75 },
	{ 0x6175, 0x75 },
	{ 0x6176, 0x75 },
	{ 0x6177, 0x75 },
	{ 0x6178, 0x75 },
	{ 0x6179, 0x75 },
	{ 0x617A, 0x75 },
	{ 0x617B, 0x75 },
	{ 0x617C, 0x75 },
	{ 0x617D, 0x75 },
	{ 0x617E, 0x75 },
	{ 0x617F, 0x75 },
	{ 0x6180, 0x75 },
	{ 0x6181, 0x75 },
	{ 0x6182, 0x75 },
	{ 0x6183, 0x75 },
	{ 0x6184, 0x75 },
	{ 0x6185, 0x75 },
	{ 0x6186, 0x75 },
	{ 0x6187, 0x75 },
	{ 0x6188, 0x75 },
	{ 0x6189, 0x75 },
	{ 0x618A, 0x75 },
	{ 0x618B, 0x75 },
	{ 0x618C, 0x75 },
	{ 0x618D, 0x75 },
	{ 0x618E, 0x75 },
	{ 0x618F, 0x75 },
	{ 0x6190, 0x75 },
	{ 0x6191, 0x75 },
	{ 0x6192, 0x75 },
	{ 0x6193, 0x75 },
	{ 0x6194, 0x75 },
	{ 0x6195, 0x75 },
	{ 0x6196, 0x75 },
	{ 0x6197, 0x75 },
	{ 0x6198, 0x75 },
	{ 0x6199, 0x75 },
	{ 0x619A, 0x75 },
	{ 0x619B, 0x75 },
	{ 0x619C, 0x75 },
	{ 0x619D, 0x75 },
	{ 0x619E, 0x75 },
	{ 0x619F, 0x75 },
	{ 0x61A0, 0x75 },
	{ 0x61A1, 0x75 },
	{ 0x61A2, 0x75 },
	{ 0x61A3, 0x75 },
	{ 0x61A4, 0x75 },
	{ 0x61A5, 0x75 },
	{ 0x61A6, 0x75 },
	{ 0x61A7, 0x75 },
	{ 0x61A8, 0x75 },
	{ 0x61A9, 0x75 },
	{ 0x61AA, 0x75 },
	{ 0x61AB, 0x75 },
	{ 0x61AC, 0x75 },
	{ 0x61AD, 0x75 },
	{ 0x61AE, 0x75 },
	{ 0x61AF, 0x75 },
	{ 0x6120, 0x75 },
	{ 0x6121, 0x75 },
	{ 0x6122, 0x75 },
	{ 0x6123, 0x75 },
	{ 0x6124, 0x75 },
	{ 0x6125, 0x75 },
	{ 0x6126, 0x75 },
	{ 0x6127, 0x75 },
	{ 0x6128, 0x75 },
	{ 0x6129, 0x75 },
	{ 0x612A, 0x75 },
	{ 0x612B, 0x75 },
	{ 0x612C, 0x75 },
	{ 0x612D, 0x75 },
	{ 0x612E, 0x75 },
	{ 0x612F, 0x75 },
	{ 0x6130, 0x75 },
	{ 0x6131, 0x75 },
	{ 0x6132, 0x75 },
	{ 0x6133, 0x75 },
	{ 0x6134, 0x75 },
	{ 0x6135, 0x75 },
	{ 0x6136, 0x75 },
	{ 0x6137, 0x75 },
	{ 0x6138, 0x75 },
	{ 0x6139, 0x75 },
	{ 0x613A, 0x75 },
	{ 0x613B, 0x75 },
	{ 0x613C, 0x75 },
	{ 0x613D, 0x75 },
	{ 0x613E, 0x75 },
	{ 0x613F, 0x75 },
	{ 0x6140, 0x75 },
	{ 0x6141, 0x75 },
	{ 0x6142, 0x75 },
	{ 0x6143, 0x75 },
	{ 0x4F04, 0x78 },
	{ 0x380E, 0x04 },
	{ 0x380F, 0x72 },
	{ 0x380C, 0x04 },
	{ 0x380D, 0xA2 },
	{ 0x384C, 0x04 },
	{ 0x384D, 0xA2 },
	{ 0x4603, 0x13 },
	{ 0x4610, 0x00 },
	{ 0x4611, 0x80 },
	{ 0x4614, 0x00 },
	{ 0x4615, 0x80 },
	{ 0x420E, 0xCA },
	{ 0x420F, 0x53 },
	{ 0x4210, 0x18 },
	{ 0x4211, 0x3C },
	{ 0x507A, 0x5F },
	{ 0x507B, 0x46 },
	{ 0x3506, 0x30 },
	{ 0x35C6, 0x90 },
	{ 0x3586, 0x40 },
	{ 0x0408, 0xE7 },
	{ 0x0409, 0xFF },
	{ 0x040A, 0x2B },
	{ 0x040B, 0x32 },
	{ 0x040C, 0x50 },
	{ 0x040D, 0xB3 },
	{ 0x040E, 0x0C },
	{ 0x0307, 0x01 },
	{ 0x4837, 0x0E },
	{ 0x3015, 0x0A },
	{ 0x3009, 0x02 },
	{ 0x3822, 0x04 },
	{ 0x3823, 0x50 },
	{ 0x383E, 0x81 },
	{ 0x3881, 0x34 },
	{ 0x3882, 0x04 },
	{ 0x3883, 0x1D },
	{ 0x388E, 0x01 },
	{ 0x388F, 0x00 },
	{ 0x3892, 0x44 },
	{ 0x3826, 0x00 },
	{ 0x3827, 0x55 },
	{ 0x3836, 0x00 },
	{ 0x3837, 0x02 },
	{ 0x5B7E, 0x01 },
	{ 0x5B7E, 0x01 },
	{ 0x5B78, 0x00 },
	{ 0x5B79, 0x50 },
	{ 0x5B7A, 0x01 },
	{ 0x5B7B, 0x0E },
	{ 0x5B7C, 0x01 },
	{ 0x5B7D, 0x70 },
	{ 0x5B40, 0x01 },
	{ 0x5B41, 0x9C },
	{ 0x5B42, 0x0F },
	{ 0x5B43, 0x7B },
	{ 0x5B44, 0x0F },
	{ 0x5B45, 0xE9 },
	{ 0x5B46, 0x00 },
	{ 0x5B47, 0x00 },
	{ 0x5B48, 0x01 },
	{ 0x5B49, 0x3E },
	{ 0x5B4A, 0x0F },
	{ 0x5B4B, 0xC1 },
	{ 0x5B4C, 0x00 },
	{ 0x5B4D, 0x07 },
	{ 0x5B4E, 0x0F },
	{ 0x5B4F, 0xAF },
	{ 0x5B50, 0x01 },
	{ 0x5B51, 0x4A },
	{ 0x5B52, 0x01 },
	{ 0x5B53, 0xBF },
	{ 0x5B54, 0x0F },
	{ 0x5B55, 0x62 },
	{ 0x5B56, 0x0F },
	{ 0x5B57, 0xDF },
	{ 0x5B58, 0x00 },
	{ 0x5B59, 0x00 },
	{ 0x5B5A, 0x01 },
	{ 0x5B5B, 0x49 },
	{ 0x5B5C, 0x0F },
	{ 0x5B5D, 0xB8 },
	{ 0x5B5E, 0x00 },
	{ 0x5B5F, 0x05 },
	{ 0x5B60, 0x0F },
	{ 0x5B61, 0xB9 },
	{ 0x5B62, 0x01 },
	{ 0x5B63, 0x42 },
	{ 0x5B64, 0x02 },
	{ 0x5B65, 0x9C },
	{ 0x5B66, 0x0E },
	{ 0x5B67, 0xA2 },
	{ 0x5B68, 0x0F },
	{ 0x5B69, 0xC2 },
	{ 0x5B6A, 0x00 },
	{ 0x5B6B, 0x40 },
	{ 0x5B6C, 0x01 },
	{ 0x5B6D, 0x1A },
	{ 0x5B6E, 0x0F },
	{ 0x5B6F, 0xA6 },
	{ 0x5B70, 0x00 },
	{ 0x5B71, 0x3A },
	{ 0x5B72, 0x0F },
	{ 0x5B73, 0x70 },
	{ 0x5B74, 0x01 },
	{ 0x5B75, 0x57 },
	// clang-format on
};

/**
 * Date: 2024-01-09
 * Author: Halsten.yang
 * Input clock frequency: 27mhz
 * Image output size: 3840x2160
 * Pixel data format: hdr3 pwl14
 * Frame timing and frame rate: 20fps
 * System clock frequency: 69mhz
 * Output interface and data rate: 4lane 1093mbps
 */
static const struct reg_cfg init_cfgs_raw14_20fps_27m[] = {
	// clang-format off
	{ 0x3208, 0x04 },
	{ 0x4620, 0x04 },
	{ 0x3208, 0x14 },
	{ 0x3208, 0x05 },
	{ 0x4620, 0x04 },
	{ 0x3208, 0x15 },
	{ 0x3208, 0x02 },
	{ 0x3507, 0x00 },
	{ 0x3208, 0x12 },
	{ 0x3208, 0xA2 },
	{ 0x0305, 0x5C },
	{ 0x0316, 0x00 },
	{ 0x0317, 0x00 },
	{ 0x0318, 0x00 },
	{ 0x0320, 0x02 },
	{ 0x0321, 0x33 },
	{ 0x0325, 0x95 },
	{ 0x0408, 0xE7 },
	{ 0x0409, 0xFF },
	{ 0x040A, 0x2B },
	{ 0x040B, 0x32 },
	{ 0x040C, 0x28 },
	{ 0x040D, 0x5A },
	{ 0x040E, 0x0C },
	{ 0x3002, 0xF8 },
	{ 0x3012, 0x41 },
	{ 0x2803, 0xFE },
	{ 0x280B, 0x00 },
	{ 0x280C, 0x79 },
	{ 0x3700, 0x19 },
	{ 0x3703, 0x43 },
	{ 0x3705, 0x00 },
	{ 0x3706, 0x37 },
	{ 0x3708, 0x32 },
	{ 0x3709, 0x5E },
	{ 0x370A, 0x00 },
	{ 0x370B, 0x83 },
	{ 0x370E, 0x51 },
	{ 0x3712, 0x13 },
	{ 0x3717, 0x07 },
	{ 0x3718, 0x72 },
	{ 0x3719, 0x31 },
	{ 0x372B, 0x01 },
	{ 0x372C, 0xB0 },
	{ 0x372D, 0x1E },
	{ 0x3730, 0x05 },
	{ 0x3731, 0x43 },
	{ 0x3733, 0x01 },
	{ 0x3738, 0x27 },
	{ 0x3739, 0x27 },
	{ 0x373A, 0x22 },
	{ 0x373B, 0x1A },
	{ 0x373F, 0x21 },
	{ 0x3740, 0x21 },
	{ 0x3741, 0x1B },
	{ 0x3742, 0x16 },
	{ 0x3745, 0x01 },
	{ 0x3747, 0x19 },
	{ 0x3748, 0x19 },
	{ 0x3750, 0x32 },
	{ 0x3755, 0x14 },
	{ 0x3756, 0x04 },
	{ 0x3757, 0x16 },
	{ 0x3759, 0x33 },
	{ 0x375A, 0x00 },
	{ 0x375B, 0x6D },
	{ 0x376C, 0x27 },
	{ 0x3778, 0x20 },
	{ 0x377C, 0x88 },
	{ 0x3797, 0x00 },
	{ 0x3798, 0x00 },
	{ 0x3799, 0x00 },
	{ 0x379C, 0x58 },
	{ 0x379E, 0x00 },
	{ 0x379F, 0x00 },
	{ 0x37A0, 0x00 },
	{ 0x37A1, 0x00 },
	{ 0x37BC, 0x22 },
	{ 0x37C0, 0x01 },
	{ 0x37C4, 0x34 },
	{ 0x37C5, 0x2F },
	{ 0x37C6, 0x2A },
	{ 0x37C7, 0x1E },
	{ 0x37C8, 0x02 },
	{ 0x37C9, 0x09 },
	{ 0x37D0, 0x00 },
	{ 0x37D1, 0x32 },
	{ 0x37D2, 0x00 },
	{ 0x37D3, 0x6C },
	{ 0x37D5, 0x32 },
	{ 0x37D6, 0x00 },
	{ 0x37D7, 0x66 },
	{ 0x37DC, 0x5A },
	{ 0x37DD, 0x57 },
	{ 0x3C03, 0x01 },
	{ 0x3C04, 0x01 },
	{ 0x3C06, 0x21 },
	{ 0x3C08, 0x01 },
	{ 0x3C09, 0x01 },
	{ 0x3C0A, 0x01 },
	{ 0x3C0B, 0x21 },
	{ 0x3C12, 0x40 },
	{ 0x3C13, 0x21 },
	{ 0x3C14, 0x03 },
	{ 0x3C21, 0x00 },
	{ 0x3C22, 0xB3 },
	{ 0x3C2A, 0x11 },
	{ 0x3C39, 0x11 },
	{ 0x3C3A, 0x01 },
	{ 0x3C3C, 0x00 },
	{ 0x3C3D, 0x01 },
	{ 0x3C3E, 0x06 },
	{ 0x3C55, 0x00 },
	{ 0x3C57, 0x23 },
	{ 0x3C58, 0x27 },
	{ 0x3C5A, 0x11 },
	{ 0x3C5F, 0x08 },
	{ 0x3C61, 0x80 },
	{ 0x3C70, 0x62 },
	{ 0x3C74, 0x43 },
	{ 0x3C78, 0x77 },
	{ 0x3CC0, 0x00 },
	{ 0x3CC1, 0x00 },
	{ 0x3CC2, 0x00 },
	{ 0x3CC3, 0x00 },
	{ 0x3CC8, 0x00 },
	{ 0x3CC9, 0x00 },
	{ 0x3CCA, 0x00 },
	{ 0x3CCB, 0x00 },
	{ 0x3CE0, 0x00 },
	{ 0x3CE1, 0x01 },
	{ 0x3CE2, 0x01 },
	{ 0x3CE3, 0xD5 },
	{ 0x3CE8, 0x00 },
	{ 0x3CE9, 0x01 },
	{ 0x3CEA, 0x00 },
	{ 0x3CEB, 0x58 },
	{ 0x320E, 0x00 },
	{ 0x320F, 0x00 },
	{ 0x3211, 0x61 },
	{ 0x3215, 0xCD },
	{ 0x3219, 0x08 },
	{ 0x3400, 0x08 },
	{ 0x3408, 0x01 },
	{ 0x3506, 0x30 },
	{ 0x3586, 0x50 },
	{ 0x3589, 0x50 },
	{ 0x358B, 0x04 },
	{ 0x3541, 0x00 },
	{ 0x3542, 0x04 },
	{ 0x3546, 0x10 },
	{ 0x3548, 0x01 },
	{ 0x35C2, 0x02 },
	{ 0x35C6, 0x90 },
	{ 0x35C9, 0x50 },
	{ 0x35CB, 0x04 },
	{ 0x3600, 0x8F },
	{ 0x3603, 0x40 },
	{ 0x3606, 0x00 },
	{ 0x3607, 0x02 },
	{ 0x3609, 0xE0 },
	{ 0x360A, 0x01 },
	{ 0x360E, 0x1D },
	{ 0x3611, 0x47 },
	{ 0x3616, 0x8A },
	{ 0x361B, 0x5C },
	{ 0x361E, 0xDC },
	{ 0x361F, 0xCA },
	{ 0x3657, 0x0A },
	{ 0x3659, 0x0A },
	{ 0x365A, 0x0F },
	{ 0x3674, 0x08 },
	{ 0x3677, 0x47 },
	{ 0x3678, 0x47 },
	{ 0x3802, 0x00 },
	{ 0x3803, 0x04 },
	{ 0x3806, 0x08 },
	{ 0x3807, 0x7B },
	{ 0x3808, 0x0F },
	{ 0x3809, 0x00 },
	{ 0x380A, 0x08 },
	{ 0x380B, 0x70 },
	{ 0x380C, 0x03 },
	{ 0x380D, 0xF5 },
	{ 0x380E, 0x04 },
	{ 0x380F, 0x66 },
	{ 0x3810, 0x00 },
	{ 0x3811, 0x08 },
	{ 0x3812, 0x00 },
	{ 0x3813, 0x04 },
	{ 0x3816, 0x01 },
	{ 0x3817, 0x01 },
	{ 0x381C, 0x18 },
	{ 0x381E, 0x01 },
	{ 0x381F, 0x01 },
	{ 0x3820, 0x00 },
	{ 0x3821, 0x19 },
	{ 0x3832, 0x00 },
	{ 0x3834, 0x00 },
	{ 0x384C, 0x01 },
	{ 0x384D, 0xEC },
	{ 0x3850, 0x00 },
	{ 0x3851, 0x42 },
	{ 0x3852, 0x00 },
	{ 0x3853, 0x40 },
	{ 0x3858, 0x04 },
	{ 0x388C, 0x01 },
	{ 0x388D, 0xE7 },
	{ 0x3B40, 0x05 },
	{ 0x3B41, 0x40 },
	{ 0x3B42, 0x00 },
	{ 0x3B43, 0x90 },
	{ 0x3B44, 0x00 },
	{ 0x3B45, 0x20 },
	{ 0x3B46, 0x00 },
	{ 0x3B47, 0x20 },
	{ 0x3B48, 0x1A },
	{ 0x3B49, 0x13 },
	{ 0x3B4A, 0x17 },
	{ 0x3B4B, 0x2F },
	{ 0x3B4C, 0x00 },
	{ 0x3B4D, 0x10 },
	{ 0x3B8A, 0x08 },
	{ 0x3B8B, 0x70 },
	{ 0x3B8C, 0x0F },
	{ 0x3B8D, 0x00 },
	{ 0x3B92, 0x08 },
	{ 0x3B93, 0x70 },
	{ 0x3B94, 0x0F },
	{ 0x3B95, 0x00 },
	{ 0x3B9E, 0x09 },
	{ 0x3D8A, 0x03 },
	{ 0x3D8B, 0xFF },
	{ 0x3DA4, 0x00 },
	{ 0x420E, 0x44 },
	{ 0x420F, 0x41 },
	{ 0x4210, 0x57 },
	{ 0x4211, 0x78 },
	{ 0x421E, 0x02 },
	{ 0x421F, 0x55 },
	{ 0x4220, 0xE1 },
	{ 0x4221, 0x07 },
	{ 0x4301, 0xFF },
	{ 0x4307, 0x03 },
	{ 0x4308, 0x13 },
	{ 0x4309, 0x00 },
	{ 0x430A, 0x13 },
	{ 0x430D, 0x93 },
	{ 0x430F, 0x57 },
	{ 0x4310, 0x95 },
	{ 0x4311, 0x16 },
	{ 0x4316, 0x00 },
	{ 0x4317, 0x38 },
	{ 0x4319, 0x03 },
	{ 0x431A, 0x00 },
	{ 0x431B, 0x00 },
	{ 0x431C, 0x27 },
	{ 0x431D, 0x67 },
	{ 0x431E, 0x11 },
	{ 0x431F, 0x28 },
	{ 0x4320, 0x3B },
	{ 0x4323, 0x80 },
	{ 0x4324, 0x00 },
	{ 0x4503, 0x4E },
	{ 0x4505, 0x00 },
	{ 0x4508, 0x10 },
	{ 0x4509, 0x00 },
	{ 0x450A, 0x00 },
	{ 0x4583, 0x07 },
	{ 0x4584, 0x6A },
	{ 0x4585, 0x08 },
	{ 0x4586, 0x05 },
	{ 0x4587, 0x04 },
	{ 0x4588, 0x73 },
	{ 0x4589, 0x05 },
	{ 0x458A, 0x1F },
	{ 0x458B, 0x02 },
	{ 0x458C, 0xDC },
	{ 0x458D, 0x03 },
	{ 0x458E, 0x02 },
	{ 0x4597, 0x07 },
	{ 0x4598, 0x40 },
	{ 0x4599, 0x0C },
	{ 0x459A, 0x0C },
	{ 0x459B, 0xFA },
	{ 0x459C, 0xF8 },
	{ 0x4602, 0x00 },
	{ 0x4603, 0x13 },
	{ 0x4604, 0x00 },
	{ 0x4606, 0x06 },
	{ 0x4607, 0x06 },
	{ 0x460A, 0x30 },
	{ 0x4610, 0x00 },
	{ 0x4611, 0xE0 },
	{ 0x4612, 0x01 },
	{ 0x4613, 0x00 },
	{ 0x4614, 0x00 },
	{ 0x4615, 0xC8 },
	{ 0x4616, 0x01 },
	{ 0x4617, 0x00 },
	{ 0x4700, 0xE0 },
	{ 0x4702, 0x00 },
	{ 0x4800, 0x04 },
	{ 0x480A, 0x22 },
	{ 0x4813, 0xE4 },
	{ 0x4814, 0x2A },
	{ 0x4837, 0x07 },
	{ 0x484B, 0x47 },
	{ 0x484F, 0x00 },
	{ 0x4850, 0x47 },
	{ 0x4D30, 0x0A },
	{ 0x4D31, 0x00 },
	{ 0x4D5A, 0x1A },
	{ 0x4F00, 0x3F },
	{ 0x4F01, 0xFF },
	{ 0x4F02, 0xFF },
	{ 0x4F03, 0x2D },
	{ 0x6A00, 0x00 },
	{ 0x6A01, 0x20 },
	{ 0x6A02, 0x00 },
	{ 0x6A03, 0x20 },
	{ 0x6A04, 0x02 },
	{ 0x6A05, 0x80 },
	{ 0x6A06, 0x01 },
	{ 0x6A07, 0xE0 },
	{ 0x6A08, 0xCF },
	{ 0x6A09, 0x01 },
	{ 0x6A0A, 0x40 },
	{ 0x6A20, 0x00 },
	{ 0x6A21, 0x04 },
	{ 0x6A22, 0x00 },
	{ 0x6A23, 0x00 },
	{ 0x6A24, 0x00 },
	{ 0x6A25, 0x00 },
	{ 0x6A26, 0x00 },
	{ 0x6A27, 0x00 },
	{ 0x6A28, 0x00 },
	{ 0x5AEF, 0xD9 },
	{ 0x5AF1, 0xF0 },
	{ 0x5AF3, 0x03 },
	{ 0x5B79, 0xD9 },
	{ 0x5B7B, 0xF0 },
	{ 0x5B7D, 0x03 },
	{ 0x5B7E, 0x01 },
	{ 0x5200, 0x04 },
	{ 0x5201, 0x04 },
	{ 0x5202, 0x04 },
	{ 0x5203, 0x04 },
	{ 0x5400, 0x04 },
	{ 0x5401, 0x04 },
	{ 0x5402, 0x04 },
	{ 0x5403, 0x04 },
	{ 0x5600, 0x04 },
	{ 0x5601, 0x04 },
	{ 0x5602, 0x04 },
	{ 0x5603, 0x04 },
	{ 0x5800, 0x04 },
	{ 0x5801, 0x04 },
	{ 0x5802, 0x04 },
	{ 0x5803, 0x04 },
	{ 0x5B80, 0xC0 },
	{ 0x5B84, 0x02 },
	{ 0x5B85, 0xCC },
	{ 0x5B8E, 0x80 },
	{ 0x5B8F, 0x40 },
	{ 0x5B92, 0x80 },
	{ 0x5B93, 0x80 },
	{ 0x5B94, 0x00 },
	{ 0x5B95, 0x00 },
	{ 0x5B96, 0x40 },
	{ 0x5B97, 0x80 },
	{ 0x5B98, 0x10 },
	{ 0x5B99, 0x00 },
	{ 0x5B9A, 0x00 },
	{ 0x5B9B, 0x00 },
	{ 0x5B9C, 0x00 },
	{ 0x5B9D, 0x00 },
	{ 0x5B9E, 0x00 },
	{ 0x5B9F, 0x00 },
	{ 0x5BA0, 0x00 },
	{ 0x5BA1, 0x00 },
	{ 0x5BA2, 0x00 },
	{ 0x5BA3, 0x00 },
	{ 0x5BA4, 0x00 },
	{ 0x5BA5, 0x00 },
	{ 0x5BA8, 0x00 },
	{ 0x5BA9, 0xC0 },
	{ 0x5BAA, 0x01 },
	{ 0x5BAB, 0x40 },
	{ 0x5BAC, 0x02 },
	{ 0x5BAD, 0x40 },
	{ 0x5BAE, 0x00 },
	{ 0x5BAF, 0x60 },
	{ 0x5BB0, 0x00 },
	{ 0x5BB1, 0x80 },
	{ 0x5BB2, 0x00 },
	{ 0x5BB3, 0xC0 },
	{ 0x5BB4, 0x05 },
	{ 0x5BB5, 0xC6 },
	{ 0x5BB8, 0x01 },
	{ 0x5BB9, 0x01 },
	{ 0x5BBA, 0x01 },
	{ 0x5BBE, 0x0A },
	{ 0x5BC0, 0x04 },
	{ 0x5BC1, 0x06 },
	{ 0x5BC4, 0x04 },
	{ 0x5BC5, 0x02 },
	{ 0x5BC7, 0x00 },
	{ 0x5BC8, 0x80 },
	{ 0x5BD2, 0x20 },
	{ 0x5BD4, 0x40 },
	{ 0x5BD5, 0x20 },
	{ 0x5BD6, 0x00 },
	{ 0x5BD7, 0x00 },
	{ 0x5BD8, 0x00 },
	{ 0x5BD9, 0x00 },
	{ 0x5BDA, 0x00 },
	{ 0x5BDB, 0x00 },
	{ 0x5BDC, 0x00 },
	{ 0x5BDD, 0x00 },
	{ 0x5BDE, 0x00 },
	{ 0x5BDF, 0x00 },
	{ 0x5BE0, 0x00 },
	{ 0x5BE7, 0x86 },
	{ 0x5C00, 0xC0 },
	{ 0x5C04, 0x02 },
	{ 0x5C05, 0xCC },
	{ 0x5C0F, 0x80 },
	{ 0x5C12, 0x60 },
	{ 0x5C13, 0x10 },
	{ 0x5C14, 0x80 },
	{ 0x5C15, 0x80 },
	{ 0x5C16, 0x80 },
	{ 0x5C17, 0x20 },
	{ 0x5C18, 0x00 },
	{ 0x5C19, 0x80 },
	{ 0x5C1A, 0x40 },
	{ 0x5C1B, 0x20 },
	{ 0x5C1C, 0x00 },
	{ 0x5C1D, 0x00 },
	{ 0x5C1E, 0x80 },
	{ 0x5C1F, 0x00 },
	{ 0x5C22, 0x00 },
	{ 0x5C23, 0x00 },
	{ 0x5C24, 0x00 },
	{ 0x5C28, 0x02 },
	{ 0x5C29, 0x00 },
	{ 0x5C2A, 0x02 },
	{ 0x5C2B, 0x76 },
	{ 0x5C2C, 0x03 },
	{ 0x5C2D, 0x08 },
	{ 0x5C2E, 0x00 },
	{ 0x5C2F, 0x40 },
	{ 0x5C30, 0x01 },
	{ 0x5C31, 0x00 },
	{ 0x5C32, 0x02 },
	{ 0x5C33, 0x00 },
	{ 0x5C34, 0x05 },
	{ 0x5C35, 0x33 },
	{ 0x5C38, 0x01 },
	{ 0x5C39, 0x01 },
	{ 0x5C3A, 0x01 },
	{ 0x5C3E, 0x0A },
	{ 0x5C40, 0x04 },
	{ 0x5C44, 0x04 },
	{ 0x5C47, 0x00 },
	{ 0x5C48, 0x80 },
	{ 0x5C4D, 0x40 },
	{ 0x5C51, 0x60 },
	{ 0x5C52, 0x20 },
	{ 0x5C54, 0x80 },
	{ 0x5C55, 0x80 },
	{ 0x5C56, 0x20 },
	{ 0x5C57, 0x00 },
	{ 0x5C59, 0x40 },
	{ 0x5C5A, 0x20 },
	{ 0x5C5B, 0x00 },
	{ 0x5C5C, 0x00 },
	{ 0x5C5D, 0x80 },
	{ 0x5C5E, 0x00 },
	{ 0x5C5F, 0x00 },
	{ 0x5C60, 0x00 },
	{ 0x5C67, 0x86 },
	{ 0x5C80, 0xC0 },
	{ 0x5C84, 0x02 },
	{ 0x5C85, 0xCC },
	{ 0x5C8E, 0x80 },
	{ 0x5C8F, 0x80 },
	{ 0x5C92, 0x80 },
	{ 0x5C93, 0x60 },
	{ 0x5C94, 0x80 },
	{ 0x5C95, 0x80 },
	{ 0x5C96, 0x80 },
	{ 0x5C97, 0x60 },
	{ 0x5C98, 0x40 },
	{ 0x5C99, 0x80 },
	{ 0x5C9A, 0x80 },
	{ 0x5C9B, 0x80 },
	{ 0x5C9C, 0x40 },
	{ 0x5C9D, 0x20 },
	{ 0x5C9E, 0x80 },
	{ 0x5C9F, 0x80 },
	{ 0x5CA0, 0x80 },
	{ 0x5CA1, 0x20 },
	{ 0x5CA2, 0x00 },
	{ 0x5CA3, 0x80 },
	{ 0x5CA4, 0x80 },
	{ 0x5CA5, 0x80 },
	{ 0x5CA8, 0x01 },
	{ 0x5CA9, 0x00 },
	{ 0x5CAA, 0x02 },
	{ 0x5CAB, 0x00 },
	{ 0x5CAC, 0x03 },
	{ 0x5CAD, 0x08 },
	{ 0x5CAE, 0x01 },
	{ 0x5CAF, 0x00 },
	{ 0x5CB0, 0x02 },
	{ 0x5CB1, 0x00 },
	{ 0x5CB2, 0x03 },
	{ 0x5CB3, 0x08 },
	{ 0x5CB4, 0x05 },
	{ 0x5CB5, 0x33 },
	{ 0x5CB8, 0x01 },
	{ 0x5CB9, 0x01 },
	{ 0x5CBA, 0x01 },
	{ 0x5CBE, 0x0A },
	{ 0x5CC6, 0x00 },
	{ 0x5CC7, 0x00 },
	{ 0x5CC8, 0x80 },
	{ 0x5CD2, 0x60 },
	{ 0x5CD5, 0x80 },
	{ 0x5CD6, 0x60 },
	{ 0x5CD9, 0x80 },
	{ 0x5CDA, 0x80 },
	{ 0x5CDB, 0x40 },
	{ 0x5CDD, 0x80 },
	{ 0x5CDE, 0x80 },
	{ 0x5CDF, 0x80 },
	{ 0x5CE2, 0x80 },
	{ 0x5CE3, 0x80 },
	{ 0x5CE4, 0x80 },
	{ 0x5CE7, 0x86 },
	{ 0x6006, 0x00 },
	{ 0x6007, 0x04 },
	{ 0x6008, 0x08 },
	{ 0x6009, 0x72 },
	{ 0x600A, 0x00 },
	{ 0x600B, 0x08 },
	{ 0x600C, 0x0F },
	{ 0x600D, 0x08 },
	{ 0x6016, 0x00 },
	{ 0x6026, 0x00 },
	{ 0x6027, 0x04 },
	{ 0x6028, 0x08 },
	{ 0x6029, 0x72 },
	{ 0x602A, 0x00 },
	{ 0x602B, 0x08 },
	{ 0x602C, 0x0F },
	{ 0x602D, 0x08 },
	{ 0x6046, 0x00 },
	{ 0x6047, 0x04 },
	{ 0x6048, 0x08 },
	{ 0x6049, 0x72 },
	{ 0x604A, 0x00 },
	{ 0x604B, 0x08 },
	{ 0x604C, 0x0F },
	{ 0x604D, 0x08 },
	{ 0x6066, 0x00 },
	{ 0x6067, 0x04 },
	{ 0x6068, 0x08 },
	{ 0x6069, 0x72 },
	{ 0x606A, 0x00 },
	{ 0x606B, 0x08 },
	{ 0x606C, 0x0F },
	{ 0x606D, 0x08 },
	{ 0x6086, 0x00 },
	{ 0x6087, 0x04 },
	{ 0x6088, 0x08 },
	{ 0x6089, 0x72 },
	{ 0x608A, 0x00 },
	{ 0x608B, 0x08 },
	{ 0x608C, 0x0F },
	{ 0x608D, 0x08 },
	{ 0x52C3, 0x00 },
	{ 0x52C4, 0x00 },
	{ 0x52C6, 0x01 },
	{ 0x52C7, 0x23 },
	{ 0x52C9, 0x02 },
	{ 0x52CA, 0x01 },
	{ 0x52CB, 0x01 },
	{ 0x52CD, 0x02 },
	{ 0x52CE, 0x01 },
	{ 0x52CF, 0x01 },
	{ 0x54C3, 0x00 },
	{ 0x54C4, 0x00 },
	{ 0x54C6, 0x01 },
	{ 0x54C7, 0x23 },
	{ 0x54C9, 0x02 },
	{ 0x54CA, 0x01 },
	{ 0x54CB, 0x01 },
	{ 0x54CD, 0x02 },
	{ 0x54CE, 0x01 },
	{ 0x54CF, 0x01 },
	{ 0x56C3, 0x00 },
	{ 0x56C4, 0x00 },
	{ 0x56C6, 0x01 },
	{ 0x56C7, 0x23 },
	{ 0x56C9, 0x02 },
	{ 0x56CA, 0x01 },
	{ 0x56CB, 0x01 },
	{ 0x56CD, 0x02 },
	{ 0x56CE, 0x01 },
	{ 0x56CF, 0x01 },
	{ 0x58C3, 0x00 },
	{ 0x58C4, 0x00 },
	{ 0x58C6, 0x01 },
	{ 0x58C7, 0x23 },
	{ 0x58C9, 0x02 },
	{ 0x58CA, 0x01 },
	{ 0x58CB, 0x01 },
	{ 0x58CD, 0x02 },
	{ 0x58CE, 0x01 },
	{ 0x58CF, 0x01 },
	{ 0x5E00, 0x01 },
	{ 0x5E01, 0x08 },
	{ 0x5E02, 0x09 },
	{ 0x5E03, 0x0A },
	{ 0x5E04, 0x0B },
	{ 0x5E05, 0x0C },
	{ 0x5E06, 0x0C },
	{ 0x5E07, 0x0C },
	{ 0x5E08, 0x0C },
	{ 0x5E09, 0x0C },
	{ 0x5E0A, 0x0D },
	{ 0x5E0B, 0x0D },
	{ 0x5E0C, 0x0D },
	{ 0x5E0D, 0x0D },
	{ 0x5E0E, 0x0D },
	{ 0x5E0F, 0x0E },
	{ 0x5E10, 0x0E },
	{ 0x5E11, 0x0E },
	{ 0x5E12, 0x0E },
	{ 0x5E13, 0x0F },
	{ 0x5E14, 0x0F },
	{ 0x5E15, 0x10 },
	{ 0x5E16, 0x11 },
	{ 0x5E17, 0x11 },
	{ 0x5E18, 0x12 },
	{ 0x5E19, 0x12 },
	{ 0x5E1A, 0x13 },
	{ 0x5E1B, 0x13 },
	{ 0x5E1C, 0x14 },
	{ 0x5E1D, 0x14 },
	{ 0x5E1E, 0x16 },
	{ 0x5E1F, 0x16 },
	{ 0x5E20, 0x16 },
	{ 0x5E21, 0x08 },
	{ 0x5E22, 0x00 },
	{ 0x5E23, 0x01 },
	{ 0x5E26, 0x00 },
	{ 0x5E27, 0x7F },
	{ 0x5E29, 0x00 },
	{ 0x5E2A, 0x80 },
	{ 0x5E2C, 0x00 },
	{ 0x5E2D, 0x80 },
	{ 0x5E2F, 0x00 },
	{ 0x5E30, 0x80 },
	{ 0x5E32, 0x00 },
	{ 0x5E33, 0x80 },
	{ 0x5E34, 0x00 },
	{ 0x5E35, 0x00 },
	{ 0x5E36, 0x80 },
	{ 0x5E37, 0x00 },
	{ 0x5E38, 0x00 },
	{ 0x5E39, 0x80 },
	{ 0x5E3A, 0x00 },
	{ 0x5E3B, 0x00 },
	{ 0x5E3C, 0x80 },
	{ 0x5E3D, 0x00 },
	{ 0x5E3E, 0x00 },
	{ 0x5E3F, 0x80 },
	{ 0x5E40, 0x00 },
	{ 0x5E41, 0x00 },
	{ 0x5E42, 0x80 },
	{ 0x5E43, 0x00 },
	{ 0x5E44, 0x00 },
	{ 0x5E45, 0x80 },
	{ 0x5E46, 0x00 },
	{ 0x5E47, 0x00 },
	{ 0x5E48, 0x80 },
	{ 0x5E49, 0x00 },
	{ 0x5E4A, 0x00 },
	{ 0x5E4B, 0x80 },
	{ 0x5E4C, 0x00 },
	{ 0x5E4D, 0x01 },
	{ 0x5E4E, 0x00 },
	{ 0x5E50, 0x01 },
	{ 0x5E51, 0x00 },
	{ 0x5E53, 0x01 },
	{ 0x5E54, 0x00 },
	{ 0x5E56, 0x01 },
	{ 0x5E57, 0x00 },
	{ 0x5E59, 0x01 },
	{ 0x5E5A, 0x00 },
	{ 0x5E5C, 0x01 },
	{ 0x5E5D, 0x00 },
	{ 0x5E5F, 0x02 },
	{ 0x5E60, 0x00 },
	{ 0x5E62, 0x02 },
	{ 0x5E63, 0x00 },
	{ 0x5E65, 0x02 },
	{ 0x5E66, 0x00 },
	{ 0x5E68, 0x02 },
	{ 0x5E69, 0x00 },
	{ 0x5E6B, 0x02 },
	{ 0x5E6C, 0x00 },
	{ 0x5E6E, 0x04 },
	{ 0x5E6F, 0x00 },
	{ 0x5E71, 0x04 },
	{ 0x5E72, 0x00 },
	{ 0x5E74, 0x04 },
	{ 0x5E75, 0x00 },
	{ 0x5E77, 0x04 },
	{ 0x5E78, 0x00 },
	{ 0x5E7A, 0x08 },
	{ 0x5E7B, 0x00 },
	{ 0x5E7D, 0x08 },
	{ 0x5E7E, 0x00 },
	{ 0x5E80, 0x08 },
	{ 0x5E81, 0x00 },
	{ 0x5E83, 0x00 },
	{ 0x5E84, 0x80 },
	{ 0x5F00, 0x02 },
	{ 0x5F01, 0x08 },
	{ 0x5F02, 0x09 },
	{ 0x5F03, 0x0A },
	{ 0x5F04, 0x0B },
	{ 0x5F05, 0x0C },
	{ 0x5F06, 0x0C },
	{ 0x5F07, 0x0C },
	{ 0x5F08, 0x0C },
	{ 0x5F09, 0x0C },
	{ 0x5F0A, 0x0D },
	{ 0x5F0B, 0x0D },
	{ 0x5F0C, 0x0D },
	{ 0x5F0D, 0x0D },
	{ 0x5F0E, 0x0D },
	{ 0x5F0F, 0x0E },
	{ 0x5F10, 0x0E },
	{ 0x5F11, 0x0E },
	{ 0x5F12, 0x0E },
	{ 0x5F13, 0x0F },
	{ 0x5F14, 0x0F },
	{ 0x5F15, 0x10 },
	{ 0x5F16, 0x11 },
	{ 0x5F17, 0x11 },
	{ 0x5F18, 0x12 },
	{ 0x5F19, 0x12 },
	{ 0x5F1A, 0x13 },
	{ 0x5F1B, 0x13 },
	{ 0x5F1C, 0x14 },
	{ 0x5F1D, 0x14 },
	{ 0x5F1E, 0x16 },
	{ 0x5F1F, 0x16 },
	{ 0x5F20, 0x16 },
	{ 0x5F21, 0x08 },
	{ 0x5F22, 0x00 },
	{ 0x5F23, 0x01 },
	{ 0x5F26, 0x02 },
	{ 0x5F27, 0x00 },
	{ 0x5F29, 0x02 },
	{ 0x5F2A, 0x00 },
	{ 0x5F2C, 0x02 },
	{ 0x5F2D, 0x00 },
	{ 0x5F2F, 0x02 },
	{ 0x5F30, 0x00 },
	{ 0x5F32, 0x02 },
	{ 0x5F33, 0x00 },
	{ 0x5F34, 0x00 },
	{ 0x5F35, 0x02 },
	{ 0x5F36, 0x00 },
	{ 0x5F37, 0x00 },
	{ 0x5F38, 0x02 },
	{ 0x5F39, 0x00 },
	{ 0x5F3A, 0x00 },
	{ 0x5F3B, 0x02 },
	{ 0x5F3C, 0x00 },
	{ 0x5F3D, 0x00 },
	{ 0x5F3E, 0x02 },
	{ 0x5F3F, 0x00 },
	{ 0x5F40, 0x00 },
	{ 0x5F41, 0x02 },
	{ 0x5F42, 0x00 },
	{ 0x5F43, 0x00 },
	{ 0x5F44, 0x02 },
	{ 0x5F45, 0x00 },
	{ 0x5F46, 0x00 },
	{ 0x5F47, 0x04 },
	{ 0x5F48, 0x00 },
	{ 0x5F49, 0x00 },
	{ 0x5F4A, 0x04 },
	{ 0x5F4B, 0x00 },
	{ 0x5F4C, 0x00 },
	{ 0x5F4D, 0x04 },
	{ 0x5F4E, 0x00 },
	{ 0x5F50, 0x04 },
	{ 0x5F51, 0x00 },
	{ 0x5F53, 0x04 },
	{ 0x5F54, 0x00 },
	{ 0x5F56, 0x04 },
	{ 0x5F57, 0x00 },
	{ 0x5F59, 0x04 },
	{ 0x5F5A, 0x00 },
	{ 0x5F5C, 0x04 },
	{ 0x5F5D, 0x00 },
	{ 0x5F5F, 0x08 },
	{ 0x5F60, 0x00 },
	{ 0x5F62, 0x08 },
	{ 0x5F63, 0x00 },
	{ 0x5F65, 0x08 },
	{ 0x5F66, 0x00 },
	{ 0x5F68, 0x08 },
	{ 0x5F69, 0x00 },
	{ 0x5F6B, 0x08 },
	{ 0x5F6C, 0x00 },
	{ 0x5F6E, 0x10 },
	{ 0x5F6F, 0x00 },
	{ 0x5F71, 0x10 },
	{ 0x5F72, 0x00 },
	{ 0x5F74, 0x10 },
	{ 0x5F75, 0x00 },
	{ 0x5F77, 0x10 },
	{ 0x5F78, 0x00 },
	{ 0x5F7A, 0x20 },
	{ 0x5F7B, 0x00 },
	{ 0x5F7D, 0x20 },
	{ 0x5F7E, 0x00 },
	{ 0x5F80, 0x20 },
	{ 0x5F81, 0x00 },
	{ 0x5F83, 0x00 },
	{ 0x5F84, 0xFF },
	{ 0x5240, 0x0F },
	{ 0x5241, 0x00 },
	{ 0x5242, 0x00 },
	{ 0x5243, 0x00 },
	{ 0x5244, 0x00 },
	{ 0x5245, 0x00 },
	{ 0x5246, 0x00 },
	{ 0x5247, 0x00 },
	{ 0x5248, 0x00 },
	{ 0x5249, 0x00 },
	{ 0x5440, 0x0F },
	{ 0x5441, 0x00 },
	{ 0x5442, 0x00 },
	{ 0x5443, 0x00 },
	{ 0x5444, 0x00 },
	{ 0x5445, 0x00 },
	{ 0x5446, 0x00 },
	{ 0x5447, 0x00 },
	{ 0x5448, 0x00 },
	{ 0x5449, 0x00 },
	{ 0x5640, 0x0F },
	{ 0x5641, 0x00 },
	{ 0x5642, 0x00 },
	{ 0x5643, 0x00 },
	{ 0x5644, 0x00 },
	{ 0x5645, 0x00 },
	{ 0x5646, 0x00 },
	{ 0x5647, 0x00 },
	{ 0x5648, 0x00 },
	{ 0x5649, 0x00 },
	{ 0x5840, 0x0F },
	{ 0x5841, 0x00 },
	{ 0x5842, 0x00 },
	{ 0x5843, 0x00 },
	{ 0x5844, 0x00 },
	{ 0x5845, 0x00 },
	{ 0x5846, 0x00 },
	{ 0x5847, 0x00 },
	{ 0x5848, 0x00 },
	{ 0x5849, 0x00 },
	{ 0x5DC0, 0x04 },
	{ 0x5DC1, 0x04 },
	{ 0x5DC2, 0x04 },
	{ 0x5DC3, 0x04 },
	{ 0x5DE0, 0x04 },
	{ 0x5DE1, 0x04 },
	{ 0x5DE2, 0x04 },
	{ 0x5DE3, 0x04 },
	{ 0x5000, 0x87 },
	{ 0x5001, 0x75 },
	{ 0x5002, 0x7F },
	{ 0x5003, 0x3A },
	{ 0x5004, 0x1E },
	{ 0x5005, 0x1E },
	{ 0x5006, 0x1E },
	{ 0x5007, 0x1E },
	{ 0x5008, 0x00 },
	{ 0x500A, 0x3F },
	{ 0x500C, 0x00 },
	{ 0x502A, 0x10 },
	{ 0x502C, 0x00 },
	{ 0x504B, 0x00 },
	{ 0x5053, 0x00 },
	{ 0x505B, 0x00 },
	{ 0x5063, 0x00 },
	{ 0x5070, 0x00 },
	{ 0x5074, 0x04 },
	{ 0x4000, 0x78 },
	{ 0x4001, 0x2B },
	{ 0x4008, 0x01 },
	{ 0x400B, 0x02 },
	{ 0x400E, 0x02 },
	{ 0x400F, 0x80 },
	{ 0x4012, 0x30 },
	{ 0x4013, 0x01 },
	{ 0x4018, 0x12 },
	{ 0x401E, 0x00 },
	{ 0x401F, 0x02 },
	{ 0x4021, 0x05 },
	{ 0x4022, 0x40 },
	{ 0x4023, 0x20 },
	{ 0x4026, 0x00 },
	{ 0x4027, 0x40 },
	{ 0x4028, 0x00 },
	{ 0x4029, 0x40 },
	{ 0x402A, 0x00 },
	{ 0x402B, 0x40 },
	{ 0x402C, 0x00 },
	{ 0x402D, 0x40 },
	{ 0x407E, 0xCC },
	{ 0x407F, 0x18 },
	{ 0x4082, 0x01 },
	{ 0x4083, 0x18 },
	{ 0x4084, 0x01 },
	{ 0x4085, 0x18 },
	{ 0x4086, 0x00 },
	{ 0x4087, 0xA0 },
	{ 0x4640, 0x40 },
	{ 0x4641, 0x11 },
	{ 0x4642, 0x0E },
	{ 0x4643, 0xEE },
	{ 0x4646, 0x0F },
	{ 0x4648, 0x00 },
	{ 0x4649, 0x03 },
	{ 0x5D09, 0x6B },
	{ 0x5D0B, 0x6B },
	{ 0x5D19, 0x6B },
	{ 0x5D40, 0x02 },
	{ 0x5D42, 0x02 },
	{ 0x5D43, 0x85 },
	{ 0x5D44, 0x1B },
	{ 0x5D45, 0xDD },
	{ 0x5D46, 0x02 },
	{ 0x5D47, 0x85 },
	{ 0x5D48, 0x1B },
	{ 0x5D49, 0xDD },
	{ 0x5D4A, 0x02 },
	{ 0x5D4B, 0x40 },
	{ 0x5D4C, 0x02 },
	{ 0x5D4D, 0x40 },
	{ 0x5D4E, 0x02 },
	{ 0x5D4F, 0x40 },
	{ 0x5D50, 0x18 },
	{ 0x5D51, 0x80 },
	{ 0x5D52, 0x18 },
	{ 0x5D53, 0x80 },
	{ 0x5D54, 0x18 },
	{ 0x5D55, 0x80 },
	{ 0x5D57, 0x10 },
	{ 0x5D59, 0x20 },
	{ 0x5D5C, 0x02 },
	{ 0x5D5D, 0x40 },
	{ 0x5D5E, 0x02 },
	{ 0x5D5F, 0x40 },
	{ 0x5D60, 0x03 },
	{ 0x5D61, 0x40 },
	{ 0x5D62, 0x07 },
	{ 0x5D63, 0x28 },
	{ 0x5D65, 0xFF },
	{ 0x6102, 0x1F },
	{ 0x610A, 0x0F },
	{ 0x610B, 0x20 },
	{ 0x610C, 0x08 },
	{ 0x610D, 0x80 },
	{ 0x6144, 0x75 },
	{ 0x6145, 0x75 },
	{ 0x6146, 0x75 },
	{ 0x6147, 0x75 },
	{ 0x6148, 0x75 },
	{ 0x6149, 0x75 },
	{ 0x614A, 0x75 },
	{ 0x614B, 0x75 },
	{ 0x614C, 0x75 },
	{ 0x614D, 0x75 },
	{ 0x614E, 0x75 },
	{ 0x614F, 0x75 },
	{ 0x6150, 0x75 },
	{ 0x6151, 0x75 },
	{ 0x6152, 0x75 },
	{ 0x6153, 0x75 },
	{ 0x6154, 0x75 },
	{ 0x6155, 0x75 },
	{ 0x6156, 0x75 },
	{ 0x6157, 0x75 },
	{ 0x6158, 0x75 },
	{ 0x6159, 0x75 },
	{ 0x615A, 0x75 },
	{ 0x615B, 0x75 },
	{ 0x615C, 0x75 },
	{ 0x615D, 0x75 },
	{ 0x615E, 0x75 },
	{ 0x615F, 0x75 },
	{ 0x6160, 0x75 },
	{ 0x6161, 0x75 },
	{ 0x6162, 0x75 },
	{ 0x6163, 0x75 },
	{ 0x6164, 0x75 },
	{ 0x6165, 0x75 },
	{ 0x6166, 0x75 },
	{ 0x6167, 0x75 },
	{ 0x6168, 0x75 },
	{ 0x6169, 0x75 },
	{ 0x616A, 0x75 },
	{ 0x616B, 0x75 },
	{ 0x616C, 0x75 },
	{ 0x616D, 0x75 },
	{ 0x616E, 0x75 },
	{ 0x616F, 0x75 },
	{ 0x6170, 0x75 },
	{ 0x6171, 0x75 },
	{ 0x6172, 0x75 },
	{ 0x6173, 0x75 },
	{ 0x6174, 0x75 },
	{ 0x6175, 0x75 },
	{ 0x6176, 0x75 },
	{ 0x6177, 0x75 },
	{ 0x6178, 0x75 },
	{ 0x6179, 0x75 },
	{ 0x617A, 0x75 },
	{ 0x617B, 0x75 },
	{ 0x617C, 0x75 },
	{ 0x617D, 0x75 },
	{ 0x617E, 0x75 },
	{ 0x617F, 0x75 },
	{ 0x6180, 0x75 },
	{ 0x6181, 0x75 },
	{ 0x6182, 0x75 },
	{ 0x6183, 0x75 },
	{ 0x6184, 0x75 },
	{ 0x6185, 0x75 },
	{ 0x6186, 0x75 },
	{ 0x6187, 0x75 },
	{ 0x6188, 0x75 },
	{ 0x6189, 0x75 },
	{ 0x618A, 0x75 },
	{ 0x618B, 0x75 },
	{ 0x618C, 0x75 },
	{ 0x618D, 0x75 },
	{ 0x618E, 0x75 },
	{ 0x618F, 0x75 },
	{ 0x6190, 0x75 },
	{ 0x6191, 0x75 },
	{ 0x6192, 0x75 },
	{ 0x6193, 0x75 },
	{ 0x6194, 0x75 },
	{ 0x6195, 0x75 },
	{ 0x6196, 0x75 },
	{ 0x6197, 0x75 },
	{ 0x6198, 0x75 },
	{ 0x6199, 0x75 },
	{ 0x619A, 0x75 },
	{ 0x619B, 0x75 },
	{ 0x619C, 0x75 },
	{ 0x619D, 0x75 },
	{ 0x619E, 0x75 },
	{ 0x619F, 0x75 },
	{ 0x61A0, 0x75 },
	{ 0x61A1, 0x75 },
	{ 0x61A2, 0x75 },
	{ 0x61A3, 0x75 },
	{ 0x61A4, 0x75 },
	{ 0x61A5, 0x75 },
	{ 0x61A6, 0x75 },
	{ 0x61A7, 0x75 },
	{ 0x61A8, 0x75 },
	{ 0x61A9, 0x75 },
	{ 0x61AA, 0x75 },
	{ 0x61AB, 0x75 },
	{ 0x61AC, 0x75 },
	{ 0x61AD, 0x75 },
	{ 0x61AE, 0x75 },
	{ 0x61AF, 0x75 },
	{ 0x6120, 0x75 },
	{ 0x6121, 0x75 },
	{ 0x6122, 0x75 },
	{ 0x6123, 0x75 },
	{ 0x6124, 0x75 },
	{ 0x6125, 0x75 },
	{ 0x6126, 0x75 },
	{ 0x6127, 0x75 },
	{ 0x6128, 0x75 },
	{ 0x6129, 0x75 },
	{ 0x612A, 0x75 },
	{ 0x612B, 0x75 },
	{ 0x612C, 0x75 },
	{ 0x612D, 0x75 },
	{ 0x612E, 0x75 },
	{ 0x612F, 0x75 },
	{ 0x6130, 0x75 },
	{ 0x6131, 0x75 },
	{ 0x6132, 0x75 },
	{ 0x6133, 0x75 },
	{ 0x6134, 0x75 },
	{ 0x6135, 0x75 },
	{ 0x6136, 0x75 },
	{ 0x6137, 0x75 },
	{ 0x6138, 0x75 },
	{ 0x6139, 0x75 },
	{ 0x613A, 0x75 },
	{ 0x613B, 0x75 },
	{ 0x613C, 0x75 },
	{ 0x613D, 0x75 },
	{ 0x613E, 0x75 },
	{ 0x613F, 0x75 },
	{ 0x6140, 0x75 },
	{ 0x6141, 0x75 },
	{ 0x6142, 0x75 },
	{ 0x6143, 0x75 },
	{ 0x4F04, 0xF8 },
	{ 0x420E, 0x63 },
	{ 0x420F, 0x77 },
	{ 0x4210, 0x4E },
	{ 0x4211, 0xED },
	{ 0x507A, 0x28 },
	{ 0x507B, 0x40 },
	{ 0x0325, 0x68 },
	{ 0x0307, 0x01 },
	{ 0x0305, 0x51 },
	{ 0x4837, 0x0F },
	{ 0x0405, 0x26 },
	{ 0x0406, 0xAB },
	{ 0x0400, 0xE8 },
	{ 0x0401, 0x02 },
	{ 0x0403, 0x2B },
	{ 0x0404, 0x32 },
	{ 0x0408, 0xE8 },
	{ 0x0409, 0x01 },
	{ 0x040A, 0x2B },
	{ 0x040B, 0x32 },
	{ 0x040C, 0x2D },
	{ 0x040D, 0xD4 },
	{ 0x040E, 0x0C },
	{ 0x3506, 0x30 },
	{ 0x3546, 0x10 },
	{ 0x35C6, 0x90 },
	{ 0x5004, 0x1E },
	{ 0x4F03, 0x2D },
	{ 0x420E, 0x52 },
	{ 0x420F, 0xCF },
	{ 0x4210, 0xA2 },
	{ 0x4211, 0xA8 },
	{ 0x507A, 0x28 },
	{ 0x507B, 0x40 },
	{ 0x4221, 0x07 },
	{ 0x5B80, 0xC8 },
	{ 0x5B8A, 0x80 },
	{ 0x5B8B, 0x80 },
	{ 0x5B8C, 0x80 },
	{ 0x5B8D, 0x80 },
	{ 0x5B8E, 0x80 },
	{ 0x5B8F, 0x80 },
	{ 0x5B90, 0x80 },
	{ 0x5B91, 0x80 },
	{ 0x5B92, 0x80 },
	{ 0x5B93, 0x80 },
	{ 0x5B94, 0x80 },
	{ 0x5B95, 0x80 },
	{ 0x5B96, 0x80 },
	{ 0x5B97, 0x80 },
	{ 0x5B98, 0x80 },
	{ 0x5B99, 0x80 },
	{ 0x5B9A, 0x80 },
	{ 0x5B9B, 0x80 },
	{ 0x5B9C, 0x80 },
	{ 0x5B9D, 0x80 },
	{ 0x5B9E, 0x80 },
	{ 0x5B9F, 0x80 },
	{ 0x5BA0, 0x80 },
	{ 0x5BA1, 0x80 },
	{ 0x5BA2, 0x80 },
	{ 0x5BA3, 0x80 },
	{ 0x5BA4, 0x80 },
	{ 0x5BA5, 0x80 },
	{ 0x5BA6, 0x80 },
	{ 0x5BA7, 0x80 },
	{ 0x380C, 0x07 },
	{ 0x380D, 0x0A },
	{ 0x384C, 0x03 },
	{ 0x384D, 0x58 },
	{ 0x388C, 0x03 },
	{ 0x388D, 0x89 },
	{ 0x380E, 0x04 },
	{ 0x380F, 0x6D },
	{ 0x3501, 0x02 },
	{ 0x3502, 0xD8 },
	{ 0x3506, 0x20 },
	{ 0x3541, 0x00 },
	{ 0x3546, 0x10 },
	{ 0x3542, 0xFB },
	{ 0x35C1, 0x00 },
	{ 0x35C2, 0x00 },
	{ 0x35C6, 0x90 },
	{ 0x3508, 0x0F },
	{ 0x3509, 0x80 },
	{ 0x350A, 0x01 },
	{ 0x350B, 0x00 },
	{ 0x350C, 0x00 },
	{ 0x3588, 0x04 },
	{ 0x3586, 0x30 },
	{ 0x3589, 0x00 },
	{ 0x358A, 0x01 },
	{ 0x358B, 0x00 },
	{ 0x358C, 0x00 },
	{ 0x3548, 0x04 },
	{ 0x3549, 0x00 },
	{ 0x354A, 0x01 },
	{ 0x354B, 0x00 },
	{ 0x354C, 0x00 },
	{ 0x35C8, 0x01 },
	{ 0x35C9, 0x00 },
	{ 0x35CA, 0x01 },
	{ 0x35CB, 0x00 },
	{ 0x35CC, 0x00 },
	{ 0x3015, 0x0A },
	{ 0x3009, 0x02 },
	{ 0x3822, 0x24 },
	{ 0x3823, 0x50 },
	{ 0x383E, 0x81 },
	{ 0x3881, 0x34 },
	{ 0x3882, 0x04 },
	{ 0x3883, 0x47 },
	{ 0x388E, 0x01 },
	{ 0x388F, 0x00 },
	{ 0x3892, 0x44 },
	{ 0x3826, 0x00 },
	{ 0x3827, 0x26 },
	{ 0x3836, 0x00 },
	{ 0x3837, 0x02 },
	{ 0x5D46, 0x00 },
	{ 0x5D47, 0xE0 },
	{ 0x5D48, 0x00 },
	{ 0x5D49, 0xE8 },
	{ 0x5003, 0x7A },
	{ 0x5B7E, 0x01 },
	{ 0x5B78, 0x00 },
	{ 0x5B79, 0x61 },
	{ 0x5B7A, 0x01 },
	{ 0x5B7B, 0x01 },
	{ 0x5B7C, 0x01 },
	{ 0x5B7D, 0x73 },
	{ 0x5B40, 0x01 },
	{ 0x5B41, 0x7D },
	{ 0x5B42, 0x0F },
	{ 0x5B43, 0x96 },
	{ 0x5B44, 0x0F },
	{ 0x5B45, 0xED },
	{ 0x5B46, 0x0F },
	{ 0x5B47, 0xF4 },
	{ 0x5B48, 0x01 },
	{ 0x5B49, 0x41 },
	{ 0x5B4A, 0x0F },
	{ 0x5B4B, 0xCA },
	{ 0x5B4C, 0x00 },
	{ 0x5B4D, 0x03 },
	{ 0x5B4E, 0x0F },
	{ 0x5B4F, 0xAF },
	{ 0x5B50, 0x01 },
	{ 0x5B51, 0x4E },
	{ 0x5B52, 0x01 },
	{ 0x5B53, 0xAA },
	{ 0x5B54, 0x0F },
	{ 0x5B55, 0x6D },
	{ 0x5B56, 0x0F },
	{ 0x5B57, 0xE9 },
	{ 0x5B58, 0x00 },
	{ 0x5B59, 0x00 },
	{ 0x5B5A, 0x01 },
	{ 0x5B5B, 0x38 },
	{ 0x5B5C, 0x0F },
	{ 0x5B5D, 0xC8 },
	{ 0x5B5E, 0x00 },
	{ 0x5B5F, 0x08 },
	{ 0x5B60, 0x0F },
	{ 0x5B61, 0xAD },
	{ 0x5B62, 0x01 },
	{ 0x5B63, 0x4B },
	{ 0x5B64, 0x02 },
	{ 0x5B65, 0x4C },
	{ 0x5B66, 0x0E },
	{ 0x5B67, 0xEA },
	{ 0x5B68, 0x0F },
	{ 0x5B69, 0xCA },
	{ 0x5B6A, 0x00 },
	{ 0x5B6B, 0x18 },
	{ 0x5B6C, 0x01 },
	{ 0x5B6D, 0x39 },
	{ 0x5B6E, 0x0F },
	{ 0x5B6F, 0xAF },
	{ 0x5B70, 0x00 },
	{ 0x5B71, 0x19 },
	{ 0x5B72, 0x0F },
	{ 0x5B73, 0x9E },
	{ 0x5B74, 0x01 },
	{ 0x5B75, 0x4A },
	// clang-format on
};

/**
 * Date: 2023-02-20
 * Author: Tom
 * Sensor revision: OX08B
 * Input clock frequency: 27mhz
 * Image output size: 3840*2166
 * Image crop size: 3840*2166
 * Pixel data format: DCG_SPD hdr3 pwl14
 * Frame timing and frame rate: 30fps
 * System clock frequency: 90mhz
 * Output interface and data rate: 4lane 1104mbps
 */
static const struct reg_cfg init_cfgs_raw14_30fps_27m[] = {
	// clang-format off
	{ 0x3208, 0x04 },
	{ 0x300A, 0x04 },
	{ 0x4620, 0x04 },
	{ 0x4D56, 0x04 },
	{ 0x3208, 0x14 },
	{ 0x3208, 0x05 },
	{ 0x4620, 0x04 },
	{ 0x3208, 0x15 },
	{ 0x3208, 0x02 },
	{ 0x3507, 0x00 },
	{ 0x3208, 0x12 },
	{ 0x3208, 0xA2 },
	{ 0x0305, 0x5C },
	{ 0x0316, 0x00 },
	{ 0x0317, 0x00 },
	{ 0x0318, 0x00 },
	{ 0x0320, 0x02 },
	{ 0x0321, 0x33 },
	{ 0x0325, 0x95 },
	{ 0x0408, 0xE7 },
	{ 0x0409, 0xFF },
	{ 0x040A, 0x2B },
	{ 0x040B, 0x32 },
	{ 0x040C, 0x28 },
	{ 0x040D, 0x5A },
	{ 0x040E, 0x0C },
	{ 0x3002, 0xF8 },
	{ 0x3012, 0x41 },
	{ 0x2803, 0xFE },
	{ 0x280B, 0x00 },
	{ 0x280C, 0x79 },
	{ 0x3700, 0x19 },
	{ 0x3703, 0x43 },
	{ 0x3705, 0x00 },
	{ 0x3706, 0x37 },
	{ 0x3708, 0x32 },
	{ 0x3709, 0x5E },
	{ 0x370A, 0x00 },
	{ 0x370B, 0x83 },
	{ 0x370E, 0x51 },
	{ 0x3712, 0x13 },
	{ 0x3717, 0x07 },
	{ 0x3718, 0x72 },
	{ 0x3719, 0x31 },
	{ 0x372B, 0x01 },
	{ 0x372C, 0xB0 },
	{ 0x372D, 0x1E },
	{ 0x3730, 0x05 },
	{ 0x3731, 0x43 },
	{ 0x3733, 0x01 },
	{ 0x3738, 0x27 },
	{ 0x3739, 0x27 },
	{ 0x373A, 0x22 },
	{ 0x373B, 0x1A },
	{ 0x373F, 0x21 },
	{ 0x3740, 0x21 },
	{ 0x3741, 0x1B },
	{ 0x3742, 0x16 },
	{ 0x3745, 0x01 },
	{ 0x3747, 0x19 },
	{ 0x3748, 0x19 },
	{ 0x3750, 0x32 },
	{ 0x3755, 0x14 },
	{ 0x3756, 0x04 },
	{ 0x3757, 0x16 },
	{ 0x3759, 0x33 },
	{ 0x375A, 0x00 },
	{ 0x375B, 0x6D },
	{ 0x376C, 0x27 },
	{ 0x3778, 0x20 },
	{ 0x377C, 0x88 },
	{ 0x3797, 0x00 },
	{ 0x3798, 0x00 },
	{ 0x3799, 0x00 },
	{ 0x379C, 0x58 },
	{ 0x379E, 0x00 },
	{ 0x379F, 0x00 },
	{ 0x37A0, 0x00 },
	{ 0x37A1, 0x00 },
	{ 0x37BC, 0x22 },
	{ 0x37C0, 0x01 },
	{ 0x37C4, 0x34 },
	{ 0x37C5, 0x2F },
	{ 0x37C6, 0x2A },
	{ 0x37C7, 0x1E },
	{ 0x37C8, 0x02 },
	{ 0x37C9, 0x09 },
	{ 0x37D0, 0x00 },
	{ 0x37D1, 0x32 },
	{ 0x37D2, 0x00 },
	{ 0x37D3, 0x6C },
	{ 0x37D5, 0x32 },
	{ 0x37D6, 0x00 },
	{ 0x37D7, 0x66 },
	{ 0x37DC, 0x5A },
	{ 0x37DD, 0x57 },
	{ 0x3C03, 0x01 },
	{ 0x3C04, 0x01 },
	{ 0x3C06, 0x21 },
	{ 0x3C08, 0x01 },
	{ 0x3C09, 0x01 },
	{ 0x3C0A, 0x01 },
	{ 0x3C0B, 0x21 },
	{ 0x3C12, 0x40 },
	{ 0x3C13, 0x21 },
	{ 0x3C14, 0x03 },
	{ 0x3C21, 0x00 },
	{ 0x3C22, 0xB3 },
	{ 0x3C2A, 0x11 },
	{ 0x3C39, 0x11 },
	{ 0x3C3A, 0x01 },
	{ 0x3C3C, 0x00 },
	{ 0x3C3D, 0x01 },
	{ 0x3C3E, 0x06 },
	{ 0x3C55, 0x00 },
	{ 0x3C57, 0x23 },
	{ 0x3C58, 0x27 },
	{ 0x3C5A, 0x11 },
	{ 0x3C5F, 0x08 },
	{ 0x3C61, 0x80 },
	{ 0x3C70, 0x62 },
	{ 0x3C74, 0x43 },
	{ 0x3C78, 0x77 },
	{ 0x3CC0, 0x00 },
	{ 0x3CC1, 0x00 },
	{ 0x3CC2, 0x00 },
	{ 0x3CC3, 0x00 },
	{ 0x3CC8, 0x00 },
	{ 0x3CC9, 0x00 },
	{ 0x3CCA, 0x00 },
	{ 0x3CCB, 0x00 },
	{ 0x3CE0, 0x00 },
	{ 0x3CE1, 0x01 },
	{ 0x3CE2, 0x01 },
	{ 0x3CE3, 0xD5 },
	{ 0x3CE8, 0x00 },
	{ 0x3CE9, 0x01 },
	{ 0x3CEA, 0x00 },
	{ 0x3CEB, 0x58 },
	{ 0x320E, 0x00 },
	{ 0x320F, 0x00 },
	{ 0x3211, 0x61 },
	{ 0x3215, 0xCF },
	{ 0x3219, 0x08 },
	{ 0x3400, 0x08 },
	{ 0x3408, 0x01 },
	{ 0x3506, 0x30 },
	{ 0x3586, 0x50 },
	{ 0x3589, 0x50 },
	{ 0x358B, 0x04 },
	{ 0x3541, 0x00 },
	{ 0x3542, 0x04 },
	{ 0x3546, 0x10 },
	{ 0x3548, 0x01 },
	{ 0x35C2, 0x02 },
	{ 0x35C6, 0x90 },
	{ 0x35C9, 0x50 },
	{ 0x35CB, 0x04 },
	{ 0x3600, 0x8F },
	{ 0x3603, 0x40 },
	{ 0x3606, 0x00 },
	{ 0x3607, 0x02 },
	{ 0x3609, 0xE0 },
	{ 0x360A, 0x01 },
	{ 0x360E, 0x1D },
	{ 0x3611, 0x47 },
	{ 0x3616, 0x8A },
	{ 0x361B, 0x5C },
	{ 0x361E, 0xDC },
	{ 0x361F, 0xCA },
	{ 0x3657, 0x0A },
	{ 0x3659, 0x0A },
	{ 0x365A, 0x0F },
	{ 0x3674, 0x08 },
	{ 0x3677, 0x47 },
	{ 0x3678, 0x47 },
	{ 0x3802, 0x00 },
	{ 0x3803, 0x04 },
	{ 0x3806, 0x08 },
	{ 0x3807, 0x7B },
	{ 0x3808, 0x0F },
	{ 0x3809, 0x00 },
	{ 0x380A, 0x08 },
	{ 0x380B, 0x70 },
	{ 0x380C, 0x03 },
	{ 0x380D, 0xF5 },
	{ 0x380E, 0x04 },
	{ 0x380F, 0x66 },
	{ 0x3810, 0x00 },
	{ 0x3811, 0x08 },
	{ 0x3812, 0x00 },
	{ 0x3813, 0x04 },
	{ 0x3816, 0x01 },
	{ 0x3817, 0x01 },
	{ 0x381C, 0x18 },
	{ 0x381E, 0x01 },
	{ 0x381F, 0x01 },
	{ 0x3820, 0x20 },
	{ 0x3821, 0x19 },
	{ 0x3832, 0x00 },
	{ 0x3834, 0x00 },
	{ 0x384C, 0x01 },
	{ 0x384D, 0xEC },
	{ 0x3850, 0x00 },
	{ 0x3851, 0x42 },
	{ 0x3852, 0x00 },
	{ 0x3853, 0x40 },
	{ 0x3858, 0x04 },
	{ 0x388C, 0x01 },
	{ 0x388D, 0xE7 },
	{ 0x3B40, 0x05 },
	{ 0x3B41, 0x40 },
	{ 0x3B42, 0x00 },
	{ 0x3B43, 0x90 },
	{ 0x3B44, 0x00 },
	{ 0x3B45, 0x20 },
	{ 0x3B46, 0x00 },
	{ 0x3B47, 0x20 },
	{ 0x3B48, 0x1A },
	{ 0x3B49, 0x13 },
	{ 0x3B4A, 0x17 },
	{ 0x3B4B, 0x2F },
	{ 0x3B4C, 0x00 },
	{ 0x3B4D, 0x10 },
	{ 0x3B8A, 0x08 },
	{ 0x3B8B, 0x70 },
	{ 0x3B8C, 0x0F },
	{ 0x3B8D, 0x00 },
	{ 0x3B92, 0x08 },
	{ 0x3B93, 0x70 },
	{ 0x3B94, 0x0F },
	{ 0x3B95, 0x00 },
	{ 0x3B9E, 0x09 },
	{ 0x3D8A, 0x03 },
	{ 0x3D8B, 0xFF },
	{ 0x3DA4, 0x00 },
	{ 0x420E, 0x44 },
	{ 0x420F, 0x41 },
	{ 0x4210, 0x57 },
	{ 0x4211, 0x78 },
	{ 0x421E, 0x02 },
	{ 0x421F, 0x55 },
	{ 0x4220, 0xE1 },
	{ 0x4221, 0x07 },
	{ 0x4301, 0xFF },
	{ 0x4307, 0x03 },
	{ 0x4308, 0x13 },
	{ 0x4309, 0x00 },
	{ 0x430A, 0x13 },
	{ 0x430D, 0x93 },
	{ 0x430F, 0x57 },
	{ 0x4310, 0x95 },
	{ 0x4311, 0x16 },
	{ 0x4316, 0x00 },
	{ 0x4317, 0x38 },
	{ 0x4319, 0x03 },
	{ 0x431A, 0x00 },
	{ 0x431B, 0x00 },
	{ 0x431C, 0x27 },
	{ 0x431D, 0x67 },
	{ 0x431E, 0x11 },
	{ 0x431F, 0x28 },
	{ 0x4320, 0x3B },
	{ 0x4323, 0x80 },
	{ 0x4324, 0x00 },
	{ 0x4503, 0x4E },
	{ 0x4505, 0x00 },
	{ 0x4508, 0x10 },
	{ 0x4509, 0x00 },
	{ 0x450A, 0x00 },
	{ 0x4583, 0x07 },
	{ 0x4584, 0x6A },
	{ 0x4585, 0x08 },
	{ 0x4586, 0x05 },
	{ 0x4587, 0x04 },
	{ 0x4588, 0x73 },
	{ 0x4589, 0x05 },
	{ 0x458A, 0x1F },
	{ 0x458B, 0x02 },
	{ 0x458C, 0xDC },
	{ 0x458D, 0x03 },
	{ 0x458E, 0x02 },
	{ 0x4597, 0x07 },
	{ 0x4598, 0x40 },
	{ 0x4599, 0x0D },
	{ 0x459A, 0x0D },
	{ 0x459B, 0xF4 },
	{ 0x459C, 0xF3 },
	{ 0x4602, 0x00 },
	{ 0x4603, 0x13 },
	{ 0x4604, 0x00 },
	{ 0x4606, 0x06 },
	{ 0x4607, 0x06 },
	{ 0x460A, 0x30 },
	{ 0x4610, 0x00 },
	{ 0x4611, 0xE0 },
	{ 0x4612, 0x01 },
	{ 0x4613, 0x00 },
	{ 0x4614, 0x00 },
	{ 0x4615, 0xC8 },
	{ 0x4616, 0x01 },
	{ 0x4617, 0x00 },
	{ 0x4700, 0xE0 },
	{ 0x4702, 0x00 },
	{ 0x4800, 0x04 },
	{ 0x480A, 0x22 },
	{ 0x4813, 0xE4 },
	{ 0x4814, 0x2A },
	{ 0x4837, 0x07 },
	{ 0x484B, 0x47 },
	{ 0x484F, 0x00 },
	{ 0x4850, 0x47 },
	{ 0x4D30, 0x0A },
	{ 0x4D31, 0x00 },
	{ 0x4D5A, 0x1A },
	{ 0x4F00, 0x00 },
	{ 0x4F01, 0x00 },
	{ 0x4F02, 0x00 },
	{ 0x4F03, 0x20 },
	{ 0x6A00, 0x00 },
	{ 0x6A01, 0x20 },
	{ 0x6A02, 0x00 },
	{ 0x6A03, 0x20 },
	{ 0x6A04, 0x02 },
	{ 0x6A05, 0x80 },
	{ 0x6A06, 0x01 },
	{ 0x6A07, 0xE0 },
	{ 0x6A08, 0xCF },
	{ 0x6A09, 0x01 },
	{ 0x6A0A, 0x40 },
	{ 0x6A20, 0x00 },
	{ 0x6A21, 0x04 },
	{ 0x6A22, 0x00 },
	{ 0x6A23, 0x00 },
	{ 0x6A24, 0x00 },
	{ 0x6A25, 0x00 },
	{ 0x6A26, 0x00 },
	{ 0x6A27, 0x00 },
	{ 0x6A28, 0x00 },
	{ 0x5AEF, 0xD9 },
	{ 0x5AF1, 0xF0 },
	{ 0x5AF3, 0x03 },
	{ 0x5B79, 0xD9 },
	{ 0x5B7B, 0xF0 },
	{ 0x5B7D, 0x03 },
	{ 0x5B7E, 0x01 },
	{ 0x5200, 0x04 },
	{ 0x5201, 0x04 },
	{ 0x5202, 0x04 },
	{ 0x5203, 0x04 },
	{ 0x5400, 0x04 },
	{ 0x5401, 0x04 },
	{ 0x5402, 0x04 },
	{ 0x5403, 0x04 },
	{ 0x5600, 0x04 },
	{ 0x5601, 0x04 },
	{ 0x5602, 0x04 },
	{ 0x5603, 0x04 },
	{ 0x5800, 0x04 },
	{ 0x5801, 0x04 },
	{ 0x5802, 0x04 },
	{ 0x5803, 0x04 },
	{ 0x5B80, 0xC0 },
	{ 0x5B84, 0x02 },
	{ 0x5B85, 0xCC },
	{ 0x5B8E, 0x80 },
	{ 0x5B8F, 0x40 },
	{ 0x5B92, 0x80 },
	{ 0x5B93, 0x80 },
	{ 0x5B94, 0x00 },
	{ 0x5B95, 0x00 },
	{ 0x5B96, 0x40 },
	{ 0x5B97, 0x80 },
	{ 0x5B98, 0x10 },
	{ 0x5B99, 0x00 },
	{ 0x5B9A, 0x00 },
	{ 0x5B9B, 0x00 },
	{ 0x5B9C, 0x00 },
	{ 0x5B9D, 0x00 },
	{ 0x5B9E, 0x00 },
	{ 0x5B9F, 0x00 },
	{ 0x5BA0, 0x00 },
	{ 0x5BA1, 0x00 },
	{ 0x5BA2, 0x00 },
	{ 0x5BA3, 0x00 },
	{ 0x5BA4, 0x00 },
	{ 0x5BA5, 0x00 },
	{ 0x5BA8, 0x00 },
	{ 0x5BA9, 0xC0 },
	{ 0x5BAA, 0x01 },
	{ 0x5BAB, 0x40 },
	{ 0x5BAC, 0x02 },
	{ 0x5BAD, 0x40 },
	{ 0x5BAE, 0x00 },
	{ 0x5BAF, 0x60 },
	{ 0x5BB0, 0x00 },
	{ 0x5BB1, 0x80 },
	{ 0x5BB2, 0x00 },
	{ 0x5BB3, 0xC0 },
	{ 0x5BB4, 0x05 },
	{ 0x5BB5, 0xC6 },
	{ 0x5BB8, 0x01 },
	{ 0x5BB9, 0x01 },
	{ 0x5BBA, 0x01 },
	{ 0x5BBE, 0x0A },
	{ 0x5BC0, 0x04 },
	{ 0x5BC1, 0x06 },
	{ 0x5BC4, 0x04 },
	{ 0x5BC5, 0x02 },
	{ 0x5BC7, 0x00 },
	{ 0x5BC8, 0x80 },
	{ 0x5BD2, 0x20 },
	{ 0x5BD4, 0x40 },
	{ 0x5BD5, 0x20 },
	{ 0x5BD6, 0x00 },
	{ 0x5BD7, 0x00 },
	{ 0x5BD8, 0x00 },
	{ 0x5BD9, 0x00 },
	{ 0x5BDA, 0x00 },
	{ 0x5BDB, 0x00 },
	{ 0x5BDC, 0x00 },
	{ 0x5BDD, 0x00 },
	{ 0x5BDE, 0x00 },
	{ 0x5BDF, 0x00 },
	{ 0x5BE0, 0x00 },
	{ 0x5BE7, 0x86 },
	{ 0x5C00, 0xC8 },
	{ 0x5C04, 0x02 },
	{ 0x5C05, 0xCC },
	{ 0x5C0E, 0x40 },
	{ 0x5C0F, 0x80 },
	{ 0x5C12, 0x60 },
	{ 0x5C13, 0x10 },
	{ 0x5C14, 0x80 },
	{ 0x5C15, 0x80 },
	{ 0x5C16, 0x80 },
	{ 0x5C17, 0x20 },
	{ 0x5C18, 0x00 },
	{ 0x5C19, 0x80 },
	{ 0x5C1A, 0x40 },
	{ 0x5C1B, 0x20 },
	{ 0x5C1C, 0x00 },
	{ 0x5C1D, 0x00 },
	{ 0x5C1E, 0x80 },
	{ 0x5C1F, 0x00 },
	{ 0x5C22, 0x00 },
	{ 0x5C23, 0x00 },
	{ 0x5C24, 0x00 },
	{ 0x5C28, 0x02 },
	{ 0x5C29, 0x00 },
	{ 0x5C2A, 0x02 },
	{ 0x5C2B, 0x76 },
	{ 0x5C2C, 0x03 },
	{ 0x5C2D, 0x08 },
	{ 0x5C2E, 0x00 },
	{ 0x5C2F, 0x40 },
	{ 0x5C30, 0x01 },
	{ 0x5C31, 0x00 },
	{ 0x5C32, 0x02 },
	{ 0x5C33, 0x00 },
	{ 0x5C34, 0x05 },
	{ 0x5C35, 0x33 },
	{ 0x5C38, 0x01 },
	{ 0x5C39, 0x01 },
	{ 0x5C3A, 0x01 },
	{ 0x5C3E, 0x0A },
	{ 0x5C40, 0x04 },
	{ 0x5C44, 0x04 },
	{ 0x5C47, 0x00 },
	{ 0x5C48, 0x80 },
	{ 0x5C4D, 0x40 },
	{ 0x5C51, 0x60 },
	{ 0x5C52, 0x20 },
	{ 0x5C54, 0x80 },
	{ 0x5C55, 0x80 },
	{ 0x5C56, 0x20 },
	{ 0x5C57, 0x00 },
	{ 0x5C59, 0x40 },
	{ 0x5C5A, 0x20 },
	{ 0x5C5B, 0x00 },
	{ 0x5C5C, 0x00 },
	{ 0x5C5D, 0x80 },
	{ 0x5C5E, 0x00 },
	{ 0x5C5F, 0x00 },
	{ 0x5C60, 0x00 },
	{ 0x5C67, 0x86 },
	{ 0x5C80, 0xC0 },
	{ 0x5C84, 0x02 },
	{ 0x5C85, 0xCC },
	{ 0x5C8E, 0x80 },
	{ 0x5C8F, 0x80 },
	{ 0x5C92, 0x80 },
	{ 0x5C93, 0x60 },
	{ 0x5C94, 0x80 },
	{ 0x5C95, 0x80 },
	{ 0x5C96, 0x80 },
	{ 0x5C97, 0x60 },
	{ 0x5C98, 0x40 },
	{ 0x5C99, 0x80 },
	{ 0x5C9A, 0x80 },
	{ 0x5C9B, 0x80 },
	{ 0x5C9C, 0x40 },
	{ 0x5C9D, 0x00 },
	{ 0x5C9E, 0x80 },
	{ 0x5C9F, 0x80 },
	{ 0x5CA0, 0x80 },
	{ 0x5CA1, 0x20 },
	{ 0x5CA2, 0x00 },
	{ 0x5CA3, 0x80 },
	{ 0x5CA4, 0x80 },
	{ 0x5CA5, 0x80 },
	{ 0x5CA8, 0x01 },
	{ 0x5CA9, 0x00 },
	{ 0x5CAA, 0x02 },
	{ 0x5CAB, 0x00 },
	{ 0x5CAC, 0x03 },
	{ 0x5CAD, 0x08 },
	{ 0x5CAE, 0x01 },
	{ 0x5CAF, 0x00 },
	{ 0x5CB0, 0x02 },
	{ 0x5CB1, 0x00 },
	{ 0x5CB2, 0x03 },
	{ 0x5CB3, 0x08 },
	{ 0x5CB4, 0x05 },
	{ 0x5CB5, 0x33 },
	{ 0x5CB8, 0x01 },
	{ 0x5CB9, 0x01 },
	{ 0x5CBA, 0x01 },
	{ 0x5CBE, 0x0A },
	{ 0x5CC6, 0x00 },
	{ 0x5CC7, 0x00 },
	{ 0x5CC8, 0x80 },
	{ 0x5CD2, 0x60 },
	{ 0x5CD5, 0x80 },
	{ 0x5CD6, 0x60 },
	{ 0x5CD9, 0x80 },
	{ 0x5CDA, 0x80 },
	{ 0x5CDB, 0x40 },
	{ 0x5CDD, 0x80 },
	{ 0x5CDE, 0x80 },
	{ 0x5CDF, 0x80 },
	{ 0x5CE2, 0x80 },
	{ 0x5CE3, 0x80 },
	{ 0x5CE4, 0x80 },
	{ 0x5CE7, 0x86 },
	{ 0x6006, 0x00 },
	{ 0x6007, 0x04 },
	{ 0x6008, 0x08 },
	{ 0x6009, 0x72 },
	{ 0x600A, 0x00 },
	{ 0x600B, 0x08 },
	{ 0x600C, 0x0F },
	{ 0x600D, 0x08 },
	{ 0x6016, 0x00 },
	{ 0x6026, 0x00 },
	{ 0x6027, 0x04 },
	{ 0x6028, 0x08 },
	{ 0x6029, 0x72 },
	{ 0x602A, 0x00 },
	{ 0x602B, 0x08 },
	{ 0x602C, 0x0F },
	{ 0x602D, 0x08 },
	{ 0x6046, 0x00 },
	{ 0x6047, 0x04 },
	{ 0x6048, 0x08 },
	{ 0x6049, 0x72 },
	{ 0x604A, 0x00 },
	{ 0x604B, 0x08 },
	{ 0x604C, 0x0F },
	{ 0x604D, 0x08 },
	{ 0x6066, 0x00 },
	{ 0x6067, 0x04 },
	{ 0x6068, 0x08 },
	{ 0x6069, 0x72 },
	{ 0x606A, 0x00 },
	{ 0x606B, 0x08 },
	{ 0x606C, 0x0F },
	{ 0x606D, 0x08 },
	{ 0x6086, 0x00 },
	{ 0x6087, 0x04 },
	{ 0x6088, 0x08 },
	{ 0x6089, 0x72 },
	{ 0x608A, 0x00 },
	{ 0x608B, 0x08 },
	{ 0x608C, 0x0F },
	{ 0x608D, 0x08 },
	{ 0x52C3, 0x00 },
	{ 0x52C4, 0x00 },
	{ 0x52C6, 0x01 },
	{ 0x52C7, 0x23 },
	{ 0x52C9, 0x02 },
	{ 0x52CA, 0x01 },
	{ 0x52CB, 0x01 },
	{ 0x52CD, 0x02 },
	{ 0x52CE, 0x01 },
	{ 0x52CF, 0x01 },
	{ 0x54C3, 0x00 },
	{ 0x54C4, 0x00 },
	{ 0x54C6, 0x01 },
	{ 0x54C7, 0x23 },
	{ 0x54C9, 0x02 },
	{ 0x54CA, 0x01 },
	{ 0x54CB, 0x01 },
	{ 0x54CD, 0x02 },
	{ 0x54CE, 0x01 },
	{ 0x54CF, 0x01 },
	{ 0x56C3, 0x00 },
	{ 0x56C4, 0x00 },
	{ 0x56C6, 0x01 },
	{ 0x56C7, 0x23 },
	{ 0x56C9, 0x02 },
	{ 0x56CA, 0x01 },
	{ 0x56CB, 0x01 },
	{ 0x56CD, 0x02 },
	{ 0x56CE, 0x01 },
	{ 0x56CF, 0x01 },
	{ 0x58C3, 0x00 },
	{ 0x58C4, 0x00 },
	{ 0x58C6, 0x01 },
	{ 0x58C7, 0x23 },
	{ 0x58C9, 0x02 },
	{ 0x58CA, 0x01 },
	{ 0x58CB, 0x01 },
	{ 0x58CD, 0x02 },
	{ 0x58CE, 0x01 },
	{ 0x58CF, 0x01 },
	{ 0x5E00, 0x01 },
	{ 0x5E01, 0x08 },
	{ 0x5E02, 0x09 },
	{ 0x5E03, 0x0A },
	{ 0x5E04, 0x0B },
	{ 0x5E05, 0x0C },
	{ 0x5E06, 0x0C },
	{ 0x5E07, 0x0C },
	{ 0x5E08, 0x0C },
	{ 0x5E09, 0x0C },
	{ 0x5E0A, 0x0D },
	{ 0x5E0B, 0x0D },
	{ 0x5E0C, 0x0D },
	{ 0x5E0D, 0x0D },
	{ 0x5E0E, 0x0D },
	{ 0x5E0F, 0x0E },
	{ 0x5E10, 0x0E },
	{ 0x5E11, 0x0E },
	{ 0x5E12, 0x0E },
	{ 0x5E13, 0x0F },
	{ 0x5E14, 0x0F },
	{ 0x5E15, 0x10 },
	{ 0x5E16, 0x11 },
	{ 0x5E17, 0x11 },
	{ 0x5E18, 0x12 },
	{ 0x5E19, 0x12 },
	{ 0x5E1A, 0x13 },
	{ 0x5E1B, 0x13 },
	{ 0x5E1C, 0x14 },
	{ 0x5E1D, 0x14 },
	{ 0x5E1E, 0x16 },
	{ 0x5E1F, 0x16 },
	{ 0x5E20, 0x16 },
	{ 0x5E21, 0x08 },
	{ 0x5E22, 0x00 },
	{ 0x5E23, 0x01 },
	{ 0x5E26, 0x00 },
	{ 0x5E27, 0x7F },
	{ 0x5E29, 0x00 },
	{ 0x5E2A, 0x80 },
	{ 0x5E2C, 0x00 },
	{ 0x5E2D, 0x80 },
	{ 0x5E2F, 0x00 },
	{ 0x5E30, 0x80 },
	{ 0x5E32, 0x00 },
	{ 0x5E33, 0x80 },
	{ 0x5E34, 0x00 },
	{ 0x5E35, 0x00 },
	{ 0x5E36, 0x80 },
	{ 0x5E37, 0x00 },
	{ 0x5E38, 0x00 },
	{ 0x5E39, 0x80 },
	{ 0x5E3A, 0x00 },
	{ 0x5E3B, 0x00 },
	{ 0x5E3C, 0x80 },
	{ 0x5E3D, 0x00 },
	{ 0x5E3E, 0x00 },
	{ 0x5E3F, 0x80 },
	{ 0x5E40, 0x00 },
	{ 0x5E41, 0x00 },
	{ 0x5E42, 0x80 },
	{ 0x5E43, 0x00 },
	{ 0x5E44, 0x00 },
	{ 0x5E45, 0x80 },
	{ 0x5E46, 0x00 },
	{ 0x5E47, 0x00 },
	{ 0x5E48, 0x80 },
	{ 0x5E49, 0x00 },
	{ 0x5E4A, 0x00 },
	{ 0x5E4B, 0x80 },
	{ 0x5E4C, 0x00 },
	{ 0x5E4D, 0x01 },
	{ 0x5E4E, 0x00 },
	{ 0x5E50, 0x01 },
	{ 0x5E51, 0x00 },
	{ 0x5E53, 0x01 },
	{ 0x5E54, 0x00 },
	{ 0x5E56, 0x01 },
	{ 0x5E57, 0x00 },
	{ 0x5E59, 0x01 },
	{ 0x5E5A, 0x00 },
	{ 0x5E5C, 0x01 },
	{ 0x5E5D, 0x00 },
	{ 0x5E5F, 0x02 },
	{ 0x5E60, 0x00 },
	{ 0x5E62, 0x02 },
	{ 0x5E63, 0x00 },
	{ 0x5E65, 0x02 },
	{ 0x5E66, 0x00 },
	{ 0x5E68, 0x02 },
	{ 0x5E69, 0x00 },
	{ 0x5E6B, 0x02 },
	{ 0x5E6C, 0x00 },
	{ 0x5E6E, 0x04 },
	{ 0x5E6F, 0x00 },
	{ 0x5E71, 0x04 },
	{ 0x5E72, 0x00 },
	{ 0x5E74, 0x04 },
	{ 0x5E75, 0x00 },
	{ 0x5E77, 0x04 },
	{ 0x5E78, 0x00 },
	{ 0x5E7A, 0x08 },
	{ 0x5E7B, 0x00 },
	{ 0x5E7D, 0x08 },
	{ 0x5E7E, 0x00 },
	{ 0x5E80, 0x08 },
	{ 0x5E81, 0x00 },
	{ 0x5E83, 0x00 },
	{ 0x5E84, 0x80 },
	{ 0x5F00, 0x02 },
	{ 0x5F01, 0x08 },
	{ 0x5F02, 0x09 },
	{ 0x5F03, 0x0A },
	{ 0x5F04, 0x0B },
	{ 0x5F05, 0x0C },
	{ 0x5F06, 0x0C },
	{ 0x5F07, 0x0C },
	{ 0x5F08, 0x0C },
	{ 0x5F09, 0x0C },
	{ 0x5F0A, 0x0D },
	{ 0x5F0B, 0x0D },
	{ 0x5F0C, 0x0D },
	{ 0x5F0D, 0x0D },
	{ 0x5F0E, 0x0D },
	{ 0x5F0F, 0x0E },
	{ 0x5F10, 0x0E },
	{ 0x5F11, 0x0E },
	{ 0x5F12, 0x0E },
	{ 0x5F13, 0x0F },
	{ 0x5F14, 0x0F },
	{ 0x5F15, 0x10 },
	{ 0x5F16, 0x11 },
	{ 0x5F17, 0x11 },
	{ 0x5F18, 0x12 },
	{ 0x5F19, 0x12 },
	{ 0x5F1A, 0x13 },
	{ 0x5F1B, 0x13 },
	{ 0x5F1C, 0x14 },
	{ 0x5F1D, 0x14 },
	{ 0x5F1E, 0x16 },
	{ 0x5F1F, 0x16 },
	{ 0x5F20, 0x16 },
	{ 0x5F21, 0x08 },
	{ 0x5F22, 0x00 },
	{ 0x5F23, 0x01 },
	{ 0x5F26, 0x02 },
	{ 0x5F27, 0x00 },
	{ 0x5F29, 0x02 },
	{ 0x5F2A, 0x00 },
	{ 0x5F2C, 0x02 },
	{ 0x5F2D, 0x00 },
	{ 0x5F2F, 0x02 },
	{ 0x5F30, 0x00 },
	{ 0x5F32, 0x02 },
	{ 0x5F33, 0x00 },
	{ 0x5F34, 0x00 },
	{ 0x5F35, 0x02 },
	{ 0x5F36, 0x00 },
	{ 0x5F37, 0x00 },
	{ 0x5F38, 0x02 },
	{ 0x5F39, 0x00 },
	{ 0x5F3A, 0x00 },
	{ 0x5F3B, 0x02 },
	{ 0x5F3C, 0x00 },
	{ 0x5F3D, 0x00 },
	{ 0x5F3E, 0x02 },
	{ 0x5F3F, 0x00 },
	{ 0x5F40, 0x00 },
	{ 0x5F41, 0x02 },
	{ 0x5F42, 0x00 },
	{ 0x5F43, 0x00 },
	{ 0x5F44, 0x02 },
	{ 0x5F45, 0x00 },
	{ 0x5F46, 0x00 },
	{ 0x5F47, 0x04 },
	{ 0x5F48, 0x00 },
	{ 0x5F49, 0x00 },
	{ 0x5F4A, 0x04 },
	{ 0x5F4B, 0x00 },
	{ 0x5F4C, 0x00 },
	{ 0x5F4D, 0x04 },
	{ 0x5F4E, 0x00 },
	{ 0x5F50, 0x04 },
	{ 0x5F51, 0x00 },
	{ 0x5F53, 0x04 },
	{ 0x5F54, 0x00 },
	{ 0x5F56, 0x04 },
	{ 0x5F57, 0x00 },
	{ 0x5F59, 0x04 },
	{ 0x5F5A, 0x00 },
	{ 0x5F5C, 0x04 },
	{ 0x5F5D, 0x00 },
	{ 0x5F5F, 0x08 },
	{ 0x5F60, 0x00 },
	{ 0x5F62, 0x08 },
	{ 0x5F63, 0x00 },
	{ 0x5F65, 0x08 },
	{ 0x5F66, 0x00 },
	{ 0x5F68, 0x08 },
	{ 0x5F69, 0x00 },
	{ 0x5F6B, 0x08 },
	{ 0x5F6C, 0x00 },
	{ 0x5F6E, 0x10 },
	{ 0x5F6F, 0x00 },
	{ 0x5F71, 0x10 },
	{ 0x5F72, 0x00 },
	{ 0x5F74, 0x10 },
	{ 0x5F75, 0x00 },
	{ 0x5F77, 0x10 },
	{ 0x5F78, 0x00 },
	{ 0x5F7A, 0x20 },
	{ 0x5F7B, 0x00 },
	{ 0x5F7D, 0x20 },
	{ 0x5F7E, 0x00 },
	{ 0x5F80, 0x20 },
	{ 0x5F81, 0x00 },
	{ 0x5F83, 0x00 },
	{ 0x5F84, 0xFF },
	{ 0x5240, 0x0F },
	{ 0x5241, 0x00 },
	{ 0x5242, 0x00 },
	{ 0x5243, 0x00 },
	{ 0x5244, 0x00 },
	{ 0x5245, 0x00 },
	{ 0x5246, 0x00 },
	{ 0x5247, 0x00 },
	{ 0x5248, 0x00 },
	{ 0x5249, 0x00 },
	{ 0x5440, 0x0F },
	{ 0x5441, 0x00 },
	{ 0x5442, 0x00 },
	{ 0x5443, 0x00 },
	{ 0x5444, 0x00 },
	{ 0x5445, 0x00 },
	{ 0x5446, 0x00 },
	{ 0x5447, 0x00 },
	{ 0x5448, 0x00 },
	{ 0x5449, 0x00 },
	{ 0x5640, 0x0F },
	{ 0x5641, 0x00 },
	{ 0x5642, 0x00 },
	{ 0x5643, 0x00 },
	{ 0x5644, 0x00 },
	{ 0x5645, 0x00 },
	{ 0x5646, 0x00 },
	{ 0x5647, 0x00 },
	{ 0x5648, 0x00 },
	{ 0x5649, 0x00 },
	{ 0x5840, 0x0F },
	{ 0x5841, 0x00 },
	{ 0x5842, 0x00 },
	{ 0x5843, 0x00 },
	{ 0x5844, 0x00 },
	{ 0x5845, 0x00 },
	{ 0x5846, 0x00 },
	{ 0x5847, 0x00 },
	{ 0x5848, 0x00 },
	{ 0x5849, 0x00 },
	{ 0x5DC0, 0x04 },
	{ 0x5DC1, 0x04 },
	{ 0x5DC2, 0x04 },
	{ 0x5DC3, 0x04 },
	{ 0x5DE0, 0x04 },
	{ 0x5DE1, 0x04 },
	{ 0x5DE2, 0x04 },
	{ 0x5DE3, 0x04 },
	{ 0x5000, 0x87 },
	{ 0x5001, 0x75 },
	{ 0x5002, 0x7F },
	{ 0x5003, 0x7A },
	{ 0x5004, 0x1E },
	{ 0x5005, 0x1E },
	{ 0x5006, 0x1E },
	{ 0x5007, 0x1E },
	{ 0x5008, 0x00 },
	{ 0x500A, 0x3F },
	{ 0x500C, 0x00 },
	{ 0x502A, 0x10 },
	{ 0x502C, 0x00 },
	{ 0x504B, 0x00 },
	{ 0x5053, 0x00 },
	{ 0x505B, 0x00 },
	{ 0x5063, 0x00 },
	{ 0x5070, 0x00 },
	{ 0x5074, 0x04 },
	{ 0x4000, 0x78 },
	{ 0x4001, 0x2B },
	{ 0x4008, 0x01 },
	{ 0x400B, 0x02 },
	{ 0x400E, 0x02 },
	{ 0x400F, 0x80 },
	{ 0x4012, 0x30 },
	{ 0x4013, 0x01 },
	{ 0x4018, 0x12 },
	{ 0x401E, 0x00 },
	{ 0x401F, 0x02 },
	{ 0x4021, 0x05 },
	{ 0x4022, 0x40 },
	{ 0x4023, 0x20 },
	{ 0x4026, 0x00 },
	{ 0x4027, 0x40 },
	{ 0x4028, 0x00 },
	{ 0x4029, 0x40 },
	{ 0x402A, 0x00 },
	{ 0x402B, 0x40 },
	{ 0x402C, 0x00 },
	{ 0x402D, 0x40 },
	{ 0x407E, 0xCC },
	{ 0x407F, 0x18 },
	{ 0x4082, 0x01 },
	{ 0x4083, 0x18 },
	{ 0x4084, 0x01 },
	{ 0x4085, 0x18 },
	{ 0x4086, 0x00 },
	{ 0x4087, 0xA0 },
	{ 0x4640, 0x40 },
	{ 0x4641, 0x11 },
	{ 0x4642, 0x0E },
	{ 0x4643, 0xEE },
	{ 0x4646, 0x0F },
	{ 0x4648, 0x00 },
	{ 0x4649, 0x03 },
	{ 0x5D09, 0x6B },
	{ 0x5D0B, 0x6B },
	{ 0x5D19, 0x6B },
	{ 0x5D40, 0x02 },
	{ 0x5D42, 0x02 },
	{ 0x5D43, 0x85 },
	{ 0x5D44, 0x1B },
	{ 0x5D45, 0xDD },
	{ 0x5D46, 0x02 },
	{ 0x5D47, 0x85 },
	{ 0x5D48, 0x1B },
	{ 0x5D49, 0xDD },
	{ 0x5D4A, 0x02 },
	{ 0x5D4B, 0x40 },
	{ 0x5D4C, 0x02 },
	{ 0x5D4D, 0x40 },
	{ 0x5D4E, 0x02 },
	{ 0x5D4F, 0x40 },
	{ 0x5D50, 0x18 },
	{ 0x5D51, 0x80 },
	{ 0x5D52, 0x18 },
	{ 0x5D53, 0x80 },
	{ 0x5D54, 0x18 },
	{ 0x5D55, 0x80 },
	{ 0x5D57, 0x10 },
	{ 0x5D59, 0x20 },
	{ 0x5D5C, 0x02 },
	{ 0x5D5D, 0x40 },
	{ 0x5D5E, 0x02 },
	{ 0x5D5F, 0x40 },
	{ 0x5D60, 0x03 },
	{ 0x5D61, 0x40 },
	{ 0x5D62, 0x07 },
	{ 0x5D63, 0x28 },
	{ 0x5D65, 0xFF },
	{ 0x6102, 0x1F },
	{ 0x610A, 0x0F },
	{ 0x610B, 0x20 },
	{ 0x610C, 0x08 },
	{ 0x610D, 0x80 },
	{ 0x6144, 0x75 },
	{ 0x6145, 0x75 },
	{ 0x6146, 0x75 },
	{ 0x6147, 0x75 },
	{ 0x6148, 0x75 },
	{ 0x6149, 0x75 },
	{ 0x614A, 0x75 },
	{ 0x614B, 0x75 },
	{ 0x614C, 0x75 },
	{ 0x614D, 0x75 },
	{ 0x614E, 0x75 },
	{ 0x614F, 0x75 },
	{ 0x6150, 0x75 },
	{ 0x6151, 0x75 },
	{ 0x6152, 0x75 },
	{ 0x6153, 0x75 },
	{ 0x6154, 0x75 },
	{ 0x6155, 0x75 },
	{ 0x6156, 0x75 },
	{ 0x6157, 0x75 },
	{ 0x6158, 0x75 },
	{ 0x6159, 0x75 },
	{ 0x615A, 0x75 },
	{ 0x615B, 0x75 },
	{ 0x615C, 0x75 },
	{ 0x615D, 0x75 },
	{ 0x615E, 0x75 },
	{ 0x615F, 0x75 },
	{ 0x6160, 0x75 },
	{ 0x6161, 0x75 },
	{ 0x6162, 0x75 },
	{ 0x6163, 0x75 },
	{ 0x6164, 0x75 },
	{ 0x6165, 0x75 },
	{ 0x6166, 0x75 },
	{ 0x6167, 0x75 },
	{ 0x6168, 0x75 },
	{ 0x6169, 0x75 },
	{ 0x616A, 0x75 },
	{ 0x616B, 0x75 },
	{ 0x616C, 0x75 },
	{ 0x616D, 0x75 },
	{ 0x616E, 0x75 },
	{ 0x616F, 0x75 },
	{ 0x6170, 0x75 },
	{ 0x6171, 0x75 },
	{ 0x6172, 0x75 },
	{ 0x6173, 0x75 },
	{ 0x6174, 0x75 },
	{ 0x6175, 0x75 },
	{ 0x6176, 0x75 },
	{ 0x6177, 0x75 },
	{ 0x6178, 0x75 },
	{ 0x6179, 0x75 },
	{ 0x617A, 0x75 },
	{ 0x617B, 0x75 },
	{ 0x617C, 0x75 },
	{ 0x617D, 0x75 },
	{ 0x617E, 0x75 },
	{ 0x617F, 0x75 },
	{ 0x6180, 0x75 },
	{ 0x6181, 0x75 },
	{ 0x6182, 0x75 },
	{ 0x6183, 0x75 },
	{ 0x6184, 0x75 },
	{ 0x6185, 0x75 },
	{ 0x6186, 0x75 },
	{ 0x6187, 0x75 },
	{ 0x6188, 0x75 },
	{ 0x6189, 0x75 },
	{ 0x618A, 0x75 },
	{ 0x618B, 0x75 },
	{ 0x618C, 0x75 },
	{ 0x618D, 0x75 },
	{ 0x618E, 0x75 },
	{ 0x618F, 0x75 },
	{ 0x6190, 0x75 },
	{ 0x6191, 0x75 },
	{ 0x6192, 0x75 },
	{ 0x6193, 0x75 },
	{ 0x6194, 0x75 },
	{ 0x6195, 0x75 },
	{ 0x6196, 0x75 },
	{ 0x6197, 0x75 },
	{ 0x6198, 0x75 },
	{ 0x6199, 0x75 },
	{ 0x619A, 0x75 },
	{ 0x619B, 0x75 },
	{ 0x619C, 0x75 },
	{ 0x619D, 0x75 },
	{ 0x619E, 0x75 },
	{ 0x619F, 0x75 },
	{ 0x61A0, 0x75 },
	{ 0x61A1, 0x75 },
	{ 0x61A2, 0x75 },
	{ 0x61A3, 0x75 },
	{ 0x61A4, 0x75 },
	{ 0x61A5, 0x75 },
	{ 0x61A6, 0x75 },
	{ 0x61A7, 0x75 },
	{ 0x61A8, 0x75 },
	{ 0x61A9, 0x75 },
	{ 0x61AA, 0x75 },
	{ 0x61AB, 0x75 },
	{ 0x61AC, 0x75 },
	{ 0x61AD, 0x75 },
	{ 0x61AE, 0x75 },
	{ 0x61AF, 0x75 },
	{ 0x6120, 0x75 },
	{ 0x6121, 0x75 },
	{ 0x6122, 0x75 },
	{ 0x6123, 0x75 },
	{ 0x6124, 0x75 },
	{ 0x6125, 0x75 },
	{ 0x6126, 0x75 },
	{ 0x6127, 0x75 },
	{ 0x6128, 0x75 },
	{ 0x6129, 0x75 },
	{ 0x612A, 0x75 },
	{ 0x612B, 0x75 },
	{ 0x612C, 0x75 },
	{ 0x612D, 0x75 },
	{ 0x612E, 0x75 },
	{ 0x612F, 0x75 },
	{ 0x6130, 0x75 },
	{ 0x6131, 0x75 },
	{ 0x6132, 0x75 },
	{ 0x6133, 0x75 },
	{ 0x6134, 0x75 },
	{ 0x6135, 0x75 },
	{ 0x6136, 0x75 },
	{ 0x6137, 0x75 },
	{ 0x6138, 0x75 },
	{ 0x6139, 0x75 },
	{ 0x613A, 0x75 },
	{ 0x613B, 0x75 },
	{ 0x613C, 0x75 },
	{ 0x613D, 0x75 },
	{ 0x613E, 0x75 },
	{ 0x613F, 0x75 },
	{ 0x6140, 0x75 },
	{ 0x6141, 0x75 },
	{ 0x6142, 0x75 },
	{ 0x6143, 0x75 },
	{ 0x4F04, 0x78 },
	{ 0x380E, 0x05 },
	{ 0x380F, 0x4C },
	{ 0x380C, 0x03 },
	{ 0x380D, 0xF5 },
	{ 0x384C, 0x01 },
	{ 0x384D, 0xEC },
	{ 0x388C, 0x01 },
	{ 0x388D, 0xE7 },
	{ 0x420E, 0x63 },
	{ 0x420F, 0x77 },
	{ 0x4210, 0x4E },
	{ 0x4211, 0xED },
	{ 0x507A, 0x28 },
	{ 0x507B, 0x40 },
	{ 0x0325, 0x68 },
	{ 0x0307, 0x01 },
	{ 0x0305, 0x56 },
	{ 0x4837, 0x0F },
	{ 0x0408, 0xE7 },
	{ 0x0409, 0xFF },
	{ 0x040A, 0x2B },
	{ 0x040B, 0x32 },
	{ 0x040C, 0x56 },
	{ 0x040D, 0x54 },
	{ 0x040E, 0x0C },
	{ 0x3506, 0x30 },
	{ 0x3546, 0x10 },
	{ 0x35C6, 0x90 },
	{ 0x5004, 0x1E },
	{ 0x4F03, 0x2C },
	{ 0x420E, 0x52 },
	{ 0x420F, 0xCF },
	{ 0x4210, 0xA2 },
	{ 0x4211, 0xA8 },
	{ 0x507A, 0x28 },
	{ 0x507B, 0x40 },
	{ 0x4221, 0x07 },
	{ 0x5B80, 0xC8 },
	{ 0x5B8A, 0x80 },
	{ 0x5B8B, 0x80 },
	{ 0x5B8C, 0x80 },
	{ 0x5B8D, 0x80 },
	{ 0x5B8E, 0x80 },
	{ 0x5B8F, 0x80 },
	{ 0x5B90, 0x80 },
	{ 0x5B91, 0x80 },
	{ 0x5B92, 0x80 },
	{ 0x5B93, 0x80 },
	{ 0x5B94, 0x80 },
	{ 0x5B95, 0x80 },
	{ 0x5B96, 0x80 },
	{ 0x5B97, 0x80 },
	{ 0x5B98, 0x80 },
	{ 0x5B99, 0x80 },
	{ 0x5B9A, 0x80 },
	{ 0x5B9B, 0x80 },
	{ 0x5B9C, 0x80 },
	{ 0x5B9D, 0x80 },
	{ 0x5B9E, 0x80 },
	{ 0x5B9F, 0x80 },
	{ 0x5BA0, 0x80 },
	{ 0x5BA1, 0x80 },
	{ 0x5BA2, 0x80 },
	{ 0x5BA3, 0x80 },
	{ 0x5BA4, 0x80 },
	{ 0x5BA5, 0x80 },
	{ 0x5BA6, 0x80 },
	{ 0x5BA7, 0x80 },
	{ 0x3015, 0x02 },
	{ 0x3009, 0x02 },
	{ 0x3822, 0x24 },
	{ 0x3823, 0x50 },
	{ 0x383E, 0x81 },
	{ 0x3881, 0x34 },
	{ 0x3882, 0x00 },
	{ 0x3883, 0x78 },
	{ 0x3826, 0x04 },
	{ 0x3827, 0xD4 },
	{ 0x5D46, 0x00 },
	{ 0x5D47, 0xE0 },
	{ 0x5D48, 0x00 },
	{ 0x5D49, 0xE8 },
	{ 0x5003, 0x7A },
	{ 0x5B7E, 0x01 },
	{ 0x5B78, 0x00 },
	{ 0x5B79, 0x61 },
	{ 0x5B7A, 0x01 },
	{ 0x5B7B, 0x01 },
	{ 0x5B7C, 0x01 },
	{ 0x5B7D, 0x73 },
	{ 0x5B52, 0x01 },
	{ 0x5B53, 0xAA },
	{ 0x5B54, 0x0F },
	{ 0x5B55, 0x6D },
	{ 0x5B56, 0x0F },
	{ 0x5B57, 0xE9 },
	{ 0x5B58, 0x00 },
	{ 0x5B59, 0x00 },
	{ 0x5B5A, 0x01 },
	{ 0x5B5B, 0x38 },
	{ 0x5B5C, 0x0F },
	{ 0x5B5D, 0xC8 },
	{ 0x5B5E, 0x00 },
	{ 0x5B5F, 0x08 },
	{ 0x5B60, 0x0F },
	{ 0x5B61, 0xAD },
	{ 0x5B62, 0x01 },
	{ 0x5B63, 0x4B },
	{ 0x5B64, 0x02 },
	{ 0x5B65, 0x4C },
	{ 0x5B66, 0x0E },
	{ 0x5B67, 0xEA },
	{ 0x5B68, 0x0F },
	{ 0x5B69, 0xCA },
	{ 0x5B6A, 0x00 },
	{ 0x5B6B, 0x18 },
	{ 0x5B6C, 0x01 },
	{ 0x5B6D, 0x39 },
	{ 0x5B6E, 0x0F },
	{ 0x5B6F, 0xAF },
	{ 0x5B70, 0x00 },
	{ 0x5B71, 0x19 },
	{ 0x5B72, 0x0F },
	{ 0x5B73, 0x9E },
	{ 0x5B74, 0x01 },
	{ 0x5B75, 0x4A },
	// clang-format on
};

static struct camera_cfg ox08b_cfg_10fps_hk = {
	.data_type = DT_RAW14,
	.fps = 10,
	.row_time = 42680,
	.ser_init = __REG_CFGS(ox08b_hk_ser_init),
	.ser_pre_stream_on = __REG_CFGS(ox08b_hk_ser_pre_stream_on),
	.sensor_reset = __REG_CFGS(reset_cfgs),
	.sensor_stream_on = __REG_CFGS(stream_on_cfgs),
	.sensor_stream_off = __REG_CFGS(stream_off_cfgs),
	.sensor_init = __REG_CFGS(init_cfgs_raw14_10fps_24m),
};

static struct camera_cfg ox08b_cfg_15fps_hk = {
	.data_type = DT_RAW14,
	.fps = 15,
	.row_time = 42680,
	.ser_init = __REG_CFGS(ox08b_hk_ser_init),
	.ser_pre_stream_on = __REG_CFGS(ox08b_hk_ser_pre_stream_on),
	.sensor_reset = __REG_CFGS(reset_cfgs),
	.sensor_stream_on = __REG_CFGS(stream_on_cfgs),
	.sensor_stream_off = __REG_CFGS(stream_off_cfgs),
	.sensor_init = __REG_CFGS(init_cfgs_raw14_15fps_24m),
};

static struct camera_cfg ox08b_cfg_20fps_hk = {
	.data_type = DT_RAW14,
	.fps = 20,
	.row_time = 36710,
	.ser_init = __REG_CFGS(ox08b_hk_ser_init),
	.ser_pre_stream_on = __REG_CFGS(ox08b_hk_ser_pre_stream_on),
	.sensor_reset = __REG_CFGS(reset_cfgs),
	.sensor_stream_on = __REG_CFGS(stream_on_cfgs),
	.sensor_stream_off = __REG_CFGS(stream_off_cfgs),
	.sensor_init = __REG_CFGS(init_cfgs_raw14_20fps_24m),
};

static struct camera_cfg ox08b_cfg_30fps_hk = {
	.data_type = DT_RAW14,
	.fps = 30,
	.row_time = 29291,
	.ser_init = __REG_CFGS(ox08b_hk_ser_init),
	.ser_pre_stream_on = __REG_CFGS(ox08b_hk_ser_pre_stream_on),
	.sensor_reset = __REG_CFGS(reset_cfgs),
	.sensor_stream_on = __REG_CFGS(stream_on_cfgs),
	.sensor_stream_off = __REG_CFGS(stream_off_cfgs),
	.sensor_init = __REG_CFGS(init_cfgs_raw14_30fps_24m),
};

static struct camera_cfg ox08b_cfg_20fps_jh = {
	.data_type = DT_RAW14,
	.fps = 20,
	.row_time = 44130,
	.ser_init = __REG_CFGS(ox08b_hk_ser_init),
	.ser_pre_stream_on = __REG_CFGS(ox08b_hk_ser_pre_stream_on),
	.sensor_reset = __REG_CFGS(reset_cfgs),
	.sensor_stream_on = __REG_CFGS(stream_on_cfgs),
	.sensor_stream_off = __REG_CFGS(stream_off_cfgs),
	.sensor_init = __REG_CFGS(init_cfgs_raw14_20fps_27m),
};

static struct camera_cfg ox08b_cfg_30fps_jh = {
	.data_type = DT_RAW14,
	.fps = 30,
	.row_time = 24582,
	.ser_init = __REG_CFGS(ox08b_hk_ser_init),
	.ser_pre_stream_on = __REG_CFGS(ox08b_hk_ser_pre_stream_on),
	.sensor_reset = __REG_CFGS(reset_cfgs),
	.sensor_stream_on = __REG_CFGS(stream_on_cfgs),
	.sensor_stream_off = __REG_CFGS(stream_off_cfgs),
	.sensor_init = __REG_CFGS(init_cfgs_raw14_30fps_27m),
};

static struct camera_cfg *ox08b_cfgs_raw14_hk[] = {
	&ox08b_cfg_10fps_hk,
	&ox08b_cfg_15fps_hk,
	&ox08b_cfg_20fps_hk,
	&ox08b_cfg_30fps_hk,
};

static struct camera_cfg *ox08b_cfgs_raw14_jh[] = {
	&ox08b_cfg_20fps_jh,
	&ox08b_cfg_30fps_jh,
};

// clang-format off
const struct camera_cfg_set ox08b_raw_cfg_set_hk = {
	.reset_delay = 10000,
	.num = ARRAY_SIZE(ox08b_cfgs_raw14_hk),
	.cfgs = ox08b_cfgs_raw14_hk,
};

const struct camera_cfg_set ox08b_raw_cfg_set_jh = {
	.reset_delay = 10000,
	.num = ARRAY_SIZE(ox08b_cfgs_raw14_jh),
	.cfgs = ox08b_cfgs_raw14_jh,
};
// clang-format on
