// SPDX-License-Identifier: GPL-2.0+
/*
 *  Copyright (C) 2024 Black Sesame Technologies. All Rights Reserved.
 *
 * phy driver for BST usb
 *
 * This file contains proprietary information that is the sole intellectual
 * property of Black Sesame Technologies, Inc. and its affiliates.
 * No portions of this material may be reproduced in any
 * form without the written permission of:
 * Black Sesame Technologies, Inc. and its affiliates
 * 2255 Martin Ave. Suite D
 * Santa Clara, CA 95050
 * Copyright @2016: all right reserved.
 *
 * This program is free software; you can redistribute it and/or modify it
 * under the terms and conditions of the GNU General Public License,
 * version 2, as published by the Free Software Foundation.
 *
 * This program is distributed in the hope it will be useful, but WITHOUT
 * ANY WARRANTY; without even the implied warranty of MERCHANTABILITY or
 * FITNESS FOR A PARTICULAR PURPOSE.  See the GNU General Public License for
 * more details.
 *
 */

struct sram_cr_data {
	u16 addr;
	u16 data;
};

struct sram_cr_data sram_fw[] = {
	{0xC000, 0x080E},
	{0xC001, 0xFFFF},
	{0xC002, 0x080F},
	{0xC003, 0xFFFF},
	{0xC004, 0x0211},
	{0xC005, 0x44A0},
	{0xC006, 0x0212},
	{0xC007, 0x028D},
	{0xC008, 0x1B4F},
	{0xC009, 0x080B},
	{0xC00A, 0x000D},
	{0xC00B, 0xA07E},
	{0xC00C, 0x8003},
	{0xC00D, 0x0350},
	{0xC00E, 0x0001},
	{0xC00F, 0x1B40},
	{0xC010, 0x080B},
	{0xC011, 0x00EC},
	{0xC012, 0xA077},
	{0xC013, 0x1B41},
	{0xC014, 0xC015},
	{0xC015, 0x0347},
	{0xC016, 0x0001},
	{0xC017, 0x0349},
	{0xC018, 0x0001},
	{0xC019, 0x034C},
	{0xC01A, 0x0001},
	{0xC01B, 0x034B},
	{0xC01C, 0x0001},
	{0xC01D, 0x080F},
	{0xC01E, 0x0020},
	{0xC01F, 0x034D},
	{0xC020, 0xFFFF},
	{0xC021, 0x080F},
	{0xC022, 0xFFFF},
	{0xC023, 0x1C13},
	{0xC024, 0x2C02},
	{0xC025, 0x30D0},
	{0xC026, 0x080B},
	{0xC027, 0x0031},
	{0xC028, 0x8646},
	{0xC029, 0x080F},
	{0xC02A, 0x0020},
	{0xC02B, 0x034D},
	{0xC02C, 0xFFFF},
	{0xC02D, 0x080F},
	{0xC02E, 0xFFFF},
	{0xC02F, 0x1B42},
	{0xC030, 0xC00A},
	{0xC031, 0x0347},
	{0xC032, 0x0001},
	{0xC033, 0x0348},
	{0xC034, 0x0001},
	{0xC035, 0x1D1E},
	{0xC036, 0xC004},
	{0xC037, 0x080B},
	{0xC038, 0x003A},
	{0xC039, 0x8050},
	{0xC03A, 0x1B46},
	{0xC03B, 0x080B},
	{0xC03C, 0x007C},
	{0xC03D, 0xA04C},
	{0xC03E, 0x1B45},
	{0xC03F, 0x080B},
	{0xC040, 0x00DC},
	{0xC041, 0xA048},
	{0xC042, 0x1B58},
	{0xC043, 0xC002},
	{0xC044, 0x8003},
	{0xC045, 0x1B59},
	{0xC046, 0xC034},
	{0xC047, 0x035A},
	{0xC048, 0x0001},
	{0xC049, 0x035B},
	{0xC04A, 0x0001},
	{0xC04B, 0x1D17},
	{0xC04C, 0xC02E},
	{0xC04D, 0x01B0},
	{0xC04E, 0x0000},
	{0xC04F, 0x1D1F},
	{0xC050, 0xC005},
	{0xC051, 0x01C2},
	{0xC052, 0x0000},
	{0xC053, 0x012E},
	{0xC054, 0x0000},
	{0xC055, 0x1D1E},
	{0xC056, 0xC011},
	{0xC057, 0x0305},
	{0xC058, 0x000C},
	{0xC059, 0x0306},
	{0xC05A, 0x0000},
	{0xC05B, 0x030E},
	{0xC05C, 0x0000},
	{0xC05D, 0x03C7},
	{0xC05E, 0x0000},
	{0xC05F, 0x080F},
	{0xC060, 0x000C},
	{0xC061, 0x0107},
	{0xC062, 0x0000},
	{0xC063, 0x080F},
	{0xC064, 0xFFFF},
	{0xC065, 0x0149},
	{0xC066, 0x0100},
	{0xC067, 0x0436},
	{0xC068, 0x0000},
	{0xC069, 0x0439},
	{0xC06A, 0x0000},
	{0xC06B, 0x01B1},
	{0xC06C, 0x0000},
	{0xC06D, 0x01AE},
	{0xC06E, 0x0000},
	{0xC06F, 0x01B4},
	{0xC070, 0x0000},
	{0xC071, 0x01B7},
	{0xC072, 0x0000},
	{0xC073, 0x0800},
	{0xC074, 0x0000},
	{0xC075, 0x54DD},
	{0xC076, 0xF000},
	{0xC077, 0x00D0},
	{0xC078, 0x0517},
	{0xC079, 0x0000},
	{0xC07A, 0x7000},
	{0xC07B, 0x0F2B},
	{0xC07C, 0x01B0},
	{0xC07D, 0x0000},
	{0xC07E, 0x016A},
	{0xC07F, 0x001F},
	{0xC080, 0x0310},
	{0xC081, 0x0001},
	{0xC082, 0x034C},
	{0xC083, 0x0001},
	{0xC084, 0x034B},
	{0xC085, 0x0001},
	{0xC086, 0x0310},
	{0xC087, 0x0000},
	{0xC088, 0x8F78},
	{0xC089, 0x1D17},
	{0xC08A, 0xC02A},
	{0xC08B, 0x01B0},
	{0xC08C, 0x0000},
	{0xC08D, 0x01C2},
	{0xC08E, 0x0000},
	{0xC08F, 0x012E},
	{0xC090, 0x0000},
	{0xC091, 0x0305},
	{0xC092, 0x000C},
	{0xC093, 0x0306},
	{0xC094, 0x0000},
	{0xC095, 0x030E},
	{0xC096, 0x0000},
	{0xC097, 0x03C7},
	{0xC098, 0x0000},
	{0xC099, 0x080F},
	{0xC09A, 0x000C},
	{0xC09B, 0x0107},
	{0xC09C, 0x0000},
	{0xC09D, 0x080F},
	{0xC09E, 0xFFFF},
	{0xC09F, 0x0149},
	{0xC0A0, 0x0100},
	{0xC0A1, 0x0436},
	{0xC0A2, 0x0000},
	{0xC0A3, 0x0439},
	{0xC0A4, 0x0000},
	{0xC0A5, 0x01B1},
	{0xC0A6, 0x0000},
	{0xC0A7, 0x01AE},
	{0xC0A8, 0x0000},
	{0xC0A9, 0x01B4},
	{0xC0AA, 0x0000},
	{0xC0AB, 0x01B7},
	{0xC0AC, 0x0000},
	{0xC0AD, 0x0800},
	{0xC0AE, 0x0000},
	{0xC0AF, 0x54DD},
	{0xC0B0, 0xF000},
	{0xC0B1, 0x00D0},
	{0xC0B2, 0x0517},
	{0xC0B3, 0x0000},
	{0xC0B4, 0x080F},
	{0xC0B5, 0x0003},
	{0xC0B6, 0x01F5},
	{0xC0B7, 0x0001},
	{0xC0B8, 0x080F},
	{0xC0B9, 0xFFFF},
	{0xC0BA, 0x144F},
	{0xC0BB, 0x30C0},
	{0xC0BC, 0x251D},
	{0xC0BD, 0x411C},
	{0xC0BE, 0x251E},
	{0xC0BF, 0x5C20},
	{0xC0C0, 0x2D1F},
	{0xC0C1, 0x080E},
	{0xC0C2, 0x0002},
	{0xC0C3, 0x1C4B},
	{0xC0C4, 0x080E},
	{0xC0C5, 0xFFFF},
	{0xC0C6, 0xC015},
	{0xC0C7, 0x080E},
	{0xC0C8, 0x0001},
	{0xC0C9, 0x1C4B},
	{0xC0CA, 0x080E},
	{0xC0CB, 0xFFFF},
	{0xC0CC, 0xA00F},
	{0xC0CD, 0x1D1E},
	{0xC0CE, 0xC00D},
	{0xC0CF, 0x080F},
	{0xC0D0, 0xFFFF},
	{0xC0D1, 0x080E},
	{0xC0D2, 0xFFFF},
	{0xC0D3, 0x11A3},
	{0xC0D4, 0x01A3},
	{0xC0D5, 0x8000},
	{0xC0D6, 0x01A3},
	{0xC0D7, 0x8001},
	{0xC0D8, 0x01A3},
	{0xC0D9, 0x8000},
	{0xC0DA, 0x21A3},
	{0xC0DB, 0x900B},
	{0xC0DC, 0x034B},
	{0xC0DD, 0x0001},
	{0xC0DE, 0x0809},
	{0xC0DF, 0x0000},
	{0xC0E0, 0x1B24},
	{0xC0E1, 0xA003},
	{0xC0E2, 0x7000},
	{0xC0E3, 0x0A7C},
	{0xC0E4, 0x080F},
	{0xC0E5, 0x0010},
	{0xC0E6, 0x034D},
	{0xC0E7, 0x0001},
	{0xC0E8, 0x080F},
	{0xC0E9, 0xFFFF},
	{0xC0EA, 0x7000},
	{0xC0EB, 0x0D87},
	{0xC0EC, 0x0517},
	{0xC0ED, 0x0001},
	{0xC0EE, 0x080E},
	{0xC0EF, 0x0002},
	{0xC0F0, 0x1C4D},
	{0xC0F1, 0x080E},
	{0xC0F2, 0xFFFF},
	{0xC0F3, 0xC01F},
	{0xC0F4, 0x080E},
	{0xC0F5, 0x0001},
	{0xC0F6, 0x1C4D},
	{0xC0F7, 0x080E},
	{0xC0F8, 0xFFFF},
	{0xC0F9, 0xA019},
	{0xC0FA, 0x080F},
	{0xC0FB, 0x0001},
	{0xC0FC, 0x01E3},
	{0xC0FD, 0x0001},
	{0xC0FE, 0x080F},
	{0xC0FF, 0xFFFF},
	{0xC100, 0x080F},
	{0xC101, 0x0001},
	{0xC102, 0x01E4},
	{0xC103, 0x0001},
	{0xC104, 0x080F},
	{0xC105, 0xFFFF},
	{0xC106, 0x080F},
	{0xC107, 0x0008},
	{0xC108, 0x01E2},
	{0xC109, 0x0001},
	{0xC10A, 0x080F},
	{0xC10B, 0xFFFF},
	{0xC10C, 0x080F},
	{0xC10D, 0x0010},
	{0xC10E, 0x0044},
	{0xC10F, 0x0001},
	{0xC110, 0x080F},
	{0xC111, 0xFFFF},
	{0xC112, 0x080F},
	{0xC113, 0x0003},
	{0xC114, 0x01F5},
	{0xC115, 0x0000},
	{0xC116, 0x080F},
	{0xC117, 0xFFFF},
	{0xC118, 0x01B0},
	{0xC119, 0x0001},
	{0xC11A, 0x01B8},
	{0xC11B, 0x0001},
	{0xC11C, 0x01B0},
	{0xC11D, 0x0000},
	{0xC11E, 0x080F},
	{0xC11F, 0xFFFF},
	{0xC120, 0x080E},
	{0xC121, 0xFFFF},
	{0xC122, 0x080B},
	{0xC123, 0x0126},
	{0xC124, 0x7000},
	{0xC125, 0x17BE},
	{0xC126, 0x080F},
	{0xC127, 0xFFFF},
	{0xC128, 0x080E},
	{0xC129, 0xFFFF},
	{0xC12A, 0x080B},
	{0xC12B, 0x013A},
	{0xC12C, 0x1B15},
	{0xC12D, 0xA003},
	{0xC12E, 0x7000},
	{0xC12F, 0x16BE},
	{0xC130, 0x5C1D},
	{0xC131, 0xA003},
	{0xC132, 0x7000},
	{0xC133, 0x16FE},
	{0xC134, 0x5C1D},
	{0xC135, 0xA003},
	{0xC136, 0x7000},
	{0xC137, 0x173E},
	{0xC138, 0x7000},
	{0xC139, 0x177E},
	{0xC13A, 0x080F},
	{0xC13B, 0xFFFF},
	{0xC13C, 0x1C16},
	{0xC13D, 0xA011},
	{0xC13E, 0x1B23},
	{0xC13F, 0xA006},
	{0xC140, 0x0809},
	{0xC141, 0x0143},
	{0xC142, 0x8248},
	{0xC143, 0x1A3C},
	{0xC144, 0xCFFF},
	{0xC145, 0x080E},
	{0xC146, 0x0001},
	{0xC147, 0x1B38},
	{0xC148, 0x080E},
	{0xC149, 0xFFFF},
	{0xC14A, 0xA004},
	{0xC14B, 0x0809},
	{0xC14C, 0x014E},
	{0xC14D, 0x8343},
	{0xC14E, 0x080F},
	{0xC14F, 0x0700},
	{0xC150, 0x0094},
	{0xC151, 0x0005},
	{0xC152, 0x080F},
	{0xC153, 0xFFFF},
	{0xC154, 0x1D1D},
	{0xC155, 0xC012},
	{0xC156, 0x1B30},
	{0xC157, 0xC003},
	{0xC158, 0x014B},
	{0xC159, 0xB319},
	{0xC15A, 0x1B31},
	{0xC15B, 0xC003},
	{0xC15C, 0x014A},
	{0xC15D, 0xA600},
	{0xC15E, 0x1B2F},
	{0xC15F, 0xA002},
	{0xC160, 0x8005},
	{0xC161, 0x0145},
	{0xC162, 0x2040},
	{0xC163, 0x0146},
	{0xC164, 0x005A},
	{0xC165, 0x017B},
	{0xC166, 0x1C85},
	{0xC167, 0x1B2E},
	{0xC168, 0xC003},
	{0xC169, 0x0129},
	{0xC16A, 0x2D07},
	{0xC16B, 0x080F},
	{0xC16C, 0x0200},
	{0xC16D, 0x0120},
	{0xC16E, 0x0000},
	{0xC16F, 0x0121},
	{0xC170, 0x0000},
	{0xC171, 0x0122},
	{0xC172, 0x0000},
	{0xC173, 0x080F},
	{0xC174, 0x0400},
	{0xC175, 0x0123},
	{0xC176, 0x0000},
	{0xC177, 0x080F},
	{0xC178, 0xFFFF},
	{0xC179, 0x012E},
	{0xC17A, 0x0000},
	{0xC17B, 0x0128},
	{0xC17C, 0xA8A0},
	{0xC17D, 0x1D1E},
	{0xC17E, 0xC007},
	{0xC17F, 0x080E},
	{0xC180, 0x4000},
	{0xC181, 0x1B09},
	{0xC182, 0xAFFF},
	{0xC183, 0x1D1F},
	{0xC184, 0xC005},
	{0xC185, 0x080E},
	{0xC186, 0x0001},
	{0xC187, 0x1B02},
	{0xC188, 0xAFFF},
	{0xC189, 0x080E},
	{0xC18A, 0xFFFF},
	{0xC18B, 0x1C16},
	{0xC18C, 0xA09E},
	{0xC18D, 0x8050},
	{0xC18E, 0x008C},
	{0xC18F, 0x0100},
	{0xC190, 0x008F},
	{0xC191, 0x0100},
	{0xC192, 0x080E},
	{0xC193, 0x00FF},
	{0xC194, 0x1C4C},
	{0xC195, 0x080E},
	{0xC196, 0xFFFF},
	{0xC197, 0xC002},
	{0xC198, 0x8003},
	{0xC199, 0x080D},
	{0xC19A, 0x0046},
	{0xC19B, 0x2D16},
	{0xC19C, 0x080F},
	{0xC19D, 0x0003},
	{0xC19E, 0x01F5},
	{0xC19F, 0x0001},
	{0xC1A0, 0x080F},
	{0xC1A1, 0xFFFF},
	{0xC1A2, 0x0449},
	{0xC1A3, 0x0000},
	{0xC1A4, 0x080F},
	{0xC1A5, 0x0001},
	{0xC1A6, 0x031C},
	{0xC1A7, 0x0001},
	{0xC1A8, 0x080F},
	{0xC1A9, 0xFFFF},
	{0xC1AA, 0x080F},
	{0xC1AB, 0x000F},
	{0xC1AC, 0x0301},
	{0xC1AD, 0x0000},
	{0xC1AE, 0x080F},
	{0xC1AF, 0xFFFF},
	{0xC1B0, 0x1D1D},
	{0xC1B1, 0xC009},
	{0xC1B2, 0x080F},
	{0xC1B3, 0x00FF},
	{0xC1B4, 0x0305},
	{0xC1B5, 0x0000},
	{0xC1B6, 0x080F},
	{0xC1B7, 0xFFFF},
	{0xC1B8, 0x0306},
	{0xC1B9, 0x0000},
	{0xC1BA, 0x1D1F},
	{0xC1BB, 0xC003},
	{0xC1BC, 0x1B04},
	{0xC1BD, 0xAFFF},
	{0xC1BE, 0x1D1E},
	{0xC1BF, 0xC003},
	{0xC1C0, 0x1B0F},
	{0xC1C1, 0xAFFF},
	{0xC1C2, 0x1B2D},
	{0xC1C3, 0xA004},
	{0xC1C4, 0x0125},
	{0xC1C5, 0x5140},
	{0xC1C6, 0x8003},
	{0xC1C7, 0x0125},
	{0xC1C8, 0xD140},
	{0xC1C9, 0x0303},
	{0xC1CA, 0x0000},
	{0xC1CB, 0x030E},
	{0xC1CC, 0x0000},
	{0xC1CD, 0x0340},
	{0xC1CE, 0x0000},
	{0xC1CF, 0x8E31},
	{0xC1D0, 0x0800},
	{0xC1D1, 0x0444},
	{0xC1D2, 0x0801},
	{0xC1D3, 0x017E},
	{0xC1D4, 0x0802},
	{0xC1D5, 0x017F},
	{0xC1D6, 0x017E},
	{0xC1D7, 0x0007},
	{0xC1D8, 0x3302},
	{0xC1D9, 0x5C10},
	{0xC1DA, 0x5E11},
	{0xC1DB, 0xBFFD},
	{0xC1DC, 0x9009},
	{0xC1DD, 0x0424},
	{0xC1DE, 0x007F},
	{0xC1DF, 0x0425},
	{0xC1E0, 0x00FF},
	{0xC1E1, 0x0426},
	{0xC1E2, 0x007F},
	{0xC1E3, 0x0427},
	{0xC1E4, 0x00FF},
	{0xC1E5, 0x0428},
	{0xC1E6, 0x001F},
	{0xC1E7, 0x0429},
	{0xC1E8, 0x007F},
	{0xC1E9, 0x042A},
	{0xC1EA, 0x00FF},
	{0xC1EB, 0x042B},
	{0xC1EC, 0x002F},
	{0xC1ED, 0x0809},
	{0xC1EE, 0x01F0},
	{0xC1EF, 0x809E},
	{0xC1F0, 0x1D1D},
	{0xC1F1, 0xC018},
	{0xC1F2, 0x1B23},
	{0xC1F3, 0xC003},
	{0xC1F4, 0x7000},
	{0xC1F5, 0x0973},
	{0xC1F6, 0x080F},
	{0xC1F7, 0x0003},
	{0xC1F8, 0x042F},
	{0xC1F9, 0x0002},
	{0xC1FA, 0x080F},
	{0xC1FB, 0x0001},
	{0xC1FC, 0x031C},
	{0xC1FD, 0x0000},
	{0xC1FE, 0x080F},
	{0xC1FF, 0x00FF},
	{0xC200, 0x0305},
	{0xC201, 0x008C},
	{0xC202, 0x080F},
	{0xC203, 0xFFFF},
	{0xC204, 0x0306},
	{0xC205, 0x000A},
	{0xC206, 0x1B0F},
	{0xC207, 0xAFFF},
	{0xC208, 0x8492},
	{0xC209, 0x0439},
	{0xC20A, 0x0000},
	{0xC20B, 0x1C2E},
	{0xC20C, 0xA004},
	{0xC20D, 0x133E},
	{0xC20E, 0x5C3C},
	{0xC20F, 0xAFFE},
	{0xC210, 0x0809},
	{0xC211, 0x0213},
	{0xC212, 0x80B4},
	{0xC213, 0x1D1D},
	{0xC214, 0xC007},
	{0xC215, 0x042F},
	{0xC216, 0x0000},
	{0xC217, 0x0306},
	{0xC218, 0x000B},
	{0xC219, 0x1B0F},
	{0xC21A, 0xCFFF},
	{0xC21B, 0x080F},
	{0xC21C, 0x000F},
	{0xC21D, 0x0301},
	{0xC21E, 0x0F0B},
	{0xC21F, 0x080F},
	{0xC220, 0xFFFF},
	{0xC221, 0x1B04},
	{0xC222, 0xCFFF},
	{0xC223, 0x080F},
	{0xC224, 0x0001},
	{0xC225, 0x0416},
	{0xC226, 0x0001},
	{0xC227, 0x080F},
	{0xC228, 0xFFFF},
	{0xC229, 0x8F65},
	{0xC22A, 0x1D1D},
	{0xC22B, 0xC00F},
	{0xC22C, 0x1C3C},
	{0xC22D, 0x29AF},
	{0xC22E, 0x01B1},
	{0xC22F, 0x001B},
	{0xC230, 0x080F},
	{0xC231, 0x0001},
	{0xC232, 0x01B0},
	{0xC233, 0x0001},
	{0xC234, 0x01B8},
	{0xC235, 0x0001},
	{0xC236, 0x01B0},
	{0xC237, 0x0000},
	{0xC238, 0x080F},
	{0xC239, 0xFFFF},
	{0xC23A, 0x0800},
	{0xC23B, 0x0445},
	{0xC23C, 0x0801},
	{0xC23D, 0x012A},
	{0xC23E, 0x080A},
	{0xC23F, 0x0241},
	{0xC240, 0x81CF},
	{0xC241, 0x1D1D},
	{0xC242, 0xC004},
	{0xC243, 0x0809},
	{0xC244, 0x0246},
	{0xC245, 0x8F8B},
	{0xC246, 0x0809},
	{0xC247, 0x0249},
	{0xC248, 0x807E},
	{0xC249, 0x1D1D},
	{0xC24A, 0xC042},
	{0xC24B, 0x01B0},
	{0xC24C, 0x0001},
	{0xC24D, 0x1C00},
	{0xC24E, 0x29AF},
	{0xC24F, 0x01B1},
	{0xC250, 0x0001},
	{0xC251, 0x01B8},
	{0xC252, 0x0001},
	{0xC253, 0x1C01},
	{0xC254, 0x29AF},
	{0xC255, 0x01B1},
	{0xC256, 0x0002},
	{0xC257, 0x01B8},
	{0xC258, 0x0001},
	{0xC259, 0x01A9},
	{0xC25A, 0x0160},
	{0xC25B, 0x1C05},
	{0xC25C, 0x29AF},
	{0xC25D, 0x01B1},
	{0xC25E, 0x0012},
	{0xC25F, 0x01B8},
	{0xC260, 0x0001},
	{0xC261, 0x1C06},
	{0xC262, 0x29AF},
	{0xC263, 0x01B1},
	{0xC264, 0x0013},
	{0xC265, 0x01B8},
	{0xC266, 0x0001},
	{0xC267, 0x1C0B},
	{0xC268, 0x29AF},
	{0xC269, 0x01B1},
	{0xC26A, 0x0010},
	{0xC26B, 0x01B8},
	{0xC26C, 0x0001},
	{0xC26D, 0x1C11},
	{0xC26E, 0x29AF},
	{0xC26F, 0x01B1},
	{0xC270, 0x0014},
	{0xC271, 0x01B8},
	{0xC272, 0x0001},
	{0xC273, 0x1C0D},
	{0xC274, 0x29AF},
	{0xC275, 0x01B1},
	{0xC276, 0x0011},
	{0xC277, 0x01B8},
	{0xC278, 0x0001},
	{0xC279, 0x1C12},
	{0xC27A, 0x29AF},
	{0xC27B, 0x01B1},
	{0xC27C, 0x0015},
	{0xC27D, 0x01B8},
	{0xC27E, 0x0001},
	{0xC27F, 0x1C02},
	{0xC280, 0x30D0},
	{0xC281, 0x080B},
	{0xC282, 0x0284},
	{0xC283, 0x83EB},
	{0xC284, 0x1C03},
	{0xC285, 0x2B11},
	{0xC286, 0x01B0},
	{0xC287, 0x0000},
	{0xC288, 0x01A9},
	{0xC289, 0x0000},
	{0xC28A, 0x0125},
	{0xC28B, 0xD140},
	{0xC28C, 0x8F02},
	{0xC28D, 0x0339},
	{0xC28E, 0x0001},
	{0xC28F, 0x1B3E},
	{0xC290, 0xA003},
	{0xC291, 0x042E},
	{0xC292, 0x0001},
	{0xC293, 0x0339},
	{0xC294, 0x0000},
	{0xC295, 0xA030},
	{0xC296, 0x1B38},
	{0xC297, 0x41FD},
	{0xC298, 0xA02B},
	{0xC299, 0x1B2C},
	{0xC29A, 0x080F},
	{0xC29B, 0x0002},
	{0xC29C, 0x2881},
	{0xC29D, 0x080F},
	{0xC29E, 0xFFFF},
	{0xC29F, 0x0804},
	{0xC2A0, 0x0008},
	{0xC2A1, 0x0800},
	{0xC2A2, 0x0235},
	{0xC2A3, 0x0801},
	{0xC2A4, 0x0237},
	{0xC2A5, 0x0802},
	{0xC2A6, 0x0236},
	{0xC2A7, 0x0803},
	{0xC2A8, 0x0086},
	{0xC2A9, 0x0805},
	{0xC2AA, 0x0088},
	{0xC2AB, 0x0806},
	{0xC2AC, 0x0087},
	{0xC2AD, 0x5C14},
	{0xC2AE, 0x080F},
	{0xC2AF, 0x0038},
	{0xC2B0, 0x2881},
	{0xC2B1, 0x080F},
	{0xC2B2, 0xFFFF},
	{0xC2B3, 0x0368},
	{0xC2B4, 0x0001},
	{0xC2B5, 0x1B69},
	{0xC2B6, 0xCFFF},
	{0xC2B7, 0x0368},
	{0xC2B8, 0x0000},
	{0xC2B9, 0x1B69},
	{0xC2BA, 0xAFFF},
	{0xC2BB, 0x3330},
	{0xC2BC, 0x3351},
	{0xC2BD, 0x3362},
	{0xC2BE, 0x5C30},
	{0xC2BF, 0x5C31},
	{0xC2C0, 0x5C32},
	{0xC2C1, 0x304D},
	{0xC2C2, 0xAFEB},
	{0xC2C3, 0x042E},
	{0xC2C4, 0x0003},
	{0xC2C5, 0x9009},
	{0xC2C6, 0x0800},
	{0xC2C7, 0x0220},
	{0xC2C8, 0x0801},
	{0xC2C9, 0x0222},
	{0xC2CA, 0x0802},
	{0xC2CB, 0x0221},
	{0xC2CC, 0x0803},
	{0xC2CD, 0x0083},
	{0xC2CE, 0x0804},
	{0xC2CF, 0x0085},
	{0xC2D0, 0x0805},
	{0xC2D1, 0x0084},
	{0xC2D2, 0x080E},
	{0xC2D3, 0x0007},
	{0xC2D4, 0x131B},
	{0xC2D5, 0x30CD},
	{0xC2D6, 0x401D},
	{0xC2D7, 0x52DC},
	{0xC2D8, 0x52D0},
	{0xC2D9, 0x080E},
	{0xC2DA, 0x0038},
	{0xC2DB, 0x131B},
	{0xC2DC, 0x30CD},
	{0xC2DD, 0x401D},
	{0xC2DE, 0x52DC},
	{0xC2DF, 0x52D1},
	{0xC2E0, 0x52C2},
	{0xC2E1, 0x080E},
	{0xC2E2, 0xFFFF},
	{0xC2E3, 0x3303},
	{0xC2E4, 0xE001},
	{0xC2E5, 0x3314},
	{0xC2E6, 0xE001},
	{0xC2E7, 0x3325},
	{0xC2E8, 0xE001},
	{0xC2E9, 0x9009},
	{0xC2EA, 0x301C},
	{0xC2EB, 0x0805},
	{0xC2EC, 0x00FF},
	{0xC2ED, 0x56C5},
	{0xC2EE, 0x5666},
	{0xC2EF, 0x5633},
	{0xC2F0, 0x3014},
	{0xC2F1, 0x080B},
	{0xC2F2, 0x02F5},
	{0xC2F3, 0x1D00},
	{0xC2F4, 0x900D},
	{0xC2F5, 0x6656},
	{0xC2F6, 0x41FD},
	{0xC2F7, 0x30D7},
	{0xC2F8, 0x3054},
	{0xC2F9, 0x080B},
	{0xC2FA, 0x02FD},
	{0xC2FB, 0x1D00},
	{0xC2FC, 0x900D},
	{0xC2FD, 0x6656},
	{0xC2FE, 0x41FD},
	{0xC2FF, 0x567D},
	{0xC300, 0xA006},
	{0xC301, 0x5813},
	{0xC302, 0x303D},
	{0xC303, 0x5C3D},
	{0xC304, 0xC002},
	{0xC305, 0x8FEB},
	{0xC306, 0x5666},
	{0xC307, 0x0804},
	{0xC308, 0x0080},
	{0xC309, 0x080B},
	{0xC30A, 0x030D},
	{0xC30B, 0x1D00},
	{0xC30C, 0x900D},
	{0xC30D, 0x900A},
	{0xC30E, 0x0339},
	{0xC30F, 0x0001},
	{0xC310, 0x0207},
	{0xC311, 0x0001},
	{0xC312, 0x30DF},
	{0xC313, 0x31C0},
	{0xC314, 0x080F},
	{0xC315, 0xFFFF},
	{0xC316, 0x0207},
	{0xC317, 0x0000},
	{0xC318, 0x0339},
	{0xC319, 0x0000},
	{0xC31A, 0x900B},
	{0xC31B, 0x080B},
	{0xC31C, 0x031E},
	{0xC31D, 0x9006},
	{0xC31E, 0x080B},
	{0xC31F, 0x0327},
	{0xC320, 0x6653},
	{0xC321, 0xB003},
	{0xC322, 0x5610},
	{0xC323, 0x8002},
	{0xC324, 0x5210},
	{0xC325, 0x30D0},
	{0xC326, 0x9006},
	{0xC327, 0x4111},
	{0xC328, 0x5C12},
	{0xC329, 0xAFF7},
	{0xC32A, 0x900A},
	{0xC32B, 0x080B},
	{0xC32C, 0x0331},
	{0xC32D, 0x0806},
	{0xC32E, 0x7FFF},
	{0xC32F, 0x1D00},
	{0xC330, 0x900D},
	{0xC331, 0x6653},
	{0xC332, 0x30C8},
	{0xC333, 0xB003},
	{0xC334, 0x5688},
	{0xC335, 0x56C8},
	{0xC336, 0x5486},
	{0xC337, 0xD003},
	{0xC338, 0x3086},
	{0xC339, 0x3007},
	{0xC33A, 0x0808},
	{0xC33B, 0x8000},
	{0xC33C, 0x508C},
	{0xC33D, 0xB005},
	{0xC33E, 0x5610},
	{0xC33F, 0xB009},
	{0xC340, 0x5600},
	{0xC341, 0x8007},
	{0xC342, 0x5210},
	{0xC343, 0x080C},
	{0xC344, 0x00FF},
	{0xC345, 0x540C},
	{0xC346, 0xB002},
	{0xC347, 0x30C0},
	{0xC348, 0x5C12},
	{0xC349, 0xAFE6},
	{0xC34A, 0x3070},
	{0xC34B, 0x30AB},
	{0xC34C, 0x1D00},
	{0xC34D, 0x900D},
	{0xC34E, 0x3105},
	{0xC34F, 0x080F},
	{0xC350, 0x0001},
	{0xC351, 0x01B0},
	{0xC352, 0x0001},
	{0xC353, 0x01B8},
	{0xC354, 0x0001},
	{0xC355, 0x01B0},
	{0xC356, 0x0000},
	{0xC357, 0x080F},
	{0xC358, 0xFFFF},
	{0xC359, 0x080F},
	{0xC35A, 0x0400},
	{0xC35B, 0x01AE},
	{0xC35C, 0x0001},
	{0xC35D, 0x01AE},
	{0xC35E, 0x0000},
	{0xC35F, 0x080F},
	{0xC360, 0xFFFF},
	{0xC361, 0x54DD},
	{0xC362, 0xF000},
	{0xC363, 0x00D4},
	{0xC364, 0x900B},
	{0xC365, 0x304F},
	{0xC366, 0x3105},
	{0xC367, 0x080F},
	{0xC368, 0x0400},
	{0xC369, 0x01AE},
	{0xC36A, 0x0001},
	{0xC36B, 0x01AE},
	{0xC36C, 0x0000},
	{0xC36D, 0x080F},
	{0xC36E, 0xFFFF},
	{0xC36F, 0xE034},
	{0xC370, 0x900B},
	{0xC371, 0x300D},
	{0xC372, 0x292C},
	{0xC373, 0x080D},
	{0xC374, 0x0038},
	{0xC375, 0x505D},
	{0xC376, 0x292E},
	{0xC377, 0x54DD},
	{0xC378, 0xF000},
	{0xC379, 0x00D4},
	{0xC37A, 0x012E},
	{0xC37B, 0x0000},
	{0xC37C, 0x900B},
	{0xC37D, 0x304D},
	{0xC37E, 0x292C},
	{0xC37F, 0x303D},
	{0xC380, 0x292D},
	{0xC381, 0x080D},
	{0xC382, 0x0038},
	{0xC383, 0x502D},
	{0xC384, 0x292E},
	{0xC385, 0xF000},
	{0xC386, 0x0060},
	{0xC387, 0x012E},
	{0xC388, 0x0000},
	{0xC389, 0x900B},
	{0xC38A, 0x080E},
	{0xC38B, 0x0001},
	{0xC38C, 0x1C32},
	{0xC38D, 0x080E},
	{0xC38E, 0xFFFF},
	{0xC38F, 0x144F},
	{0xC390, 0x50DC},
	{0xC391, 0xC07D},
	{0xC392, 0x080F},
	{0xC393, 0x0008},
	{0xC394, 0x01F0},
	{0xC395, 0x0001},
	{0xC396, 0x080F},
	{0xC397, 0xFFFF},
	{0xC398, 0x042F},
	{0xC399, 0x0002},
	{0xC39A, 0x080F},
	{0xC39B, 0x0001},
	{0xC39C, 0x0143},
	{0xC39D, 0x0001},
	{0xC39E, 0x080F},
	{0xC39F, 0xFFFF},
	{0xC3A0, 0x080F},
	{0xC3A1, 0x00FF},
	{0xC3A2, 0x0305},
	{0xC3A3, 0x00BC},
	{0xC3A4, 0x080F},
	{0xC3A5, 0xFFFF},
	{0xC3A6, 0x0306},
	{0xC3A7, 0x000A},
	{0xC3A8, 0x1B0F},
	{0xC3A9, 0xAFFF},
	{0xC3AA, 0x080E},
	{0xC3AB, 0x0008},
	{0xC3AC, 0x1B38},
	{0xC3AD, 0x080E},
	{0xC3AE, 0xFFFF},
	{0xC3AF, 0xA04B},
	{0xC3B0, 0x0436},
	{0xC3B1, 0x0000},
	{0xC3B2, 0x0439},
	{0xC3B3, 0x0001},
	{0xC3B4, 0x01B1},
	{0xC3B5, 0x001B},
	{0xC3B6, 0x01AE},
	{0xC3B7, 0xB339},
	{0xC3B8, 0x01B4},
	{0xC3B9, 0x0000},
	{0xC3BA, 0x01B7},
	{0xC3BB, 0x0000},
	{0xC3BC, 0x0800},
	{0xC3BD, 0x0208},
	{0xC3BE, 0x54DD},
	{0xC3BF, 0xF000},
	{0xC3C0, 0x00D0},
	{0xC3C1, 0x0180},
	{0xC3C2, 0x001F},
	{0xC3C3, 0x0181},
	{0xC3C4, 0x0001},
	{0xC3C5, 0x0182},
	{0xC3C6, 0x0000},
	{0xC3C7, 0x0190},
	{0xC3C8, 0x0000},
	{0xC3C9, 0x018F},
	{0xC3CA, 0x0000},
	{0xC3CB, 0x0183},
	{0xC3CC, 0x0000},
	{0xC3CD, 0x0191},
	{0xC3CE, 0x0000},
	{0xC3CF, 0x0192},
	{0xC3D0, 0x0000},
	{0xC3D1, 0x0184},
	{0xC3D2, 0x4000},
	{0xC3D3, 0x0185},
	{0xC3D4, 0x047E},
	{0xC3D5, 0x018E},
	{0xC3D6, 0x0008},
	{0xC3D7, 0x0800},
	{0xC3D8, 0x0080},
	{0xC3D9, 0x0801},
	{0xC3DA, 0x0040},
	{0xC3DB, 0x0802},
	{0xC3DC, 0x0005},
	{0xC3DD, 0x0803},
	{0xC3DE, 0x0000},
	{0xC3DF, 0x0804},
	{0xC3E0, 0x0034},
	{0xC3E1, 0x0805},
	{0xC3E2, 0x01AF},
	{0xC3E3, 0x0806},
	{0xC3E4, 0x034E},
	{0xC3E5, 0x080A},
	{0xC3E6, 0x03E8},
	{0xC3E7, 0x8F34},
	{0xC3E8, 0x3000},
	{0xC3E9, 0x0801},
	{0xC3EA, 0x0004},
	{0xC3EB, 0x0802},
	{0xC3EC, 0x0004},
	{0xC3ED, 0x0803},
	{0xC3EE, 0x0000},
	{0xC3EF, 0x0804},
	{0xC3F0, 0x0034},
	{0xC3F1, 0x0805},
	{0xC3F2, 0x01AF},
	{0xC3F3, 0x0500},
	{0xC3F4, 0x034E},
	{0xC3F5, 0x080A},
	{0xC3F6, 0x03F8},
	{0xC3F7, 0x8F34},
	{0xC3F8, 0x307D},
	{0xC3F9, 0x2C3C},
	{0xC3FA, 0x023C},
	{0xC3FB, 0x0002},
	{0xC3FC, 0x080F},
	{0xC3FD, 0x00FF},
	{0xC3FE, 0x0305},
	{0xC3FF, 0x0000},
	{0xC400, 0x080F},
	{0xC401, 0xFFFF},
	{0xC402, 0x042F},
	{0xC403, 0x0000},
	{0xC404, 0x0143},
	{0xC405, 0x0180},
	{0xC406, 0x0306},
	{0xC407, 0x000B},
	{0xC408, 0x080F},
	{0xC409, 0x0008},
	{0xC40A, 0x01F0},
	{0xC40B, 0x0001},
	{0xC40C, 0x080F},
	{0xC40D, 0xFFFF},
	{0xC40E, 0x9009},
	{0xC40F, 0x3002},
	{0xC410, 0x3013},
	{0xC411, 0x5812},
	{0xC412, 0x5813},
	{0xC413, 0x0805},
	{0xC414, 0x0041},
	{0xC415, 0x3150},
	{0xC416, 0x3151},
	{0xC417, 0x3323},
	{0xC418, 0x3323},
	{0xC419, 0x3323},
	{0xC41A, 0x3323},
	{0xC41B, 0x5885},
	{0xC41C, 0x3150},
	{0xC41D, 0x3151},
	{0xC41E, 0x3323},
	{0xC41F, 0x3323},
	{0xC420, 0x3323},
	{0xC421, 0x3323},
	{0xC422, 0x5885},
	{0xC423, 0x3150},
	{0xC424, 0x3151},
	{0xC425, 0x3323},
	{0xC426, 0x3323},
	{0xC427, 0x3323},
	{0xC428, 0x3323},
	{0xC429, 0x5885},
	{0xC42A, 0x3150},
	{0xC42B, 0x3151},
	{0xC42C, 0x3323},
	{0xC42D, 0x3323},
	{0xC42E, 0x3323},
	{0xC42F, 0x3323},
	{0xC430, 0x5885},
	{0xC431, 0x3150},
	{0xC432, 0x3151},
	{0xC433, 0x3323},
	{0xC434, 0x3323},
	{0xC435, 0x3323},
	{0xC436, 0x3323},
	{0xC437, 0x5885},
	{0xC438, 0x3150},
	{0xC439, 0x3151},
	{0xC43A, 0x3323},
	{0xC43B, 0x3323},
	{0xC43C, 0x3323},
	{0xC43D, 0x3323},
	{0xC43E, 0x5885},
	{0xC43F, 0x3150},
	{0xC440, 0x3151},
	{0xC441, 0x3323},
	{0xC442, 0x3323},
	{0xC443, 0x3323},
	{0xC444, 0x3323},
	{0xC445, 0x5885},
	{0xC446, 0x3150},
	{0xC447, 0x3151},
	{0xC448, 0x3323},
	{0xC449, 0x3323},
	{0xC44A, 0x3323},
	{0xC44B, 0x3323},
	{0xC44C, 0x900A},
	{0xC44D, 0x0800},
	{0xC44E, 0x0080},
	{0xC44F, 0x5644},
	{0xC450, 0x5655},
	{0xC451, 0x30AB},
	{0xC452, 0x8F1F},
	{0xC453, 0x080F},
	{0xC454, 0x0018},
	{0xC455, 0x0303},
	{0xC456, 0x0002},
	{0xC457, 0x080F},
	{0xC458, 0xFFFF},
	{0xC459, 0x080F},
	{0xC45A, 0x3000},
	{0xC45B, 0x0002},
	{0xC45C, 0x0002},
	{0xC45D, 0x080F},
	{0xC45E, 0xFFFF},
	{0xC45F, 0x080F},
	{0xC460, 0xC000},
	{0xC461, 0x0103},
	{0xC462, 0x0002},
	{0xC463, 0x080F},
	{0xC464, 0xFFFF},
	{0xC465, 0x080F},
	{0xC466, 0x0240},
	{0xC467, 0x0120},
	{0xC468, 0x0008},
	{0xC469, 0x080F},
	{0xC46A, 0xFFFF},
	{0xC46B, 0x008C},
	{0xC46C, 0x0058},
	{0xC46D, 0x008F},
	{0xC46E, 0x0058},
	{0xC46F, 0x900A},
	{0xC470, 0x080F},
	{0xC471, 0x000F},
	{0xC472, 0x0301},
	{0xC473, 0x000A},
	{0xC474, 0x0301},
	{0xC475, 0x000E},
	{0xC476, 0x1B04},
	{0xC477, 0xCFFF},
	{0xC478, 0x0301},
	{0xC479, 0x000A},
	{0xC47A, 0x1B04},
	{0xC47B, 0xAFFF},
	{0xC47C, 0x080F},
	{0xC47D, 0xFFFF},
	{0xC47E, 0x900B},
	{0xC47F, 0x080F},
	{0xC480, 0x001C},
	{0xC481, 0x2901},
	{0xC482, 0x080F},
	{0xC483, 0xFFFF},
	{0xC484, 0x080B},
	{0xC485, 0x0487},
	{0xC486, 0x8FEA},
	{0xC487, 0x080F},
	{0xC488, 0x001C},
	{0xC489, 0x2101},
	{0xC48A, 0x080F},
	{0xC48B, 0xFFFF},
	{0xC48C, 0x080B},
	{0xC48D, 0x048F},
	{0xC48E, 0x8FE2},
	{0xC48F, 0x900A},
	{0xC490, 0x080A},
	{0xC491, 0x0493},
	{0xC492, 0x8FC1},
	{0xC493, 0x0504},
	{0xC494, 0x0000},
	{0xC495, 0x080F},
	{0xC496, 0x00FF},
	{0xC497, 0x0305},
	{0xC498, 0x00BC},
	{0xC499, 0x080F},
	{0xC49A, 0xFFFF},
	{0xC49B, 0x0306},
	{0xC49C, 0x0006},
	{0xC49D, 0x042F},
	{0xC49E, 0x0008},
	{0xC49F, 0x0300},
	{0xC4A0, 0x0618},
	{0xC4A1, 0x080F},
	{0xC4A2, 0x000F},
	{0xC4A3, 0x0301},
	{0xC4A4, 0x000A},
	{0xC4A5, 0x080F},
	{0xC4A6, 0xFFFF},
	{0xC4A7, 0x1B04},
	{0xC4A8, 0xAFFF},
	{0xC4A9, 0x080A},
	{0xC4AA, 0x04AC},
	{0xC4AB, 0x8FA2},
	{0xC4AC, 0x033A},
	{0xC4AD, 0x0000},
	{0xC4AE, 0x1B3B},
	{0xC4AF, 0xCFFF},
	{0xC4B0, 0x133A},
	{0xC4B1, 0x008C},
	{0xC4B2, 0x0050},
	{0xC4B3, 0x008F},
	{0xC4B4, 0x0050},
	{0xC4B5, 0x080F},
	{0xC4B6, 0x0020},
	{0xC4B7, 0x2300},
	{0xC4B8, 0x080F},
	{0xC4B9, 0xFFFF},
	{0xC4BA, 0x411C},
	{0xC4BB, 0x588C},
	{0xC4BC, 0x080F},
	{0xC4BD, 0x0024},
	{0xC4BE, 0x2201},
	{0xC4BF, 0x2204},
	{0xC4C0, 0x411C},
	{0xC4C1, 0x080F},
	{0xC4C2, 0x0100},
	{0xC4C3, 0x2300},
	{0xC4C4, 0x080F},
	{0xC4C5, 0xFFFF},
	{0xC4C6, 0x008C},
	{0xC4C7, 0x0058},
	{0xC4C8, 0x008F},
	{0xC4C9, 0x0058},
	{0xC4CA, 0x080F},
	{0xC4CB, 0x000F},
	{0xC4CC, 0x0301},
	{0xC4CD, 0x000E},
	{0xC4CE, 0x1B04},
	{0xC4CF, 0xCFFF},
	{0xC4D0, 0x0301},
	{0xC4D1, 0x000A},
	{0xC4D2, 0x1B04},
	{0xC4D3, 0xAFFF},
	{0xC4D4, 0x080F},
	{0xC4D5, 0xFFFF},
	{0xC4D6, 0x0180},
	{0xC4D7, 0x0063},
	{0xC4D8, 0x0181},
	{0xC4D9, 0x0001},
	{0xC4DA, 0x0182},
	{0xC4DB, 0x0000},
	{0xC4DC, 0x0190},
	{0xC4DD, 0x0000},
	{0xC4DE, 0x018F},
	{0xC4DF, 0x0000},
	{0xC4E0, 0x0183},
	{0xC4E1, 0x0000},
	{0xC4E2, 0x0191},
	{0xC4E3, 0x0000},
	{0xC4E4, 0x0192},
	{0xC4E5, 0x0000},
	{0xC4E6, 0x0184},
	{0xC4E7, 0x5C00},
	{0xC4E8, 0x0185},
	{0xC4E9, 0x047E},
	{0xC4EA, 0x018E},
	{0xC4EB, 0x0008},
	{0xC4EC, 0x0436},
	{0xC4ED, 0x0000},
	{0xC4EE, 0x0439},
	{0xC4EF, 0x0001},
	{0xC4F0, 0x01B1},
	{0xC4F1, 0x0000},
	{0xC4F2, 0x01AE},
	{0xC4F3, 0x0000},
	{0xC4F4, 0x01B4},
	{0xC4F5, 0x0000},
	{0xC4F6, 0x01B7},
	{0xC4F7, 0x0000},
	{0xC4F8, 0x0800},
	{0xC4F9, 0x0208},
	{0xC4FA, 0x54DD},
	{0xC4FB, 0xF000},
	{0xC4FC, 0x00D0},
	{0xC4FD, 0x0800},
	{0xC4FE, 0x0034},
	{0xC4FF, 0x0801},
	{0xC500, 0x0020},
	{0xC501, 0x0802},
	{0xC502, 0x0001},
	{0xC503, 0x080A},
	{0xC504, 0x0508},
	{0xC505, 0x0500},
	{0xC506, 0x037D},
	{0xC507, 0x8DE3},
	{0xC508, 0x303D},
	{0xC509, 0x2D05},
	{0xC50A, 0x0800},
	{0xC50B, 0x0080},
	{0xC50C, 0x0801},
	{0xC50D, 0x0040},
	{0xC50E, 0x0802},
	{0xC50F, 0x0007},
	{0xC510, 0x0803},
	{0xC511, 0x0000},
	{0xC512, 0x0804},
	{0xC513, 0x0034},
	{0xC514, 0x0805},
	{0xC515, 0x0001},
	{0xC516, 0x0806},
	{0xC517, 0x0371},
	{0xC518, 0x080A},
	{0xC519, 0x051B},
	{0xC51A, 0x8E01},
	{0xC51B, 0x300D},
	{0xC51C, 0x2D01},
	{0xC51D, 0x0800},
	{0xC51E, 0x0208},
	{0xC51F, 0x54DD},
	{0xC520, 0xF000},
	{0xC521, 0x00D0},
	{0xC522, 0x0800},
	{0xC523, 0x0034},
	{0xC524, 0x0801},
	{0xC525, 0x0060},
	{0xC526, 0x0802},
	{0xC527, 0x0002},
	{0xC528, 0x080A},
	{0xC529, 0x052D},
	{0xC52A, 0x0500},
	{0xC52B, 0x037D},
	{0xC52C, 0x8DBE},
	{0xC52D, 0x303D},
	{0xC52E, 0x2D06},
	{0xC52F, 0x0800},
	{0xC530, 0x0080},
	{0xC531, 0x0801},
	{0xC532, 0x0020},
	{0xC533, 0x0802},
	{0xC534, 0x0006},
	{0xC535, 0x0803},
	{0xC536, 0x0000},
	{0xC537, 0x0804},
	{0xC538, 0x0034},
	{0xC539, 0x0805},
	{0xC53A, 0x0002},
	{0xC53B, 0x0806},
	{0xC53C, 0x0371},
	{0xC53D, 0x080A},
	{0xC53E, 0x0540},
	{0xC53F, 0x8DDC},
	{0xC540, 0x300D},
	{0xC541, 0x2D02},
	{0xC542, 0x0800},
	{0xC543, 0x0208},
	{0xC544, 0x54DD},
	{0xC545, 0xF000},
	{0xC546, 0x00D0},
	{0xC547, 0x0800},
	{0xC548, 0x0034},
	{0xC549, 0x0801},
	{0xC54A, 0x0060},
	{0xC54B, 0x0802},
	{0xC54C, 0x0004},
	{0xC54D, 0x080A},
	{0xC54E, 0x0552},
	{0xC54F, 0x0500},
	{0xC550, 0x037D},
	{0xC551, 0x8D99},
	{0xC552, 0x303D},
	{0xC553, 0x2D07},
	{0xC554, 0x0800},
	{0xC555, 0x0080},
	{0xC556, 0x0801},
	{0xC557, 0x0020},
	{0xC558, 0x0802},
	{0xC559, 0x0006},
	{0xC55A, 0x0803},
	{0xC55B, 0x0000},
	{0xC55C, 0x0804},
	{0xC55D, 0x0034},
	{0xC55E, 0x0805},
	{0xC55F, 0x0004},
	{0xC560, 0x0806},
	{0xC561, 0x0371},
	{0xC562, 0x080A},
	{0xC563, 0x0565},
	{0xC564, 0x8DB7},
	{0xC565, 0x300D},
	{0xC566, 0x2D03},
	{0xC567, 0x0800},
	{0xC568, 0x0208},
	{0xC569, 0x54DD},
	{0xC56A, 0xF000},
	{0xC56B, 0x00D0},
	{0xC56C, 0x1D01},
	{0xC56D, 0x30D0},
	{0xC56E, 0x0801},
	{0xC56F, 0x0001},
	{0xC570, 0x0802},
	{0xC571, 0x0004},
	{0xC572, 0x0803},
	{0xC573, 0x0000},
	{0xC574, 0x0804},
	{0xC575, 0x0034},
	{0xC576, 0x0805},
	{0xC577, 0x0001},
	{0xC578, 0x1D05},
	{0xC579, 0x292D},
	{0xC57A, 0x0500},
	{0xC57B, 0x0371},
	{0xC57C, 0x080A},
	{0xC57D, 0x057F},
	{0xC57E, 0x8DAD},
	{0xC57F, 0x0800},
	{0xC580, 0x0208},
	{0xC581, 0x54DD},
	{0xC582, 0xF000},
	{0xC583, 0x00D0},
	{0xC584, 0x1D02},
	{0xC585, 0x30D0},
	{0xC586, 0x0801},
	{0xC587, 0x0001},
	{0xC588, 0x0802},
	{0xC589, 0x0004},
	{0xC58A, 0x0803},
	{0xC58B, 0x0000},
	{0xC58C, 0x0804},
	{0xC58D, 0x0034},
	{0xC58E, 0x0805},
	{0xC58F, 0x0002},
	{0xC590, 0x1D06},
	{0xC591, 0x292D},
	{0xC592, 0x0500},
	{0xC593, 0x0371},
	{0xC594, 0x080A},
	{0xC595, 0x0597},
	{0xC596, 0x8D95},
	{0xC597, 0x0800},
	{0xC598, 0x0208},
	{0xC599, 0x54DD},
	{0xC59A, 0xF000},
	{0xC59B, 0x00D0},
	{0xC59C, 0x1D03},
	{0xC59D, 0x30D0},
	{0xC59E, 0x0801},
	{0xC59F, 0x0001},
	{0xC5A0, 0x0802},
	{0xC5A1, 0x0004},
	{0xC5A2, 0x0803},
	{0xC5A3, 0x0000},
	{0xC5A4, 0x0804},
	{0xC5A5, 0x0034},
	{0xC5A6, 0x0805},
	{0xC5A7, 0x0004},
	{0xC5A8, 0x1D07},
	{0xC5A9, 0x292D},
	{0xC5AA, 0x0500},
	{0xC5AB, 0x0371},
	{0xC5AC, 0x080A},
	{0xC5AD, 0x05AF},
	{0xC5AE, 0x8D7D},
	{0xC5AF, 0x1D04},
	{0xC5B0, 0xC002},
	{0xC5B1, 0x9009},
	{0xC5B2, 0x080D},
	{0xC5B3, 0x033A},
	{0xC5B4, 0x5A1D},
	{0xC5B5, 0x5C8D},
	{0xC5B6, 0xDEF8},
	{0xC5B7, 0x0800},
	{0xC5B8, 0x012A},
	{0xC5B9, 0x0801},
	{0xC5BA, 0x0445},
	{0xC5BB, 0x080A},
	{0xC5BC, 0x05BE},
	{0xC5BD, 0x8E52},
	{0xC5BE, 0x1B3B},
	{0xC5BF, 0xCFFF},
	{0xC5C0, 0x080F},
	{0xC5C1, 0x0240},
	{0xC5C2, 0x0120},
	{0xC5C3, 0x0001},
	{0xC5C4, 0x080F},
	{0xC5C5, 0xFFFF},
	{0xC5C6, 0x0300},
	{0xC5C7, 0x005B},
	{0xC5C8, 0x0201},
	{0xC5C9, 0x0000},
	{0xC5CA, 0x0204},
	{0xC5CB, 0x0000},
	{0xC5CC, 0x042F},
	{0xC5CD, 0x0000},
	{0xC5CE, 0x080F},
	{0xC5CF, 0x000F},
	{0xC5D0, 0x0301},
	{0xC5D1, 0x0F0B},
	{0xC5D2, 0x080F},
	{0xC5D3, 0x00FF},
	{0xC5D4, 0x0305},
	{0xC5D5, 0x0000},
	{0xC5D6, 0x080F},
	{0xC5D7, 0xFFFF},
	{0xC5D8, 0x0306},
	{0xC5D9, 0x000B},
	{0xC5DA, 0x080F},
	{0xC5DB, 0x0018},
	{0xC5DC, 0x0303},
	{0xC5DD, 0x0000},
	{0xC5DE, 0x080F},
	{0xC5DF, 0xFFFF},
	{0xC5E0, 0x080F},
	{0xC5E1, 0x3000},
	{0xC5E2, 0x0002},
	{0xC5E3, 0x0000},
	{0xC5E4, 0x080F},
	{0xC5E5, 0xFFFF},
	{0xC5E6, 0x080F},
	{0xC5E7, 0xC000},
	{0xC5E8, 0x0103},
	{0xC5E9, 0x0000},
	{0xC5EA, 0x080F},
	{0xC5EB, 0xFFFF},
	{0xC5EC, 0x9009},
	{0xC5ED, 0x0180},
	{0xC5EE, 0x0063},
	{0xC5EF, 0x0181},
	{0xC5F0, 0x0001},
	{0xC5F1, 0x0182},
	{0xC5F2, 0x0000},
	{0xC5F3, 0x0190},
	{0xC5F4, 0x0000},
	{0xC5F5, 0x018F},
	{0xC5F6, 0x0000},
	{0xC5F7, 0x0183},
	{0xC5F8, 0x0000},
	{0xC5F9, 0x0191},
	{0xC5FA, 0x0000},
	{0xC5FB, 0x0192},
	{0xC5FC, 0x0000},
	{0xC5FD, 0x0184},
	{0xC5FE, 0x4000},
	{0xC5FF, 0x0185},
	{0xC600, 0x047E},
	{0xC601, 0x018E},
	{0xC602, 0x0008},
	{0xC603, 0x0436},
	{0xC604, 0x0000},
	{0xC605, 0x0439},
	{0xC606, 0x0001},
	{0xC607, 0x01B1},
	{0xC608, 0x001F},
	{0xC609, 0x01AE},
	{0xC60A, 0xA2F7},
	{0xC60B, 0x01B4},
	{0xC60C, 0x0000},
	{0xC60D, 0x01B7},
	{0xC60E, 0x0001},
	{0xC60F, 0x0800},
	{0xC610, 0x0208},
	{0xC611, 0x54DD},
	{0xC612, 0xF000},
	{0xC613, 0x00D0},
	{0xC614, 0x1B29},
	{0xC615, 0xC007},
	{0xC616, 0x0800},
	{0xC617, 0x0008},
	{0xC618, 0x300D},
	{0xC619, 0x080B},
	{0xC61A, 0x061F},
	{0xC61B, 0x8053},
	{0xC61C, 0x080A},
	{0xC61D, 0x061F},
	{0xC61E, 0x800A},
	{0xC61F, 0x300D},
	{0xC620, 0x2C13},
	{0xC621, 0x2C09},
	{0xC622, 0x2C02},
	{0xC623, 0x1B3F},
	{0xC624, 0x080A},
	{0xC625, 0x0627},
	{0xC626, 0x805F},
	{0xC627, 0x9009},
	{0xC628, 0x0800},
	{0xC629, 0x0008},
	{0xC62A, 0x080B},
	{0xC62B, 0x062D},
	{0xC62C, 0x8042},
	{0xC62D, 0x0801},
	{0xC62E, 0x0017},
	{0xC62F, 0x0802},
	{0xC630, 0x0000},
	{0xC631, 0x5666},
	{0xC632, 0x080B},
	{0xC633, 0x0634},
	{0xC634, 0xD01A},
	{0xC635, 0x080F},
	{0xC636, 0x0400},
	{0xC637, 0x01AE},
	{0xC638, 0x0001},
	{0xC639, 0x01AE},
	{0xC63A, 0x0000},
	{0xC63B, 0x080F},
	{0xC63C, 0xFFFF},
	{0xC63D, 0x6656},
	{0xC63E, 0x302D},
	{0xC63F, 0xA009},
	{0xC640, 0x30CD},
	{0xC641, 0x41FD},
	{0xC642, 0xC004},
	{0xC643, 0x0802},
	{0xC644, 0x0001},
	{0xC645, 0x8003},
	{0xC646, 0x0802},
	{0xC647, 0xFFFF},
	{0xC648, 0x302D},
	{0xC649, 0x41FC},
	{0xC64A, 0x41FD},
	{0xC64B, 0x54CD},
	{0xC64C, 0xC002},
	{0xC64D, 0x800A},
	{0xC64E, 0x302D},
	{0xC64F, 0x41FD},
	{0xC650, 0xC006},
	{0xC651, 0x0802},
	{0xC652, 0x0001},
	{0xC653, 0x080B},
	{0xC654, 0x0656},
	{0xC655, 0x8002},
	{0xC656, 0x900A},
	{0xC657, 0x30B4},
	{0xC658, 0x080B},
	{0xC659, 0x0661},
	{0xC65A, 0x5220},
	{0xC65B, 0x300D},
	{0xC65C, 0xC00D},
	{0xC65D, 0x5401},
	{0xC65E, 0xC00B},
	{0xC65F, 0xD00A},
	{0xC660, 0x800E},
	{0xC661, 0x300D},
	{0xC662, 0x40DD},
	{0xC663, 0x41DD},
	{0xC664, 0x5C7D},
	{0xC665, 0xCFF5},
	{0xC666, 0x304B},
	{0xC667, 0x54DD},
	{0xC668, 0x900B},
	{0xC669, 0x080D},
	{0xC66A, 0x0000},
	{0xC66B, 0x5C1D},
	{0xC66C, 0x304B},
	{0xC66D, 0x8001},
	{0xC66E, 0x300C},
	{0xC66F, 0x2409},
	{0xC670, 0xE000},
	{0xC671, 0x140A},
	{0xC672, 0x21B6},
	{0xC673, 0x01BA},
	{0xC674, 0x0001},
	{0xC675, 0x900B},
	{0xC676, 0x1C09},
	{0xC677, 0x30D0},
	{0xC678, 0x1C02},
	{0xC679, 0x30D6},
	{0xC67A, 0x5406},
	{0xC67B, 0xC008},
	{0xC67C, 0xD003},
	{0xC67D, 0x5810},
	{0xC67E, 0x8002},
	{0xC67F, 0x5C10},
	{0xC680, 0x080B},
	{0xC681, 0x067A},
	{0xC682, 0x8FEC},
	{0xC683, 0x5666},
	{0xC684, 0x900A},
	{0xC685, 0xC014},
	{0xC686, 0x30D3},
	{0xC687, 0x41FD},
	{0xC688, 0x401D},
	{0xC689, 0x0802},
	{0xC68A, 0x0001},
	{0xC68B, 0x56D2},
	{0xC68C, 0x1C02},
	{0xC68D, 0x30D0},
	{0xC68E, 0x0801},
	{0xC68F, 0x0017},
	{0xC690, 0x080B},
	{0xC691, 0x0696},
	{0xC692, 0x303D},
	{0xC693, 0xC004},
	{0xC694, 0x5623},
	{0xC695, 0x8FC2},
	{0xC696, 0xBFFC},
	{0xC697, 0x300D},
	{0xC698, 0x2C02},
	{0xC699, 0x900A},
	{0xC69A, 0x01B0},
	{0xC69B, 0x0001},
	{0xC69C, 0x1900},
	{0xC69D, 0x2D1C},
	{0xC69E, 0x0100},
	{0xC69F, 0x0004},
	{0xC6A0, 0x0180},
	{0xC6A1, 0x0040},
	{0xC6A2, 0x0181},
	{0xC6A3, 0xFFFF},
	{0xC6A4, 0x0182},
	{0xC6A5, 0x3C06},
	{0xC6A6, 0x0190},
	{0xC6A7, 0x0000},
	{0xC6A8, 0x018F},
	{0xC6A9, 0x0000},
	{0xC6AA, 0x0183},
	{0xC6AB, 0x0800},
	{0xC6AC, 0x0191},
	{0xC6AD, 0x0000},
	{0xC6AE, 0x0192},
	{0xC6AF, 0x0000},
	{0xC6B0, 0x0184},
	{0xC6B1, 0x4000},
	{0xC6B2, 0x0185},
	{0xC6B3, 0x0008},
	{0xC6B4, 0x018E},
	{0xC6B5, 0x0019},
	{0xC6B6, 0x0436},
	{0xC6B7, 0x0000},
	{0xC6B8, 0x0439},
	{0xC6B9, 0x0000},
	{0xC6BA, 0x01B1},
	{0xC6BB, 0x0000},
	{0xC6BC, 0x01AE},
	{0xC6BD, 0x0000},
	{0xC6BE, 0x01B4},
	{0xC6BF, 0x0000},
	{0xC6C0, 0x01B7},
	{0xC6C1, 0x0000},
	{0xC6C2, 0x0800},
	{0xC6C3, 0x0000},
	{0xC6C4, 0x54DD},
	{0xC6C5, 0xF000},
	{0xC6C6, 0x00D0},
	{0xC6C7, 0x018E},
	{0xC6C8, 0x0008},
	{0xC6C9, 0x080E},
	{0xC6CA, 0x0200},
	{0xC6CB, 0x1C4D},
	{0xC6CC, 0x080E},
	{0xC6CD, 0xFFFF},
	{0xC6CE, 0xA007},
	{0xC6CF, 0x080F},
	{0xC6D0, 0x0040},
	{0xC6D1, 0x01F4},
	{0xC6D2, 0x0001},
	{0xC6D3, 0x080F},
	{0xC6D4, 0xFFFF},
	{0xC6D5, 0x01AE},
	{0xC6D6, 0xB084},
	{0xC6D7, 0x01A9},
	{0xC6D8, 0x0120},
	{0xC6D9, 0x01B1},
	{0xC6DA, 0x0002},
	{0xC6DB, 0x0180},
	{0xC6DC, 0x03E7},
	{0xC6DD, 0x0181},
	{0xC6DE, 0x0001},
	{0xC6DF, 0x0182},
	{0xC6E0, 0x0000},
	{0xC6E1, 0x0190},
	{0xC6E2, 0x0000},
	{0xC6E3, 0x018F},
	{0xC6E4, 0x0000},
	{0xC6E5, 0x0183},
	{0xC6E6, 0x0000},
	{0xC6E7, 0x0191},
	{0xC6E8, 0x0000},
	{0xC6E9, 0x0192},
	{0xC6EA, 0x0000},
	{0xC6EB, 0x0184},
	{0xC6EC, 0x4000},
	{0xC6ED, 0x0185},
	{0xC6EE, 0x047E},
	{0xC6EF, 0x018E},
	{0xC6F0, 0x0008},
	{0xC6F1, 0x0800},
	{0xC6F2, 0x040C},
	{0xC6F3, 0x080A},
	{0xC6F4, 0x06FA},
	{0xC6F5, 0x1B25},
	{0xC6F6, 0xA004},
	{0xC6F7, 0x0803},
	{0xC6F8, 0x0000},
	{0xC6F9, 0x8286},
	{0xC6FA, 0x01B5},
	{0xC6FB, 0x0177},
	{0xC6FC, 0x01AE},
	{0xC6FD, 0x3000},
	{0xC6FE, 0x01A9},
	{0xC6FF, 0x0160},
	{0xC700, 0x0180},
	{0xC701, 0x031F},
	{0xC702, 0x0181},
	{0xC703, 0xAAAA},
	{0xC704, 0x0182},
	{0xC705, 0x2800},
	{0xC706, 0x0184},
	{0xC707, 0x7000},
	{0xC708, 0x01B1},
	{0xC709, 0x0010},
	{0xC70A, 0x0800},
	{0xC70B, 0x040B},
	{0xC70C, 0x080A},
	{0xC70D, 0x0713},
	{0xC70E, 0x1B26},
	{0xC70F, 0xA004},
	{0xC710, 0x0803},
	{0xC711, 0x0001},
	{0xC712, 0x826D},
	{0xC713, 0x0184},
	{0xC714, 0x6C00},
	{0xC715, 0x01B1},
	{0xC716, 0x0014},
	{0xC717, 0x0800},
	{0xC718, 0x0411},
	{0xC719, 0x080A},
	{0xC71A, 0x0720},
	{0xC71B, 0x1B26},
	{0xC71C, 0xA004},
	{0xC71D, 0x0803},
	{0xC71E, 0x0001},
	{0xC71F, 0x8260},
	{0xC720, 0x0184},
	{0xC721, 0x6800},
	{0xC722, 0x01B1},
	{0xC723, 0x0012},
	{0xC724, 0x0800},
	{0xC725, 0x0405},
	{0xC726, 0x080A},
	{0xC727, 0x072D},
	{0xC728, 0x1B26},
	{0xC729, 0xA004},
	{0xC72A, 0x0803},
	{0xC72B, 0x0001},
	{0xC72C, 0x8253},
	{0xC72D, 0x0181},
	{0xC72E, 0x5555},
	{0xC72F, 0x0182},
	{0xC730, 0x1400},
	{0xC731, 0x0184},
	{0xC732, 0x7000},
	{0xC733, 0x01B1},
	{0xC734, 0x0011},
	{0xC735, 0x0800},
	{0xC736, 0x040D},
	{0xC737, 0x080A},
	{0xC738, 0x073E},
	{0xC739, 0x1B26},
	{0xC73A, 0xA004},
	{0xC73B, 0x0803},
	{0xC73C, 0x0001},
	{0xC73D, 0x8242},
	{0xC73E, 0x0184},
	{0xC73F, 0x6C00},
	{0xC740, 0x01B1},
	{0xC741, 0x0015},
	{0xC742, 0x0800},
	{0xC743, 0x0412},
	{0xC744, 0x080A},
	{0xC745, 0x074B},
	{0xC746, 0x1B26},
	{0xC747, 0xA004},
	{0xC748, 0x0803},
	{0xC749, 0x0001},
	{0xC74A, 0x8235},
	{0xC74B, 0x0184},
	{0xC74C, 0x6800},
	{0xC74D, 0x01B1},
	{0xC74E, 0x0013},
	{0xC74F, 0x0800},
	{0xC750, 0x0406},
	{0xC751, 0x080A},
	{0xC752, 0x0758},
	{0xC753, 0x1B26},
	{0xC754, 0xA004},
	{0xC755, 0x0803},
	{0xC756, 0x0001},
	{0xC757, 0x8228},
	{0xC758, 0x01AE},
	{0xC759, 0xA063},
	{0xC75A, 0x01A9},
	{0xC75B, 0x0120},
	{0xC75C, 0x0180},
	{0xC75D, 0x03E7},
	{0xC75E, 0x0181},
	{0xC75F, 0x0001},
	{0xC760, 0x0182},
	{0xC761, 0x0000},
	{0xC762, 0x0184},
	{0xC763, 0x4000},
	{0xC764, 0x01B1},
	{0xC765, 0x0001},
	{0xC766, 0x0800},
	{0xC767, 0x0400},
	{0xC768, 0x080A},
	{0xC769, 0x076F},
	{0xC76A, 0x1B25},
	{0xC76B, 0xA004},
	{0xC76C, 0x0803},
	{0xC76D, 0x0000},
	{0xC76E, 0x8211},
	{0xC76F, 0x01AE},
	{0xC770, 0xA084},
	{0xC771, 0x01B1},
	{0xC772, 0x0002},
	{0xC773, 0x01AF},
	{0xC774, 0x0080},
	{0xC775, 0x01B0},
	{0xC776, 0x0001},
	{0xC777, 0x01B8},
	{0xC778, 0x0001},
	{0xC779, 0x01B0},
	{0xC77A, 0x0000},
	{0xC77B, 0x0800},
	{0xC77C, 0x0401},
	{0xC77D, 0x080A},
	{0xC77E, 0x0784},
	{0xC77F, 0x1B25},
	{0xC780, 0xA004},
	{0xC781, 0x0803},
	{0xC782, 0x0000},
	{0xC783, 0x81FC},
	{0xC784, 0x01A9},
	{0xC785, 0x0000},
	{0xC786, 0x080E},
	{0xC787, 0x0200},
	{0xC788, 0x1C4D},
	{0xC789, 0x080E},
	{0xC78A, 0xFFFF},
	{0xC78B, 0xA007},
	{0xC78C, 0x080F},
	{0xC78D, 0x0040},
	{0xC78E, 0x01F4},
	{0xC78F, 0x0000},
	{0xC790, 0x080F},
	{0xC791, 0xFFFF},
	{0xC792, 0x080E},
	{0xC793, 0x0002},
	{0xC794, 0x1B38},
	{0xC795, 0x080E},
	{0xC796, 0xFFFF},
	{0xC797, 0xA12D},
	{0xC798, 0x080F},
	{0xC799, 0x0400},
	{0xC79A, 0x0140},
	{0xC79B, 0x0000},
	{0xC79C, 0x080F},
	{0xC79D, 0xFFFF},
	{0xC79E, 0x0513},
	{0xC79F, 0x0004},
	{0xC7A0, 0x0515},
	{0xC7A1, 0x0501},
	{0xC7A2, 0x0514},
	{0xC7A3, 0x050A},
	{0xC7A4, 0x0501},
	{0xC7A5, 0x043E},
	{0xC7A6, 0x0502},
	{0xC7A7, 0x043D},
	{0xC7A8, 0x0503},
	{0xC7A9, 0x043E},
	{0xC7AA, 0x0504},
	{0xC7AB, 0x043D},
	{0xC7AC, 0x0505},
	{0xC7AD, 0x0440},
	{0xC7AE, 0x0506},
	{0xC7AF, 0x043F},
	{0xC7B0, 0x0507},
	{0xC7B1, 0x0440},
	{0xC7B2, 0x0508},
	{0xC7B3, 0x043F},
	{0xC7B4, 0x0509},
	{0xC7B5, 0x0000},
	{0xC7B6, 0x050A},
	{0xC7B7, 0x07C9},
	{0xC7B8, 0x050B},
	{0xC7B9, 0x07DB},
	{0xC7BA, 0x050C},
	{0xC7BB, 0x07E5},
	{0xC7BC, 0x050D},
	{0xC7BD, 0x07EF},
	{0xC7BE, 0x050E},
	{0xC7BF, 0x07F9},
	{0xC7C0, 0x050F},
	{0xC7C1, 0x0803},
	{0xC7C2, 0x0510},
	{0xC7C3, 0x080D},
	{0xC7C4, 0x0511},
	{0xC7C5, 0x0817},
	{0xC7C6, 0x0512},
	{0xC7C7, 0x0000},
	{0xC7C8, 0x8099},
	{0xC7C9, 0x0436},
	{0xC7CA, 0x0000},
	{0xC7CB, 0x0439},
	{0xC7CC, 0x0001},
	{0xC7CD, 0x01B1},
	{0xC7CE, 0x0008},
	{0xC7CF, 0x01AE},
	{0xC7D0, 0xA39C},
	{0xC7D1, 0x01B4},
	{0xC7D2, 0x0000},
	{0xC7D3, 0x01B7},
	{0xC7D4, 0x0000},
	{0xC7D5, 0x0800},
	{0xC7D6, 0x0208},
	{0xC7D7, 0x54DD},
	{0xC7D8, 0xF000},
	{0xC7D9, 0x00D0},
	{0xC7DA, 0x8047},
	{0xC7DB, 0x01B1},
	{0xC7DC, 0x0007},
	{0xC7DD, 0x01AE},
	{0xC7DE, 0xA3BD},
	{0xC7DF, 0x0800},
	{0xC7E0, 0x0208},
	{0xC7E1, 0x54DD},
	{0xC7E2, 0xF000},
	{0xC7E3, 0x00D0},
	{0xC7E4, 0x803D},
	{0xC7E5, 0x01B1},
	{0xC7E6, 0x0008},
	{0xC7E7, 0x01AE},
	{0xC7E8, 0xA39C},
	{0xC7E9, 0x0800},
	{0xC7EA, 0x0208},
	{0xC7EB, 0x54DD},
	{0xC7EC, 0xF000},
	{0xC7ED, 0x00D0},
	{0xC7EE, 0x804E},
	{0xC7EF, 0x01B1},
	{0xC7F0, 0x0007},
	{0xC7F1, 0x01AE},
	{0xC7F2, 0xA3BD},
	{0xC7F3, 0x0800},
	{0xC7F4, 0x0208},
	{0xC7F5, 0x54DD},
	{0xC7F6, 0xF000},
	{0xC7F7, 0x00D0},
	{0xC7F8, 0x8044},
	{0xC7F9, 0x01B1},
	{0xC7FA, 0x000A},
	{0xC7FB, 0x01AE},
	{0xC7FC, 0xA3DE},
	{0xC7FD, 0x0800},
	{0xC7FE, 0x0208},
	{0xC7FF, 0x54DD},
	{0xC800, 0xF000},
	{0xC801, 0x00D0},
	{0xC802, 0x801F},
	{0xC803, 0x01B1},
	{0xC804, 0x0009},
	{0xC805, 0x01AE},
	{0xC806, 0xA3FF},
	{0xC807, 0x0800},
	{0xC808, 0x0208},
	{0xC809, 0x54DD},
	{0xC80A, 0xF000},
	{0xC80B, 0x00D0},
	{0xC80C, 0x8015},
	{0xC80D, 0x01B1},
	{0xC80E, 0x000A},
	{0xC80F, 0x01AE},
	{0xC810, 0xA3DE},
	{0xC811, 0x0800},
	{0xC812, 0x0208},
	{0xC813, 0x54DD},
	{0xC814, 0xF000},
	{0xC815, 0x00D0},
	{0xC816, 0x8026},
	{0xC817, 0x01B1},
	{0xC818, 0x0009},
	{0xC819, 0x01AE},
	{0xC81A, 0xA3FF},
	{0xC81B, 0x0800},
	{0xC81C, 0x0208},
	{0xC81D, 0x54DD},
	{0xC81E, 0xF000},
	{0xC81F, 0x00D0},
	{0xC820, 0x801C},
	{0xC821, 0x0800},
	{0xC822, 0x0080},
	{0xC823, 0x0801},
	{0xC824, 0x0040},
	{0xC825, 0x0802},
	{0xC826, 0x0007},
	{0xC827, 0x0803},
	{0xC828, 0x0000},
	{0xC829, 0x0804},
	{0xC82A, 0x0034},
	{0xC82B, 0x0805},
	{0xC82C, 0x01AF},
	{0xC82D, 0x0806},
	{0xC82E, 0x034E},
	{0xC82F, 0x080A},
	{0xC830, 0x0832},
	{0xC831, 0x8AEA},
	{0xC832, 0x1D15},
	{0xC833, 0x32DD},
	{0xC834, 0x1513},
	{0xC835, 0x50CD},
	{0xC836, 0x080F},
	{0xC837, 0x00FF},
	{0xC838, 0x310D},
	{0xC839, 0x080F},
	{0xC83A, 0xFFFF},
	{0xC83B, 0x8024},
	{0xC83C, 0x1D15},
	{0xC83D, 0x32DD},
	{0xC83E, 0x1513},
	{0xC83F, 0x50CD},
	{0xC840, 0x080E},
	{0xC841, 0x00FF},
	{0xC842, 0x32DD},
	{0xC843, 0x080E},
	{0xC844, 0xFFFF},
	{0xC845, 0x30D0},
	{0xC846, 0x0801},
	{0xC847, 0x0001},
	{0xC848, 0x0802},
	{0xC849, 0x0004},
	{0xC84A, 0x0803},
	{0xC84B, 0x0000},
	{0xC84C, 0x0804},
	{0xC84D, 0x0034},
	{0xC84E, 0x0805},
	{0xC84F, 0x01AF},
	{0xC850, 0x0500},
	{0xC851, 0x034E},
	{0xC852, 0x080A},
	{0xC853, 0x0855},
	{0xC854, 0x8AD7},
	{0xC855, 0x1D15},
	{0xC856, 0x32DD},
	{0xC857, 0x1513},
	{0xC858, 0x50CD},
	{0xC859, 0x080F},
	{0xC85A, 0x00FF},
	{0xC85B, 0x317D},
	{0xC85C, 0x080F},
	{0xC85D, 0xFFFF},
	{0xC85E, 0x8001},
	{0xC85F, 0x1D16},
	{0xC860, 0x900D},
	{0xC861, 0x0180},
	{0xC862, 0x0063},
	{0xC863, 0x0181},
	{0xC864, 0x0001},
	{0xC865, 0x0182},
	{0xC866, 0x0000},
	{0xC867, 0x0190},
	{0xC868, 0x0000},
	{0xC869, 0x018F},
	{0xC86A, 0x0000},
	{0xC86B, 0x0183},
	{0xC86C, 0x0000},
	{0xC86D, 0x0191},
	{0xC86E, 0x0000},
	{0xC86F, 0x0192},
	{0xC870, 0x0000},
	{0xC871, 0x0184},
	{0xC872, 0x4038},
	{0xC873, 0x0185},
	{0xC874, 0x047E},
	{0xC875, 0x018E},
	{0xC876, 0x0008},
	{0xC877, 0x080F},
	{0xC878, 0x0003},
	{0xC879, 0x0305},
	{0xC87A, 0x0001},
	{0xC87B, 0x080F},
	{0xC87C, 0xFFFF},
	{0xC87D, 0x0809},
	{0xC87E, 0x0880},
	{0xC87F, 0x803C},
	{0xC880, 0x0516},
	{0xC881, 0x0885},
	{0xC882, 0x1D14},
	{0xC883, 0x32DD},
	{0xC884, 0x900D},
	{0xC885, 0x080D},
	{0xC886, 0x0515},
	{0xC887, 0x5A1D},
	{0xC888, 0x080D},
	{0xC889, 0x0514},
	{0xC88A, 0x5A1D},
	{0xC88B, 0x32DD},
	{0xC88C, 0xAFF4},
	{0xC88D, 0x080D},
	{0xC88E, 0x0513},
	{0xC88F, 0x5E4D},
	{0xC890, 0xD011},
	{0xC891, 0x0515},
	{0xC892, 0x0501},
	{0xC893, 0x0514},
	{0xC894, 0x050A},
	{0xC895, 0x080E},
	{0xC896, 0x0003},
	{0xC897, 0x080F},
	{0xC898, 0x0003},
	{0xC899, 0x080D},
	{0xC89A, 0x0305},
	{0xC89B, 0x5E1D},
	{0xC89C, 0x080E},
	{0xC89D, 0xFFFF},
	{0xC89E, 0x080F},
	{0xC89F, 0xFFFF},
	{0xC8A0, 0x8FDD},
	{0xC8A1, 0x0809},
	{0xC8A2, 0x08A5},
	{0xC8A3, 0x7000},
	{0xC8A4, 0x01D0},
	{0xC8A5, 0x080F},
	{0xC8A6, 0x0400},
	{0xC8A7, 0x0140},
	{0xC8A8, 0x0001},
	{0xC8A9, 0x080F},
	{0xC8AA, 0x00FF},
	{0xC8AB, 0x0305},
	{0xC8AC, 0x009C},
	{0xC8AD, 0x080F},
	{0xC8AE, 0xFFFF},
	{0xC8AF, 0x0809},
	{0xC8B0, 0x08B2},
	{0xC8B1, 0x800A},
	{0xC8B2, 0x080F},
	{0xC8B3, 0x00FF},
	{0xC8B4, 0x0305},
	{0xC8B5, 0x008C},
	{0xC8B6, 0x080F},
	{0xC8B7, 0xFFFF},
	{0xC8B8, 0x0809},
	{0xC8B9, 0x08C4},
	{0xC8BA, 0x8001},
	{0xC8BB, 0x0306},
	{0xC8BC, 0x000C},
	{0xC8BD, 0x1B0F},
	{0xC8BE, 0xCFFF},
	{0xC8BF, 0x0306},
	{0xC8C0, 0x000A},
	{0xC8C1, 0x1B0F},
	{0xC8C2, 0xAFFF},
	{0xC8C3, 0x9009},
	{0xC8C4, 0x1B23},
	{0xC8C5, 0xA07B},
	{0xC8C6, 0x0809},
	{0xC8C7, 0x08C9},
	{0xC8C8, 0x8D25},
	{0xC8C9, 0x080E},
	{0xC8CA, 0x0010},
	{0xC8CB, 0x1B38},
	{0xC8CC, 0x080E},
	{0xC8CD, 0xFFFF},
	{0xC8CE, 0xA072},
	{0xC8CF, 0x0180},
	{0xC8D0, 0x00C7},
	{0xC8D1, 0x0181},
	{0xC8D2, 0x0001},
	{0xC8D3, 0x0182},
	{0xC8D4, 0x0000},
	{0xC8D5, 0x0190},
	{0xC8D6, 0x0000},
	{0xC8D7, 0x018F},
	{0xC8D8, 0x0000},
	{0xC8D9, 0x0183},
	{0xC8DA, 0x0000},
	{0xC8DB, 0x0191},
	{0xC8DC, 0x0000},
	{0xC8DD, 0x0192},
	{0xC8DE, 0x0000},
	{0xC8DF, 0x0184},
	{0xC8E0, 0x4000},
	{0xC8E1, 0x0185},
	{0xC8E2, 0x047E},
	{0xC8E3, 0x018E},
	{0xC8E4, 0x0008},
	{0xC8E5, 0x0436},
	{0xC8E6, 0x0040},
	{0xC8E7, 0x0439},
	{0xC8E8, 0x0001},
	{0xC8E9, 0x01B1},
	{0xC8EA, 0x001E},
	{0xC8EB, 0x01AE},
	{0xC8EC, 0x0000},
	{0xC8ED, 0x01B4},
	{0xC8EE, 0x0000},
	{0xC8EF, 0x01B7},
	{0xC8F0, 0x0000},
	{0xC8F1, 0x0800},
	{0xC8F2, 0x0208},
	{0xC8F3, 0x54DD},
	{0xC8F4, 0xF000},
	{0xC8F5, 0x00D0},
	{0xC8F6, 0x0435},
	{0xC8F7, 0x003C},
	{0xC8F8, 0x54DD},
	{0xC8F9, 0x0800},
	{0xC8FA, 0x000D},
	{0xC8FB, 0xF000},
	{0xC8FC, 0x00D0},
	{0xC8FD, 0x01AF},
	{0xC8FE, 0x0002},
	{0xC8FF, 0x01B0},
	{0xC900, 0x0001},
	{0xC901, 0x01B8},
	{0xC902, 0x0001},
	{0xC903, 0x01B0},
	{0xC904, 0x0000},
	{0xC905, 0x080F},
	{0xC906, 0x0FC0},
	{0xC907, 0x01C1},
	{0xC908, 0x0020},
	{0xC909, 0x080F},
	{0xC90A, 0x1000},
	{0xC90B, 0x01C1},
	{0xC90C, 0x0001},
	{0xC90D, 0x080F},
	{0xC90E, 0xFFFF},
	{0xC90F, 0x0800},
	{0xC910, 0x0020},
	{0xC911, 0x0801},
	{0xC912, 0x0010},
	{0xC913, 0x0802},
	{0xC914, 0x0005},
	{0xC915, 0x0803},
	{0xC916, 0x0000},
	{0xC917, 0x0804},
	{0xC918, 0x0FC0},
	{0xC919, 0x0805},
	{0xC91A, 0x01C1},
	{0xC91B, 0x0806},
	{0xC91C, 0x0365},
	{0xC91D, 0x080A},
	{0xC91E, 0x0920},
	{0xC91F, 0x89FC},
	{0xC920, 0x3000},
	{0xC921, 0x0801},
	{0xC922, 0x0001},
	{0xC923, 0x0802},
	{0xC924, 0x0004},
	{0xC925, 0x0803},
	{0xC926, 0x0000},
	{0xC927, 0x0804},
	{0xC928, 0x0FC0},
	{0xC929, 0x0805},
	{0xC92A, 0x01C1},
	{0xC92B, 0x0500},
	{0xC92C, 0x0365},
	{0xC92D, 0x080A},
	{0xC92E, 0x0930},
	{0xC92F, 0x89FC},
	{0xC930, 0x01AF},
	{0xC931, 0x0000},
	{0xC932, 0x01B0},
	{0xC933, 0x0001},
	{0xC934, 0x01B8},
	{0xC935, 0x0001},
	{0xC936, 0x01B0},
	{0xC937, 0x0000},
	{0xC938, 0x080E},
	{0xC939, 0x0FC0},
	{0xC93A, 0x19C1},
	{0xC93B, 0x2C38},
	{0xC93C, 0x080E},
	{0xC93D, 0xFFFF},
	{0xC93E, 0x0435},
	{0xC93F, 0x0000},
	{0xC940, 0x1D1C},
	{0xC941, 0x2900},
	{0xC942, 0x01B5},
	{0xC943, 0x0177},
	{0xC944, 0x01A9},
	{0xC945, 0x0000},
	{0xC946, 0x01B0},
	{0xC947, 0x0000},
	{0xC948, 0x0180},
	{0xC949, 0x0040},
	{0xC94A, 0x0181},
	{0xC94B, 0xFFFF},
	{0xC94C, 0x0182},
	{0xC94D, 0x3C06},
	{0xC94E, 0x0190},
	{0xC94F, 0x0000},
	{0xC950, 0x018F},
	{0xC951, 0x0000},
	{0xC952, 0x0183},
	{0xC953, 0x0800},
	{0xC954, 0x0191},
	{0xC955, 0x0000},
	{0xC956, 0x0192},
	{0xC957, 0x0000},
	{0xC958, 0x0184},
	{0xC959, 0x4000},
	{0xC95A, 0x0185},
	{0xC95B, 0x0008},
	{0xC95C, 0x018E},
	{0xC95D, 0x0019},
	{0xC95E, 0x0436},
	{0xC95F, 0x0000},
	{0xC960, 0x0439},
	{0xC961, 0x0000},
	{0xC962, 0x01B1},
	{0xC963, 0x0000},
	{0xC964, 0x01AE},
	{0xC965, 0x0000},
	{0xC966, 0x01B4},
	{0xC967, 0x0000},
	{0xC968, 0x01B7},
	{0xC969, 0x0000},
	{0xC96A, 0x0800},
	{0xC96B, 0x0000},
	{0xC96C, 0x54DD},
	{0xC96D, 0xF000},
	{0xC96E, 0x00D0},
	{0xC96F, 0x018E},
	{0xC970, 0x0008},
	{0xC971, 0x7000},
	{0xC972, 0x0209},
	{0xC973, 0x0800},
	{0xC974, 0x0008},
	{0xC975, 0x0809},
	{0xC976, 0x0978},
	{0xC977, 0x8CA8},
	{0xC978, 0x01B0},
	{0xC979, 0x0001},
	{0xC97A, 0x01B8},
	{0xC97B, 0x0001},
	{0xC97C, 0x01B0},
	{0xC97D, 0x0000},
	{0xC97E, 0x8FCA},
	{0xC97F, 0x0804},
	{0xC980, 0x0040},
	{0xC981, 0x5C03},
	{0xC982, 0xA002},
	{0xC983, 0x8005},
	{0xC984, 0x0801},
	{0xC985, 0x0007},
	{0xC986, 0xE022},
	{0xC987, 0x8004},
	{0xC988, 0x0801},
	{0xC989, 0x0006},
	{0xC98A, 0xE022},
	{0xC98B, 0x0806},
	{0xC98C, 0x0000},
	{0xC98D, 0x6666},
	{0xC98E, 0x0802},
	{0xC98F, 0x0002},
	{0xC990, 0x5423},
	{0xC991, 0xB005},
	{0xC992, 0x0806},
	{0xC993, 0x0000},
	{0xC994, 0x6266},
	{0xC995, 0x8022},
	{0xC996, 0xA010},
	{0xC997, 0x080E},
	{0xC998, 0x7FFF},
	{0xC999, 0x198A},
	{0xC99A, 0x080E},
	{0xC99B, 0xFFFF},
	{0xC99C, 0x30D2},
	{0xC99D, 0x4012},
	{0xC99E, 0x080E},
	{0xC99F, 0x7FFF},
	{0xC9A0, 0x1986},
	{0xC9A1, 0x080E},
	{0xC9A2, 0xFFFF},
	{0xC9A3, 0x413D},
	{0xC9A4, 0x54D2},
	{0xC9A5, 0x8012},
	{0xC9A6, 0x080E},
	{0xC9A7, 0x7FFF},
	{0xC9A8, 0x1986},
	{0xC9A9, 0x080E},
	{0xC9AA, 0xFFFF},
	{0xC9AB, 0x30D2},
	{0xC9AC, 0x4012},
	{0xC9AD, 0x413D},
	{0xC9AE, 0x54D2},
	{0xC9AF, 0x30D2},
	{0xC9B0, 0x080E},
	{0xC9B1, 0x7FFF},
	{0xC9B2, 0x198A},
	{0xC9B3, 0x080E},
	{0xC9B4, 0xFFFF},
	{0xC9B5, 0x401D},
	{0xC9B6, 0x542D},
	{0xC9B7, 0xB009},
	{0xC9B8, 0x0802},
	{0xC9B9, 0x0000},
	{0xC9BA, 0x54D2},
	{0xC9BB, 0x30D5},
	{0xC9BC, 0x320D},
	{0xC9BD, 0x3202},
	{0xC9BE, 0x544D},
	{0xC9BF, 0x8007},
	{0xC9C0, 0x30D5},
	{0xC9C1, 0x3202},
	{0xC9C2, 0xA002},
	{0xC9C3, 0x800D},
	{0xC9C4, 0x320D},
	{0xC9C5, 0x504D},
	{0xC9C6, 0x31D0},
	{0xC9C7, 0x080B},
	{0xC9C8, 0x09CA},
	{0xC9C9, 0x8068},
	{0xC9CA, 0x5C03},
	{0xC9CB, 0xA003},
	{0xC9CC, 0xE004},
	{0xC9CD, 0x8005},
	{0xC9CE, 0xE004},
	{0xC9CF, 0x8003},
	{0xC9D0, 0x30D5},
	{0xC9D1, 0x3202},
	{0xC9D2, 0x4114},
	{0xC9D3, 0x5C11},
	{0xC9D4, 0xAFB7},
	{0xC9D5, 0x0801},
	{0xC9D6, 0x0004},
	{0xC9D7, 0x0806},
	{0xC9D8, 0x0000},
	{0xC9D9, 0x6666},
	{0xC9DA, 0x0804},
	{0xC9DB, 0x0002},
	{0xC9DC, 0x5443},
	{0xC9DD, 0xB005},
	{0xC9DE, 0x0806},
	{0xC9DF, 0x0000},
	{0xC9E0, 0x6266},
	{0xC9E1, 0x8022},
	{0xC9E2, 0xA010},
	{0xC9E3, 0x080E},
	{0xC9E4, 0x7FFF},
	{0xC9E5, 0x198A},
	{0xC9E6, 0x080E},
	{0xC9E7, 0xFFFF},
	{0xC9E8, 0x30D4},
	{0xC9E9, 0x4014},
	{0xC9EA, 0x080E},
	{0xC9EB, 0x7FFF},
	{0xC9EC, 0x1986},
	{0xC9ED, 0x080E},
	{0xC9EE, 0xFFFF},
	{0xC9EF, 0x413D},
	{0xC9F0, 0x54D4},
	{0xC9F1, 0x8012},
	{0xC9F2, 0x080E},
	{0xC9F3, 0x7FFF},
	{0xC9F4, 0x1986},
	{0xC9F5, 0x080E},
	{0xC9F6, 0xFFFF},
	{0xC9F7, 0x30D4},
	{0xC9F8, 0x4014},
	{0xC9F9, 0x413D},
	{0xC9FA, 0x54D4},
	{0xC9FB, 0x30D4},
	{0xC9FC, 0x080E},
	{0xC9FD, 0x7FFF},
	{0xC9FE, 0x198A},
	{0xC9FF, 0x080E},
	{0xCA00, 0xFFFF},
	{0xCA01, 0x401D},
	{0xCA02, 0x544D},
	{0xCA03, 0x30D4},
	{0xCA04, 0xB00E},
	{0xCA05, 0x0804},
	{0xCA06, 0x0000},
	{0xCA07, 0x54D4},
	{0xCA08, 0x30D4},
	{0xCA09, 0x5445},
	{0xCA0A, 0xD003},
	{0xCA0B, 0x3045},
	{0xCA0C, 0x3202},
	{0xCA0D, 0x320D},
	{0xCA0E, 0x5C1D},
	{0xCA0F, 0x30D4},
	{0xCA10, 0xB00B},
	{0xCA11, 0x801F},
	{0xCA12, 0x5445},
	{0xCA13, 0xD003},
	{0xCA14, 0x3045},
	{0xCA15, 0x3202},
	{0xCA16, 0x320D},
	{0xCA17, 0x581D},
	{0xCA18, 0x30D4},
	{0xCA19, 0x418D},
	{0xCA1A, 0xA016},
	{0xCA1B, 0x5C11},
	{0xCA1C, 0xA008},
	{0xCA1D, 0x3204},
	{0xCA1E, 0x5442},
	{0xCA1F, 0xA002},
	{0xCA20, 0x8010},
	{0xCA21, 0x3120},
	{0xCA22, 0x302D},
	{0xCA23, 0x8003},
	{0xCA24, 0x3140},
	{0xCA25, 0x304D},
	{0xCA26, 0x080B},
	{0xCA27, 0x0A29},
	{0xCA28, 0x8009},
	{0xCA29, 0x5C03},
	{0xCA2A, 0xA003},
	{0xCA2B, 0xE004},
	{0xCA2C, 0x8002},
	{0xCA2D, 0xE004},
	{0xCA2E, 0x5C01},
	{0xCA2F, 0xAFA8},
	{0xCA30, 0x900A},
	{0xCA31, 0x29AF},
	{0xCA32, 0x01B0},
	{0xCA33, 0x0001},
	{0xCA34, 0x01B8},
	{0xCA35, 0x0001},
	{0xCA36, 0x01B0},
	{0xCA37, 0x0000},
	{0xCA38, 0x080F},
	{0xCA39, 0x0400},
	{0xCA3A, 0x01AE},
	{0xCA3B, 0x0001},
	{0xCA3C, 0x01AE},
	{0xCA3D, 0x0000},
	{0xCA3E, 0x080F},
	{0xCA3F, 0xFFFF},
	{0xCA40, 0x900B},
	{0xCA41, 0x520C},
	{0xCA42, 0x30CD},
	{0xCA43, 0x41FD},
	{0xCA44, 0xC003},
	{0xCA45, 0x56CC},
	{0xCA46, 0x900B},
	{0xCA47, 0x54C1},
	{0xCA48, 0xB002},
	{0xCA49, 0x301C},
	{0xCA4A, 0x900B},
	{0xCA4B, 0x03C7},
	{0xCA4C, 0x0003},
	{0xCA4D, 0x080E},
	{0xCA4E, 0x01FF},
	{0xCA4F, 0x1149},
	{0xCA50, 0x080E},
	{0xCA51, 0xFFFF},
	{0xCA52, 0x080F},
	{0xCA53, 0x01E0},
	{0xCA54, 0x0149},
	{0xCA55, 0x0000},
	{0xCA56, 0x080F},
	{0xCA57, 0x000C},
	{0xCA58, 0x0107},
	{0xCA59, 0x0002},
	{0xCA5A, 0x080F},
	{0xCA5B, 0xFFFF},
	{0xCA5C, 0x1D18},
	{0xCA5D, 0x2959},
	{0xCA5E, 0x080F},
	{0xCA5F, 0x000C},
	{0xCA60, 0x0107},
	{0xCA61, 0x0000},
	{0xCA62, 0x080F},
	{0xCA63, 0x01FF},
	{0xCA64, 0x2149},
	{0xCA65, 0x080F},
	{0xCA66, 0xFFFF},
	{0xCA67, 0x080E},
	{0xCA68, 0x0002},
	{0xCA69, 0x191B},
	{0xCA6A, 0xCFFF},
	{0xCA6B, 0x080E},
	{0xCA6C, 0xFFFF},
	{0xCA6D, 0x03C7},
	{0xCA6E, 0x0000},
	{0xCA6F, 0x900A},
	{0xCA70, 0x1159},
	{0xCA71, 0x1159},
	{0xCA72, 0x1D18},
	{0xCA73, 0x507D},
	{0xCA74, 0x54DC},
	{0xCA75, 0xB006},
	{0xCA76, 0x1D18},
	{0xCA77, 0x547D},
	{0xCA78, 0x54CD},
	{0xCA79, 0xB002},
	{0xCA7A, 0x900A},
	{0xCA7B, 0x900B},
	{0xCA7C, 0x080F},
	{0xCA7D, 0x0050},
	{0xCA7E, 0x034D},
	{0xCA7F, 0xFFFF},
	{0xCA80, 0x080F},
	{0xCA81, 0xFFFF},
	{0xCA82, 0x080A},
	{0xCA83, 0x0A85},
	{0xCA84, 0x8321},
	{0xCA85, 0x0517},
	{0xCA86, 0x0001},
	{0xCA87, 0x080F},
	{0xCA88, 0x0060},
	{0xCA89, 0x034D},
	{0xCA8A, 0xFFFF},
	{0xCA8B, 0x080F},
	{0xCA8C, 0xFFFF},
	{0xCA8D, 0x080F},
	{0xCA8E, 0xFF9F},
	{0xCA8F, 0x034D},
	{0xCA90, 0x0000},
	{0xCA91, 0x080F},
	{0xCA92, 0xFFFF},
	{0xCA93, 0x041B},
	{0xCA94, 0x0000},
	{0xCA95, 0x080E},
	{0xCA96, 0x00FE},
	{0xCA97, 0x1B09},
	{0xCA98, 0x080E},
	{0xCA99, 0xFFFF},
	{0xCA9A, 0x080C},
	{0xCA9B, 0x0080},
	{0xCA9C, 0x50CD},
	{0xCA9D, 0x080F},
	{0xCA9E, 0x03FF},
	{0xCA9F, 0x2B05},
	{0xCAA0, 0x30D0},
	{0xCAA1, 0x080F},
	{0xCAA2, 0xFFFF},
	{0xCAA3, 0x030E},
	{0xCAA4, 0x0000},
	{0xCAA5, 0x030E},
	{0xCAA6, 0x0002},
	{0xCAA7, 0x0306},
	{0xCAA8, 0x000C},
	{0xCAA9, 0x1B0F},
	{0xCAAA, 0xA002},
	{0xCAAB, 0x8FFE},
	{0xCAAC, 0x0306},
	{0xCAAD, 0x0008},
	{0xCAAE, 0x1B0F},
	{0xCAAF, 0xAFFF},
	{0xCAB0, 0x080E},
	{0xCAB1, 0x0600},
	{0xCAB2, 0x1B09},
	{0xCAB3, 0x080E},
	{0xCAB4, 0xFFFF},
	{0xCAB5, 0x408D},
	{0xCAB6, 0x500D},
	{0xCAB7, 0x080F},
	{0xCAB8, 0x03FF},
	{0xCAB9, 0x2B05},
	{0xCABA, 0x080F},
	{0xCABB, 0xFFFF},
	{0xCABC, 0x0306},
	{0xCABD, 0x000C},
	{0xCABE, 0x1B0F},
	{0xCABF, 0xA002},
	{0xCAC0, 0x8FFE},
	{0xCAC1, 0x0306},
	{0xCAC2, 0x0008},
	{0xCAC3, 0x1B0F},
	{0xCAC4, 0xAFFF},
	{0xCAC5, 0x0305},
	{0xCAC6, 0x000C},
	{0xCAC7, 0x0306},
	{0xCAC8, 0x0000},
	{0xCAC9, 0x030E},
	{0xCACA, 0x0000},
	{0xCACB, 0x080F},
	{0xCACC, 0x0050},
	{0xCACD, 0x034D},
	{0xCACE, 0xFFFF},
	{0xCACF, 0x080F},
	{0xCAD0, 0xFFFF},
	{0xCAD1, 0x080E},
	{0xCAD2, 0x0006},
	{0xCAD3, 0x1B09},
	{0xCAD4, 0x080E},
	{0xCAD5, 0xFFFF},
	{0xCAD6, 0xA009},
	{0xCAD7, 0x1959},
	{0xCAD8, 0x1959},
	{0xCAD9, 0x2D18},
	{0xCADA, 0x1C13},
	{0xCADB, 0x2C02},
	{0xCADC, 0x080A},
	{0xCADD, 0x0ADF},
	{0xCADE, 0x8B98},
	{0xCADF, 0x01A9},
	{0xCAE0, 0x0000},
	{0xCAE1, 0x1D16},
	{0xCAE2, 0x30D0},
	{0xCAE3, 0x0801},
	{0xCAE4, 0x00FF},
	{0xCAE5, 0x1412},
	{0xCAE6, 0x080B},
	{0xCAE7, 0x0AE9},
	{0xCAE8, 0x8F59},
	{0xCAE9, 0x30C5},
	{0xCAEA, 0x4085},
	{0xCAEB, 0x1411},
	{0xCAEC, 0x080B},
	{0xCAED, 0x0AEF},
	{0xCAEE, 0x8F53},
	{0xCAEF, 0x52C5},
	{0xCAF0, 0x2D19},
	{0xCAF1, 0x2969},
	{0xCAF2, 0x0180},
	{0xCAF3, 0x007F},
	{0xCAF4, 0x0181},
	{0xCAF5, 0xFFFF},
	{0xCAF6, 0x0182},
	{0xCAF7, 0x3C02},
	{0xCAF8, 0x0190},
	{0xCAF9, 0x0000},
	{0xCAFA, 0x018F},
	{0xCAFB, 0x0000},
	{0xCAFC, 0x0183},
	{0xCAFD, 0x0800},
	{0xCAFE, 0x0191},
	{0xCAFF, 0x0000},
	{0xCB00, 0x0192},
	{0xCB01, 0x0000},
	{0xCB02, 0x0184},
	{0xCB03, 0x7040},
	{0xCB04, 0x0185},
	{0xCB05, 0x047E},
	{0xCB06, 0x0160},
	{0xCB07, 0x001F},
	{0xCB08, 0x0161},
	{0xCB09, 0x0000},
	{0xCB0A, 0x0162},
	{0xCB0B, 0x0042},
	{0xCB0C, 0x0163},
	{0xCB0D, 0x0040},
	{0xCB0E, 0x0164},
	{0xCB0F, 0x0000},
	{0xCB10, 0x0165},
	{0xCB11, 0x0000},
	{0xCB12, 0x0166},
	{0xCB13, 0x1100},
	{0xCB14, 0x0167},
	{0xCB15, 0x7BC6},
	{0xCB16, 0x0168},
	{0xCB17, 0x2493},
	{0xCB18, 0x016A},
	{0xCB19, 0x001F},
	{0xCB1A, 0x1C28},
	{0xCB1B, 0x2960},
	{0xCB1C, 0x1B2A},
	{0xCB1D, 0xA056},
	{0xCB1E, 0x6C00},
	{0xCB1F, 0x080E},
	{0xCB20, 0x00E0},
	{0xCB21, 0x196B},
	{0xCB22, 0x080E},
	{0xCB23, 0xFFFF},
	{0xCB24, 0xC01D},
	{0xCB25, 0x080F},
	{0xCB26, 0x03E0},
	{0xCB27, 0x0182},
	{0xCB28, 0x0002},
	{0xCB29, 0x080F},
	{0xCB2A, 0xFFFF},
	{0xCB2B, 0x0806},
	{0xCB2C, 0x0000},
	{0xCB2D, 0x6626},
	{0xCB2E, 0x0182},
	{0xCB2F, 0x3C02},
	{0xCB30, 0xD011},
	{0xCB31, 0xC010},
	{0xCB32, 0x0160},
	{0xCB33, 0x0000},
	{0xCB34, 0x080F},
	{0xCB35, 0x01C0},
	{0xCB36, 0x0166},
	{0xCB37, 0x0004},
	{0xCB38, 0x080F},
	{0xCB39, 0xFFFF},
	{0xCB3A, 0x0169},
	{0xCB3B, 0xFFFF},
	{0xCB3C, 0x6C00},
	{0xCB3D, 0x305D},
	{0xCB3E, 0x2969},
	{0xCB3F, 0x0166},
	{0xCB40, 0x1100},
	{0xCB41, 0x0180},
	{0xCB42, 0x00FF},
	{0xCB43, 0x0182},
	{0xCB44, 0x3C06},
	{0xCB45, 0x0184},
	{0xCB46, 0x7060},
	{0xCB47, 0x0160},
	{0xCB48, 0x007F},
	{0xCB49, 0x0161},
	{0xCB4A, 0x0009},
	{0xCB4B, 0x0163},
	{0xCB4C, 0x301E},
	{0xCB4D, 0x0166},
	{0xCB4E, 0x1823},
	{0xCB4F, 0x0167},
	{0xCB50, 0x7FE0},
	{0xCB51, 0x080E},
	{0xCB52, 0x0800},
	{0xCB53, 0x1C20},
	{0xCB54, 0x080E},
	{0xCB55, 0xFFFF},
	{0xCB56, 0xC015},
	{0xCB57, 0x080C},
	{0xCB58, 0x0007},
	{0xCB59, 0x080E},
	{0xCB5A, 0x00FF},
	{0xCB5B, 0x196B},
	{0xCB5C, 0x080E},
	{0xCB5D, 0xFFFF},
	{0xCB5E, 0x415D},
	{0xCB5F, 0x54DC},
	{0xCB60, 0xA00B},
	{0xCB61, 0x0182},
	{0xCB62, 0x3C03},
	{0xCB63, 0x0183},
	{0xCB64, 0x0887},
	{0xCB65, 0x0184},
	{0xCB66, 0x7068},
	{0xCB67, 0x0162},
	{0xCB68, 0x0021},
	{0xCB69, 0x0163},
	{0xCB6A, 0x301F},
	{0xCB6B, 0x1C25},
	{0xCB6C, 0x2980},
	{0xCB6D, 0x0802},
	{0xCB6E, 0x1414},
	{0xCB6F, 0x1969},
	{0xCB70, 0x542D},
	{0xCB71, 0x2969},
	{0xCB72, 0x6C00},
	{0xCB73, 0x0180},
	{0xCB74, 0x007F},
	{0xCB75, 0x0181},
	{0xCB76, 0xFFFF},
	{0xCB77, 0x0182},
	{0xCB78, 0x3C02},
	{0xCB79, 0x0190},
	{0xCB7A, 0x0000},
	{0xCB7B, 0x018F},
	{0xCB7C, 0x0000},
	{0xCB7D, 0x0183},
	{0xCB7E, 0x0800},
	{0xCB7F, 0x0191},
	{0xCB80, 0x0000},
	{0xCB81, 0x0192},
	{0xCB82, 0x0000},
	{0xCB83, 0x0184},
	{0xCB84, 0x7060},
	{0xCB85, 0x0185},
	{0xCB86, 0x047E},
	{0xCB87, 0x0160},
	{0xCB88, 0x00FF},
	{0xCB89, 0x0161},
	{0xCB8A, 0x0009},
	{0xCB8B, 0x0162},
	{0xCB8C, 0x0042},
	{0xCB8D, 0x0163},
	{0xCB8E, 0x3180},
	{0xCB8F, 0x0164},
	{0xCB90, 0x0000},
	{0xCB91, 0x0165},
	{0xCB92, 0x0000},
	{0xCB93, 0x0166},
	{0xCB94, 0x1818},
	{0xCB95, 0x0167},
	{0xCB96, 0x7FE0},
	{0xCB97, 0x0168},
	{0xCB98, 0x249C},
	{0xCB99, 0x016A},
	{0xCB9A, 0x001F},
	{0xCB9B, 0x1C26},
	{0xCB9C, 0x2980},
	{0xCB9D, 0x1C2A},
	{0xCB9E, 0x2960},
	{0xCB9F, 0x080A},
	{0xCBA0, 0x0BA2},
	{0xCBA1, 0x81FA},
	{0xCBA2, 0x0180},
	{0xCBA3, 0x00FF},
	{0xCBA4, 0x0181},
	{0xCBA5, 0xAAAA},
	{0xCBA6, 0x0182},
	{0xCBA7, 0x2802},
	{0xCBA8, 0x0160},
	{0xCBA9, 0x002F},
	{0xCBAA, 0x0161},
	{0xCBAB, 0x0000},
	{0xCBAC, 0x0163},
	{0xCBAD, 0x1000},
	{0xCBAE, 0x0165},
	{0xCBAF, 0x3000},
	{0xCBB0, 0x0166},
	{0xCBB1, 0x1820},
	{0xCBB2, 0x0168},
	{0xCBB3, 0x2493},
	{0xCBB4, 0x080E},
	{0xCBB5, 0x0006},
	{0xCBB6, 0x1B09},
	{0xCBB7, 0x080E},
	{0xCBB8, 0xFFFF},
	{0xCBB9, 0xA055},
	{0xCBBA, 0x1D19},
	{0xCBBB, 0x2969},
	{0xCBBC, 0x6C00},
	{0xCBBD, 0x1979},
	{0xCBBE, 0x418D},
	{0xCBBF, 0x30D0},
	{0xCBC0, 0x1411},
	{0xCBC1, 0x54CD},
	{0xCBC2, 0x412D},
	{0xCBC3, 0x56D0},
	{0xCBC4, 0x0807},
	{0xCBC5, 0x0FA0},
	{0xCBC6, 0x01B1},
	{0xCBC7, 0x0014},
	{0xCBC8, 0x0804},
	{0xCBC9, 0x0034},
	{0xCBCA, 0x0805},
	{0xCBCB, 0x01AF},
	{0xCBCC, 0x080B},
	{0xCBCD, 0x0BD0},
	{0xCBCE, 0x7000},
	{0xCBCF, 0x034E},
	{0xCBD0, 0x0182},
	{0xCBD1, 0x2842},
	{0xCBD2, 0x0183},
	{0xCBD3, 0x0000},
	{0xCBD4, 0x1C09},
	{0xCBD5, 0x30D0},
	{0xCBD6, 0x0801},
	{0xCBD7, 0x0017},
	{0xCBD8, 0x0802},
	{0xCBD9, 0x0001},
	{0xCBDA, 0x5633},
	{0xCBDB, 0x0808},
	{0xCBDC, 0x0501},
	{0xCBDD, 0x080B},
	{0xCBDE, 0x0BE0},
	{0xCBDF, 0x8A78},
	{0xCBE0, 0x41FD},
	{0xCBE1, 0x30D4},
	{0xCBE2, 0x080B},
	{0xCBE3, 0x0BF4},
	{0xCBE4, 0x080A},
	{0xCBE5, 0x0BE7},
	{0xCBE6, 0x8E8A},
	{0xCBE7, 0x5223},
	{0xCBE8, 0x304D},
	{0xCBE9, 0xA00B},
	{0xCBEA, 0x6426},
	{0xCBEB, 0x080E},
	{0xCBEC, 0x7FFF},
	{0xCBED, 0x1988},
	{0xCBEE, 0x1186},
	{0xCBEF, 0x080E},
	{0xCBF0, 0xFFFF},
	{0xCBF1, 0x414C},
	{0xCBF2, 0x54CD},
	{0xCBF3, 0xDFEA},
	{0xCBF4, 0x080A},
	{0xCBF5, 0x0BF7},
	{0xCBF6, 0x8A80},
	{0xCBF7, 0x3138},
	{0xCBF8, 0x5C18},
	{0xCBF9, 0x5C22},
	{0xCBFA, 0xB006},
	{0xCBFB, 0x5633},
	{0xCBFC, 0x080A},
	{0xCBFD, 0x0BFF},
	{0xCBFE, 0x8E4D},
	{0xCBFF, 0x8FDE},
	{0xCC00, 0x1501},
	{0xCC01, 0x1D00},
	{0xCC02, 0x401D},
	{0xCC03, 0x401C},
	{0xCC04, 0x581D},
	{0xCC05, 0x50CD},
	{0xCC06, 0x432D},
	{0xCC07, 0x080A},
	{0xCC08, 0x0C0A},
	{0xCC09, 0x8A7C},
	{0xCC0A, 0x080A},
	{0xCC0B, 0x0C0D},
	{0xCC0C, 0x8E3F},
	{0xCC0D, 0x5666},
	{0xCC0E, 0x0180},
	{0xCC0F, 0x007F},
	{0xCC10, 0x0181},
	{0xCC11, 0xFFFF},
	{0xCC12, 0x0182},
	{0xCC13, 0x3C02},
	{0xCC14, 0x0183},
	{0xCC15, 0x0800},
	{0xCC16, 0x0160},
	{0xCC17, 0x00FF},
	{0xCC18, 0x0161},
	{0xCC19, 0x0009},
	{0xCC1A, 0x0163},
	{0xCC1B, 0x3180},
	{0xCC1C, 0x0165},
	{0xCC1D, 0x0000},
	{0xCC1E, 0x0166},
	{0xCC1F, 0x1818},
	{0xCC20, 0x0168},
	{0xCC21, 0x249C},
	{0xCC22, 0x080E},
	{0xCC23, 0x0006},
	{0xCC24, 0x1B09},
	{0xCC25, 0x080E},
	{0xCC26, 0xFFFF},
	{0xCC27, 0xA008},
	{0xCC28, 0x1C26},
	{0xCC29, 0x2980},
	{0xCC2A, 0x1C2A},
	{0xCC2B, 0x2960},
	{0xCC2C, 0x080A},
	{0xCC2D, 0x0C2F},
	{0xCC2E, 0x816D},
	{0xCC2F, 0x0180},
	{0xCC30, 0x00FF},
	{0xCC31, 0x0181},
	{0xCC32, 0xAAAA},
	{0xCC33, 0x0182},
	{0xCC34, 0x2802},
	{0xCC35, 0x0160},
	{0xCC36, 0x001F},
	{0xCC37, 0x0161},
	{0xCC38, 0x0000},
	{0xCC39, 0x0163},
	{0xCC3A, 0x3000},
	{0xCC3B, 0x0166},
	{0xCC3C, 0x1820},
	{0xCC3D, 0x0168},
	{0xCC3E, 0x2493},
	{0xCC3F, 0x1C07},
	{0xCC40, 0x080F},
	{0xCC41, 0x00FF},
	{0xCC42, 0x2969},
	{0xCC43, 0x080F},
	{0xCC44, 0xFFFF},
	{0xCC45, 0x6C00},
	{0xCC46, 0x0180},
	{0xCC47, 0x03FF},
	{0xCC48, 0x0182},
	{0xCC49, 0x2842},
	{0xCC4A, 0x0183},
	{0xCC4B, 0x0000},
	{0xCC4C, 0x0184},
	{0xCC4D, 0x7020},
	{0xCC4E, 0x0185},
	{0xCC4F, 0x047F},
	{0xCC50, 0x0806},
	{0xCC51, 0x0007},
	{0xCC52, 0x6646},
	{0xCC53, 0x080E},
	{0xCC54, 0x7FFF},
	{0xCC55, 0x1986},
	{0xCC56, 0x080E},
	{0xCC57, 0xFFFF},
	{0xCC58, 0x30D1},
	{0xCC59, 0x416D},
	{0xCC5A, 0x54D1},
	{0xCC5B, 0x30D3},
	{0xCC5C, 0x301D},
	{0xCC5D, 0x414D},
	{0xCC5E, 0x54D1},
	{0xCC5F, 0x30D2},
	{0xCC60, 0x080E},
	{0xCC61, 0x7FFF},
	{0xCC62, 0x1989},
	{0xCC63, 0x080E},
	{0xCC64, 0xFFFF},
	{0xCC65, 0x30D1},
	{0xCC66, 0x5413},
	{0xCC67, 0xB002},
	{0xCC68, 0x8004},
	{0xCC69, 0x5421},
	{0xCC6A, 0xB008},
	{0xCC6B, 0x8004},
	{0xCC6C, 0x0312},
	{0xCC6D, 0x0001},
	{0xCC6E, 0x8006},
	{0xCC6F, 0x0312},
	{0xCC70, 0x0002},
	{0xCC71, 0x8003},
	{0xCC72, 0x0312},
	{0xCC73, 0x0000},
	{0xCC74, 0x0800},
	{0xCC75, 0x0016},
	{0xCC76, 0x0801},
	{0xCC77, 0x0058},
	{0xCC78, 0x0804},
	{0xCC79, 0x00B2},
	{0xCC7A, 0x0805},
	{0xCC7B, 0x0094},
	{0xCC7C, 0x080E},
	{0xCC7D, 0x03E0},
	{0xCC7E, 0x116D},
	{0xCC7F, 0x080E},
	{0xCC80, 0xFFFF},
	{0xCC81, 0x30C2},
	{0xCC82, 0x080E},
	{0xCC83, 0x1FE0},
	{0xCC84, 0x116E},
	{0xCC85, 0x080E},
	{0xCC86, 0xFFFF},
	{0xCC87, 0x30C3},
	{0xCC88, 0x5420},
	{0xCC89, 0xB002},
	{0xCC8A, 0x8012},
	{0xCC8B, 0x5434},
	{0xCC8C, 0xB002},
	{0xCC8D, 0x800F},
	{0xCC8E, 0x080E},
	{0xCC8F, 0x0FE0},
	{0xCC90, 0x116F},
	{0xCC91, 0x080E},
	{0xCC92, 0xFFFF},
	{0xCC93, 0x30C2},
	{0xCC94, 0x5412},
	{0xCC95, 0xB002},
	{0xCC96, 0x8003},
	{0xCC97, 0x5453},
	{0xCC98, 0xB007},
	{0xCC99, 0x0803},
	{0xCC9A, 0x0002},
	{0xCC9B, 0x8006},
	{0xCC9C, 0x0803},
	{0xCC9D, 0x0001},
	{0xCC9E, 0x8003},
	{0xCC9F, 0x0803},
	{0xCCA0, 0x0000},
	{0xCCA1, 0x1B12},
	{0xCCA2, 0x5C0D},
	{0xCCA3, 0xA002},
	{0xCCA4, 0x8012},
	{0xCCA5, 0x5C03},
	{0xCCA6, 0xA002},
	{0xCCA7, 0x800F},
	{0xCCA8, 0x1B3D},
	{0xCCA9, 0xA008},
	{0xCCAA, 0x303D},
	{0xCCAB, 0x2B14},
	{0xCCAC, 0x0312},
	{0xCCAD, 0x0000},
	{0xCCAE, 0x033D},
	{0xCCAF, 0x0001},
	{0xCCB0, 0x8008},
	{0xCCB1, 0x0314},
	{0xCCB2, 0x0000},
	{0xCCB3, 0x033D},
	{0xCCB4, 0x0000},
	{0xCCB5, 0x8003},
	{0xCCB6, 0x303D},
	{0xCCB7, 0x2B14},
	{0xCCB8, 0x080E},
	{0xCCB9, 0x00E0},
	{0xCCBA, 0x196B},
	{0xCCBB, 0x080E},
	{0xCCBC, 0xFFFF},
	{0xCCBD, 0x30D4},
	{0xCCBE, 0x1C07},
	{0xCCBF, 0x30D3},
	{0xCCC0, 0x0801},
	{0xCCC1, 0x0007},
	{0xCCC2, 0x5414},
	{0xCCC3, 0xA006},
	{0xCCC4, 0x0801},
	{0xCCC5, 0x00FF},
	{0xCCC6, 0x5413},
	{0xCCC7, 0xA002},
	{0xCCC8, 0x8014},
	{0xCCC9, 0x5C04},
	{0xCCCA, 0xA006},
	{0xCCCB, 0x0801},
	{0xCCCC, 0x0064},
	{0xCCCD, 0x5413},
	{0xCCCE, 0xB002},
	{0xCCCF, 0x8010},
	{0xCCD0, 0x0801},
	{0xCCD1, 0x0001},
	{0xCCD2, 0x1B12},
	{0xCCD3, 0x541D},
	{0xCCD4, 0xA002},
	{0xCCD5, 0x800A},
	{0xCCD6, 0x0801},
	{0xCCD7, 0x0001},
	{0xCCD8, 0x1B14},
	{0xCCD9, 0x541D},
	{0xCCDA, 0xA008},
	{0xCCDB, 0x8004},
	{0xCCDC, 0x0313},
	{0xCCDD, 0x0002},
	{0xCCDE, 0x8006},
	{0xCCDF, 0x0313},
	{0xCCE0, 0x0001},
	{0xCCE1, 0x8003},
	{0xCCE2, 0x0313},
	{0xCCE3, 0x0000},
	{0xCCE4, 0x1C27},
	{0xCCE5, 0x2980},
	{0xCCE6, 0x1C2B},
	{0xCCE7, 0x2960},
	{0xCCE8, 0x0180},
	{0xCCE9, 0x00FF},
	{0xCCEA, 0x0182},
	{0xCCEB, 0x2802},
	{0xCCEC, 0x0183},
	{0xCCED, 0x0800},
	{0xCCEE, 0x0184},
	{0xCCEF, 0x7060},
	{0xCCF0, 0x0185},
	{0xCCF1, 0x047E},
	{0xCCF2, 0x0160},
	{0xCCF3, 0x002F},
	{0xCCF4, 0x0163},
	{0xCCF5, 0x1000},
	{0xCCF6, 0x0165},
	{0xCCF7, 0xB000},
	{0xCCF8, 0x0803},
	{0xCCF9, 0x0014},
	{0xCCFA, 0x1C07},
	{0xCCFB, 0x503D},
	{0xCCFC, 0x30D2},
	{0xCCFD, 0x0803},
	{0xCCFE, 0x00FF},
	{0xCCFF, 0x543D},
	{0xCD00, 0xB003},
	{0xCD01, 0x302D},
	{0xCD02, 0x2969},
	{0xCD03, 0x0803},
	{0xCD04, 0x0014},
	{0xCD05, 0x1C08},
	{0xCD06, 0x503D},
	{0xCD07, 0x30D2},
	{0xCD08, 0x0803},
	{0xCD09, 0x00FF},
	{0xCD0A, 0x543D},
	{0xCD0B, 0xB007},
	{0xCD0C, 0x302D},
	{0xCD0D, 0x080F},
	{0xCD0E, 0xFF00},
	{0xCD0F, 0x2969},
	{0xCD10, 0x080F},
	{0xCD11, 0xFFFF},
	{0xCD12, 0x6C00},
	{0xCD13, 0x1979},
	{0xCD14, 0x418D},
	{0xCD15, 0x30D1},
	{0xCD16, 0x0165},
	{0xCD17, 0x3000},
	{0xCD18, 0x0803},
	{0xCD19, 0x0014},
	{0xCD1A, 0x1C07},
	{0xCD1B, 0x543D},
	{0xCD1C, 0xB002},
	{0xCD1D, 0x8002},
	{0xCD1E, 0x2969},
	{0xCD1F, 0x0803},
	{0xCD20, 0x0014},
	{0xCD21, 0x1C08},
	{0xCD22, 0x543D},
	{0xCD23, 0xB002},
	{0xCD24, 0x8006},
	{0xCD25, 0x080F},
	{0xCD26, 0xFF00},
	{0xCD27, 0x2969},
	{0xCD28, 0x080F},
	{0xCD29, 0xFFFF},
	{0xCD2A, 0x6C00},
	{0xCD2B, 0x1979},
	{0xCD2C, 0x418D},
	{0xCD2D, 0x30D0},
	{0xCD2E, 0x54D1},
	{0xCD2F, 0xB002},
	{0xCD30, 0x8005},
	{0xCD31, 0x0801},
	{0xCD32, 0x0040},
	{0xCD33, 0x54D1},
	{0xCD34, 0xB003},
	{0xCD35, 0x080D},
	{0xCD36, 0x0000},
	{0xCD37, 0x30D1},
	{0xCD38, 0x0162},
	{0xCD39, 0x0000},
	{0xCD3A, 0x0165},
	{0xCD3B, 0xB000},
	{0xCD3C, 0x0803},
	{0xCD3D, 0x0100},
	{0xCD3E, 0x1C07},
	{0xCD3F, 0x54D3},
	{0xCD40, 0x0803},
	{0xCD41, 0x0014},
	{0xCD42, 0x50D3},
	{0xCD43, 0x30D4},
	{0xCD44, 0x0803},
	{0xCD45, 0x00FF},
	{0xCD46, 0x543D},
	{0xCD47, 0xB003},
	{0xCD48, 0x304D},
	{0xCD49, 0x2969},
	{0xCD4A, 0x0803},
	{0xCD4B, 0x0100},
	{0xCD4C, 0x1C08},
	{0xCD4D, 0x54D3},
	{0xCD4E, 0x0803},
	{0xCD4F, 0x0014},
	{0xCD50, 0x50D3},
	{0xCD51, 0x30D4},
	{0xCD52, 0x0803},
	{0xCD53, 0x00FF},
	{0xCD54, 0x543D},
	{0xCD55, 0xB007},
	{0xCD56, 0x304D},
	{0xCD57, 0x080F},
	{0xCD58, 0xFF00},
	{0xCD59, 0x2969},
	{0xCD5A, 0x080F},
	{0xCD5B, 0xFFFF},
	{0xCD5C, 0x6C00},
	{0xCD5D, 0x1979},
	{0xCD5E, 0x418D},
	{0xCD5F, 0x54D0},
	{0xCD60, 0xB004},
	{0xCD61, 0x0311},
	{0xCD62, 0x0000},
	{0xCD63, 0x800A},
	{0xCD64, 0x50D1},
	{0xCD65, 0x30DC},
	{0xCD66, 0x0800},
	{0xCD67, 0x00FF},
	{0xCD68, 0x54D0},
	{0xCD69, 0xB003},
	{0xCD6A, 0x080C},
	{0xCD6B, 0x00FF},
	{0xCD6C, 0x2311},
	{0xCD6D, 0x196B},
	{0xCD6E, 0x2C17},
	{0xCD6F, 0x196D},
	{0xCD70, 0x2C19},
	{0xCD71, 0x196C},
	{0xCD72, 0x2C18},
	{0xCD73, 0x1B11},
	{0xCD74, 0x2C03},
	{0xCD75, 0x0801},
	{0xCD76, 0x0080},
	{0xCD77, 0x080E},
	{0xCD78, 0x1FE0},
	{0xCD79, 0x196E},
	{0xCD7A, 0x080E},
	{0xCD7B, 0xFFFF},
	{0xCD7C, 0x30D2},
	{0xCD7D, 0x541D},
	{0xCD7E, 0xB002},
	{0xCD7F, 0x5021},
	{0xCD80, 0x080F},
	{0xCD81, 0x1FE0},
	{0xCD82, 0x2C1A},
	{0xCD83, 0x080F},
	{0xCD84, 0xFFFF},
	{0xCD85, 0x196F},
	{0xCD86, 0x2C1D},
	{0xCD87, 0x080F},
	{0xCD88, 0xFFFF},
	{0xCD89, 0x034D},
	{0xCD8A, 0x0000},
	{0xCD8B, 0x080F},
	{0xCD8C, 0xFFFF},
	{0xCD8D, 0x041B},
	{0xCD8E, 0x0001},
	{0xCD8F, 0x016A},
	{0xCD90, 0x001F},
	{0xCD91, 0x0310},
	{0xCD92, 0x0001},
	{0xCD93, 0x1B46},
	{0xCD94, 0xA002},
	{0xCD95, 0x8FFE},
	{0xCD96, 0x0310},
	{0xCD97, 0x0000},
	{0xCD98, 0x034C},
	{0xCD99, 0x0001},
	{0xCD9A, 0x9009},
	{0xCD9B, 0x1B2B},
	{0xCD9C, 0xA008},
	{0xCD9D, 0x1D19},
	{0xCD9E, 0x2969},
	{0xCD9F, 0x6C00},
	{0xCDA0, 0x1179},
	{0xCDA1, 0x2408},
	{0xCDA2, 0x418C},
	{0xCDA3, 0x2407},
	{0xCDA4, 0x900A},
	{0xCDA5, 0x080E},
	{0xCDA6, 0x4001},
	{0xCDA7, 0x1B09},
	{0xCDA8, 0xAFFF},
	{0xCDA9, 0x080E},
	{0xCDAA, 0x0001},
	{0xCDAB, 0x1B0F},
	{0xCDAC, 0xAFFF},
	{0xCDAD, 0x080E},
	{0xCDAE, 0xFFFF},
	{0xCDAF, 0x19B5},
	{0xCDB0, 0x30D4},
	{0xCDB1, 0x0805},
	{0xCDB2, 0x0177},
	{0xCDB3, 0x5454},
	{0xCDB4, 0xA002},
	{0xCDB5, 0x8039},
	{0xCDB6, 0x0805},
	{0xCDB7, 0x0177},
	{0xCDB8, 0x5454},
	{0xCDB9, 0xA002},
	{0xCDBA, 0x802C},
	{0xCDBB, 0x01B0},
	{0xCDBC, 0x0001},
	{0xCDBD, 0x1C0B},
	{0xCDBE, 0x29AF},
	{0xCDBF, 0x01B1},
	{0xCDC0, 0x0010},
	{0xCDC1, 0x01B8},
	{0xCDC2, 0x0001},
	{0xCDC3, 0x1C0D},
	{0xCDC4, 0x29AF},
	{0xCDC5, 0x01B1},
	{0xCDC6, 0x0011},
	{0xCDC7, 0x01B8},
	{0xCDC8, 0x0001},
	{0xCDC9, 0x01B0},
	{0xCDCA, 0x0000},
	{0xCDCB, 0x0805},
	{0xCDCC, 0x0155},
	{0xCDCD, 0x5454},
	{0xCDCE, 0xA002},
	{0xCDCF, 0x8015},
	{0xCDD0, 0x0805},
	{0xCDD1, 0x0144},
	{0xCDD2, 0x5454},
	{0xCDD3, 0xA002},
	{0xCDD4, 0x800E},
	{0xCDD5, 0x0805},
	{0xCDD6, 0x01CC},
	{0xCDD7, 0x5454},
	{0xCDD8, 0xA002},
	{0xCDD9, 0x8007},
	{0xCDDA, 0x0805},
	{0xCDDB, 0x01EE},
	{0xCDDC, 0x5454},
	{0xCDDD, 0xA009},
	{0xCDDE, 0x01B5},
	{0xCDDF, 0x01EE},
	{0xCDE0, 0x01B5},
	{0xCDE1, 0x01CC},
	{0xCDE2, 0x01B5},
	{0xCDE3, 0x0144},
	{0xCDE4, 0x01B5},
	{0xCDE5, 0x0155},
	{0xCDE6, 0x01B5},
	{0xCDE7, 0x0177},
	{0xCDE8, 0x0175},
	{0xCDE9, 0x0177},
	{0xCDEA, 0x0176},
	{0xCDEB, 0x0177},
	{0xCDEC, 0x01B5},
	{0xCDED, 0x0177},
	{0xCDEE, 0x080F},
	{0xCDEF, 0x0003},
	{0xCDF0, 0x01F5},
	{0xCDF1, 0x0000},
	{0xCDF2, 0x080F},
	{0xCDF3, 0xFFFF},
	{0xCDF4, 0x900A},
	{0xCDF5, 0x5644},
	{0xCDF6, 0x3210},
	{0xCDF7, 0x080B},
	{0xCDF8, 0x0DFA},
	{0xCDF9, 0x9003},
	{0xCDFA, 0x6674},
	{0xCDFB, 0x080E},
	{0xCDFC, 0x7F80},
	{0xCDFD, 0x1986},
	{0xCDFE, 0x30D2},
	{0xCDFF, 0x080E},
	{0xCE00, 0xFFFF},
	{0xCE01, 0x30CD},
	{0xCE02, 0x41FD},
	{0xCE03, 0xA004},
	{0xCE04, 0x542C},
	{0xCE05, 0xD01E},
	{0xCE06, 0x8002},
	{0xCE07, 0x50C2},
	{0xCE08, 0x080E},
	{0xCE09, 0x00FF},
	{0xCE0A, 0x3212},
	{0xCE0B, 0x080E},
	{0xCE0C, 0xFFFF},
	{0xCE0D, 0x41FD},
	{0xCE0E, 0xC008},
	{0xCE0F, 0x5E11},
	{0xCE10, 0x30DC},
	{0xCE11, 0x5C12},
	{0xCE12, 0xB00D},
	{0xCE13, 0x3101},
	{0xCE14, 0x300C},
	{0xCE15, 0x800A},
	{0xCE16, 0x5A11},
	{0xCE17, 0x30DC},
	{0xCE18, 0x5812},
	{0xCE19, 0x080D},
	{0xCE1A, 0x00FF},
	{0xCE1B, 0x542D},
	{0xCE1C, 0xB003},
	{0xCE1D, 0x3101},
	{0xCE1E, 0x300C},
	{0xCE1F, 0x30C0},
	{0xCE20, 0x080B},
	{0xCE21, 0x0E23},
	{0xCE22, 0x9003},
	{0xCE23, 0x01B0},
	{0xCE24, 0x0000},
	{0xCE25, 0x900A},
	{0xCE26, 0x1D1F},
	{0xCE27, 0xC079},
	{0xCE28, 0x080E},
	{0xCE29, 0x0100},
	{0xCE2A, 0x1B38},
	{0xCE2B, 0x080E},
	{0xCE2C, 0xFFFF},
	{0xCE2D, 0xA073},
	{0xCE2E, 0x080E},
	{0xCE2F, 0x0300},
	{0xCE30, 0x1B02},
	{0xCE31, 0x080E},
	{0xCE32, 0xFFFF},
	{0xCE33, 0xA06D},
	{0xCE34, 0x080E},
	{0xCE35, 0x0001},
	{0xCE36, 0x1B82},
	{0xCE37, 0x080E},
	{0xCE38, 0xFFFF},
	{0xCE39, 0xC067},
	{0xCE3A, 0x1D1A},
	{0xCE3B, 0x0180},
	{0xCE3C, 0x270F},
	{0xCE3D, 0x0181},
	{0xCE3E, 0x0001},
	{0xCE3F, 0x0182},
	{0xCE40, 0x0000},
	{0xCE41, 0x0190},
	{0xCE42, 0x0000},
	{0xCE43, 0x018F},
	{0xCE44, 0x0000},
	{0xCE45, 0x0183},
	{0xCE46, 0x0000},
	{0xCE47, 0x0191},
	{0xCE48, 0x0000},
	{0xCE49, 0x0192},
	{0xCE4A, 0x0000},
	{0xCE4B, 0x0184},
	{0xCE4C, 0x5C00},
	{0xCE4D, 0x0185},
	{0xCE4E, 0x047E},
	{0xCE4F, 0x018E},
	{0xCE50, 0x0008},
	{0xCE51, 0xC04D},
	{0xCE52, 0x080F},
	{0xCE53, 0x0018},
	{0xCE54, 0x01C2},
	{0xCE55, 0x0003},
	{0xCE56, 0x080F},
	{0xCE57, 0xFFFF},
	{0xCE58, 0x080E},
	{0xCE59, 0xFFF8},
	{0xCE5A, 0x1930},
	{0xCE5B, 0x080E},
	{0xCE5C, 0xFFFF},
	{0xCE5D, 0x403D},
	{0xCE5E, 0x2D00},
	{0xCE5F, 0x0436},
	{0xCE60, 0x0000},
	{0xCE61, 0x0439},
	{0xCE62, 0x0001},
	{0xCE63, 0x01B1},
	{0xCE64, 0x0000},
	{0xCE65, 0x01AE},
	{0xCE66, 0x0000},
	{0xCE67, 0x01B4},
	{0xCE68, 0x0000},
	{0xCE69, 0x01B7},
	{0xCE6A, 0x0000},
	{0xCE6B, 0x0800},
	{0xCE6C, 0x0208},
	{0xCE6D, 0x54DD},
	{0xCE6E, 0xF000},
	{0xCE6F, 0x00D0},
	{0xCE70, 0x0805},
	{0xCE71, 0x0001},
	{0xCE72, 0x0501},
	{0xCE73, 0x0E75},
	{0xCE74, 0x8014},
	{0xCE75, 0x0800},
	{0xCE76, 0x0208},
	{0xCE77, 0x54DD},
	{0xCE78, 0xF000},
	{0xCE79, 0x00D0},
	{0xCE7A, 0x0805},
	{0xCE7B, 0x0002},
	{0xCE7C, 0x0501},
	{0xCE7D, 0x0E7F},
	{0xCE7E, 0x800A},
	{0xCE7F, 0x0800},
	{0xCE80, 0x0208},
	{0xCE81, 0x54DD},
	{0xCE82, 0xF000},
	{0xCE83, 0x00D0},
	{0xCE84, 0x0805},
	{0xCE85, 0x0004},
	{0xCE86, 0x0501},
	{0xCE87, 0x0E9A},
	{0xCE88, 0x1D00},
	{0xCE89, 0x505D},
	{0xCE8A, 0x2C45},
	{0xCE8B, 0x080E},
	{0xCE8C, 0xFF00},
	{0xCE8D, 0x1C46},
	{0xCE8E, 0x292D},
	{0xCE8F, 0x080E},
	{0xCE90, 0xFFFF},
	{0xCE91, 0x0801},
	{0xCE92, 0x0446},
	{0xCE93, 0x0803},
	{0xCE94, 0x0371},
	{0xCE95, 0x080A},
	{0xCE96, 0x0E98},
	{0xCE97, 0x8F5E},
	{0xCE98, 0x1D01},
	{0xCE99, 0x900D},
	{0xCE9A, 0x080D},
	{0xCE9B, 0x051A},
	{0xCE9C, 0x5E1D},
	{0xCE9D, 0x8FB4},
	{0xCE9E, 0x01C2},
	{0xCE9F, 0x0000},
	{0xCEA0, 0x9009},
	{0xCEA1, 0x1D1E},
	{0xCEA2, 0xC088},
	{0xCEA3, 0x080E},
	{0xCEA4, 0x0200},
	{0xCEA5, 0x1B38},
	{0xCEA6, 0x080E},
	{0xCEA7, 0xFFFF},
	{0xCEA8, 0xA082},
	{0xCEA9, 0x080E},
	{0xCEAA, 0x0004},
	{0xCEAB, 0x1B09},
	{0xCEAC, 0x080E},
	{0xCEAD, 0xFFFF},
	{0xCEAE, 0xA07C},
	{0xCEAF, 0x080E},
	{0xCEB0, 0x0001},
	{0xCEB1, 0x1BA3},
	{0xCEB2, 0x080E},
	{0xCEB3, 0xFFFF},
	{0xCEB4, 0xC076},
	{0xCEB5, 0x080E},
	{0xCEB6, 0x0004},
	{0xCEB7, 0x1915},
	{0xCEB8, 0x080E},
	{0xCEB9, 0xFFFF},
	{0xCEBA, 0xC070},
	{0xCEBB, 0x1D1B},
	{0xCEBC, 0x0180},
	{0xCEBD, 0x270F},
	{0xCEBE, 0x0181},
	{0xCEBF, 0x0001},
	{0xCEC0, 0x0182},
	{0xCEC1, 0x0000},
	{0xCEC2, 0x0190},
	{0xCEC3, 0x0000},
	{0xCEC4, 0x018F},
	{0xCEC5, 0x0000},
	{0xCEC6, 0x0183},
	{0xCEC7, 0x0000},
	{0xCEC8, 0x0191},
	{0xCEC9, 0x0000},
	{0xCECA, 0x0192},
	{0xCECB, 0x0000},
	{0xCECC, 0x0184},
	{0xCECD, 0x4038},
	{0xCECE, 0x0185},
	{0xCECF, 0x047E},
	{0xCED0, 0x018E},
	{0xCED1, 0x0008},
	{0xCED2, 0xC058},
	{0xCED3, 0x080E},
	{0xCED4, 0x0180},
	{0xCED5, 0x1915},
	{0xCED6, 0xC003},
	{0xCED7, 0x080D},
	{0xCED8, 0x0004},
	{0xCED9, 0x080E},
	{0xCEDA, 0xFFFF},
	{0xCEDB, 0x2D00},
	{0xCEDC, 0x0436},
	{0xCEDD, 0x0000},
	{0xCEDE, 0x0439},
	{0xCEDF, 0x0001},
	{0xCEE0, 0x01B1},
	{0xCEE1, 0x0008},
	{0xCEE2, 0x01AE},
	{0xCEE3, 0xA39C},
	{0xCEE4, 0x01B4},
	{0xCEE5, 0x0000},
	{0xCEE6, 0x01B7},
	{0xCEE7, 0x0000},
	{0xCEE8, 0x0800},
	{0xCEE9, 0x0208},
	{0xCEEA, 0x54DD},
	{0xCEEB, 0xF000},
	{0xCEEC, 0x00D0},
	{0xCEED, 0x0801},
	{0xCEEE, 0x043E},
	{0xCEEF, 0x0501},
	{0xCEF0, 0x0EF2},
	{0xCEF1, 0x802A},
	{0xCEF2, 0x01B1},
	{0xCEF3, 0x0007},
	{0xCEF4, 0x01AE},
	{0xCEF5, 0xA3BD},
	{0xCEF6, 0x0800},
	{0xCEF7, 0x0208},
	{0xCEF8, 0x54DD},
	{0xCEF9, 0xF000},
	{0xCEFA, 0x00D0},
	{0xCEFB, 0x0801},
	{0xCEFC, 0x043D},
	{0xCEFD, 0x0501},
	{0xCEFE, 0x0F00},
	{0xCEFF, 0x801C},
	{0xCF00, 0x01B1},
	{0xCF01, 0x000A},
	{0xCF02, 0x01AE},
	{0xCF03, 0xA3DE},
	{0xCF04, 0x0800},
	{0xCF05, 0x0208},
	{0xCF06, 0x54DD},
	{0xCF07, 0xF000},
	{0xCF08, 0x00D0},
	{0xCF09, 0x0801},
	{0xCF0A, 0x0440},
	{0xCF0B, 0x0501},
	{0xCF0C, 0x0F0E},
	{0xCF0D, 0x800E},
	{0xCF0E, 0x01B1},
	{0xCF0F, 0x0009},
	{0xCF10, 0x01AE},
	{0xCF11, 0xA3FF},
	{0xCF12, 0x0800},
	{0xCF13, 0x0208},
	{0xCF14, 0x54DD},
	{0xCF15, 0xF000},
	{0xCF16, 0x00D0},
	{0xCF17, 0x0801},
	{0xCF18, 0x043F},
	{0xCF19, 0x0501},
	{0xCF1A, 0x0F26},
	{0xCF1B, 0x1500},
	{0xCF1C, 0x52C1},
	{0xCF1D, 0x0803},
	{0xCF1E, 0x034E},
	{0xCF1F, 0x0805},
	{0xCF20, 0x01AF},
	{0xCF21, 0x080A},
	{0xCF22, 0x0F24},
	{0xCF23, 0x8ED2},
	{0xCF24, 0x1D01},
	{0xCF25, 0x900D},
	{0xCF26, 0x080D},
	{0xCF27, 0x051B},
	{0xCF28, 0x5E1D},
	{0xCF29, 0x8FA9},
	{0xCF2A, 0x9009},
	{0xCF2B, 0x080F},
	{0xCF2C, 0x04E9},
	{0xCF2D, 0x034D},
	{0xCF2E, 0xFFFF},
	{0xCF2F, 0x080F},
	{0xCF30, 0xFFFF},
	{0xCF31, 0x080F},
	{0xCF32, 0x0003},
	{0xCF33, 0x034E},
	{0xCF34, 0xFFFF},
	{0xCF35, 0x080F},
	{0xCF36, 0xFFFF},
	{0xCF37, 0x1D1E},
	{0xCF38, 0xC005},
	{0xCF39, 0x080A},
	{0xCF3A, 0x0F3D},
	{0xCF3B, 0x7000},
	{0xCF3C, 0x0DA5},
	{0xCF3D, 0x080F},
	{0xCF3E, 0x0003},
	{0xCF3F, 0x01F5},
	{0xCF40, 0x0001},
	{0xCF41, 0x080F},
	{0xCF42, 0xFFFF},
	{0xCF43, 0x0517},
	{0xCF44, 0x0001},
	{0xCF45, 0x051A},
	{0xCF46, 0x03E8},
	{0xCF47, 0x051B},
	{0xCF48, 0x03E8},
	{0xCF49, 0x0809},
	{0xCF4A, 0x0F4C},
	{0xCF4B, 0x8EDB},
	{0xCF4C, 0x0809},
	{0xCF4D, 0x0F4F},
	{0xCF4E, 0x8F53},
	{0xCF4F, 0x1D1E},
	{0xCF50, 0xC00D},
	{0xCF51, 0x1BA3},
	{0xCF52, 0xC00B},
	{0xCF53, 0x1B37},
	{0xCF54, 0xA004},
	{0xCF55, 0x0809},
	{0xCF56, 0x0F58},
	{0xCF57, 0x8047},
	{0xCF58, 0x1B36},
	{0xCF59, 0xA004},
	{0xCF5A, 0x0809},
	{0xCF5B, 0x0F5D},
	{0xCF5C, 0x8078},
	{0xCF5D, 0x1D1A},
	{0xCF5E, 0xA008},
	{0xCF5F, 0x051A},
	{0xCF60, 0x0001},
	{0xCF61, 0x0809},
	{0xCF62, 0x0F64},
	{0xCF63, 0x8EC3},
	{0xCF64, 0x051A},
	{0xCF65, 0x0000},
	{0xCF66, 0x1D1B},
	{0xCF67, 0xA008},
	{0xCF68, 0x051B},
	{0xCF69, 0x0001},
	{0xCF6A, 0x0809},
	{0xCF6B, 0x0F6D},
	{0xCF6C, 0x8F35},
	{0xCF6D, 0x051B},
	{0xCF6E, 0x0000},
	{0xCF6F, 0x1D1E},
	{0xCF70, 0xC015},
	{0xCF71, 0x1BA3},
	{0xCF72, 0xC00C},
	{0xCF73, 0x080F},
	{0xCF74, 0x0003},
	{0xCF75, 0x01F5},
	{0xCF76, 0x0003},
	{0xCF77, 0x080F},
	{0xCF78, 0xFFFF},
	{0xCF79, 0x1B35},
	{0xCF7A, 0xA004},
	{0xCF7B, 0x0809},
	{0xCF7C, 0x0F7E},
	{0xCF7D, 0x813D},
	{0xCF7E, 0x1B34},
	{0xCF7F, 0xA006},
	{0xCF80, 0x1BA4},
	{0xCF81, 0xC004},
	{0xCF82, 0x0809},
	{0xCF83, 0x0F85},
	{0xCF84, 0x81B0},
	{0xCF85, 0x0436},
	{0xCF86, 0x0000},
	{0xCF87, 0x0439},
	{0xCF88, 0x0000},
	{0xCF89, 0x01B1},
	{0xCF8A, 0x0000},
	{0xCF8B, 0x01AE},
	{0xCF8C, 0x0000},
	{0xCF8D, 0x01B4},
	{0xCF8E, 0x0000},
	{0xCF8F, 0x01B7},
	{0xCF90, 0x0000},
	{0xCF91, 0x0800},
	{0xCF92, 0x0000},
	{0xCF93, 0x54DD},
	{0xCF94, 0xF000},
	{0xCF95, 0x00D0},
	{0xCF96, 0x080F},
	{0xCF97, 0x0003},
	{0xCF98, 0x01F5},
	{0xCF99, 0x0001},
	{0xCF9A, 0x080F},
	{0xCF9B, 0xFFFF},
	{0xCF9C, 0xEDC7},
	{0xCF9D, 0x8FAC},
	{0xCF9E, 0x1C16},
	{0xCF9F, 0xA002},
	{0xCFA0, 0x9009},
	{0xCFA1, 0x01B0},
	{0xCFA2, 0x0001},
	{0xCFA3, 0x0180},
	{0xCFA4, 0x270F},
	{0xCFA5, 0x0181},
	{0xCFA6, 0x0001},
	{0xCFA7, 0x0182},
	{0xCFA8, 0x0000},
	{0xCFA9, 0x0190},
	{0xCFAA, 0x0000},
	{0xCFAB, 0x018F},
	{0xCFAC, 0x0000},
	{0xCFAD, 0x0183},
	{0xCFAE, 0x0000},
	{0xCFAF, 0x0191},
	{0xCFB0, 0x0000},
	{0xCFB1, 0x0192},
	{0xCFB2, 0x0000},
	{0xCFB3, 0x0184},
	{0xCFB4, 0x0000},
	{0xCFB5, 0x0185},
	{0xCFB6, 0x047E},
	{0xCFB7, 0x018E},
	{0xCFB8, 0x0008},
	{0xCFB9, 0x01AE},
	{0xCFBA, 0xA063},
	{0xCFBB, 0x01B1},
	{0xCFBC, 0x0001},
	{0xCFBD, 0x0800},
	{0xCFBE, 0x0400},
	{0xCFBF, 0x0801},
	{0xCFC0, 0x0000},
	{0xCFC1, 0x080A},
	{0xCFC2, 0x0FC4},
	{0xCFC3, 0x812D},
	{0xCFC4, 0x01AE},
	{0xCFC5, 0xA084},
	{0xCFC6, 0x01B1},
	{0xCFC7, 0x0002},
	{0xCFC8, 0x0800},
	{0xCFC9, 0x0401},
	{0xCFCA, 0x0801},
	{0xCFCB, 0x0000},
	{0xCFCC, 0x080A},
	{0xCFCD, 0x0FCF},
	{0xCFCE, 0x8122},
	{0xCFCF, 0x01B0},
	{0xCFD0, 0x0000},
	{0xCFD1, 0x01AE},
	{0xCFD2, 0x0000},
	{0xCFD3, 0x9009},
	{0xCFD4, 0x1C16},
	{0xCFD5, 0xA002},
	{0xCFD6, 0x9009},
	{0xCFD7, 0x01B0},
	{0xCFD8, 0x0001},
	{0xCFD9, 0x0180},
	{0xCFDA, 0x270F},
	{0xCFDB, 0x0181},
	{0xCFDC, 0x5555},
	{0xCFDD, 0x0182},
	{0xCFDE, 0x1446},
	{0xCFDF, 0x0190},
	{0xCFE0, 0x0000},
	{0xCFE1, 0x018F},
	{0xCFE2, 0x0000},
	{0xCFE3, 0x0183},
	{0xCFE4, 0x010D},
	{0xCFE5, 0x0191},
	{0xCFE6, 0x0000},
	{0xCFE7, 0x0192},
	{0xCFE8, 0x0000},
	{0xCFE9, 0x0184},
	{0xCFEA, 0x2800},
	{0xCFEB, 0x0185},
	{0xCFEC, 0x647E},
	{0xCFED, 0x018E},
	{0xCFEE, 0x0008},
	{0xCFEF, 0x01B1},
	{0xCFF0, 0x0012},
	{0xCFF1, 0x0800},
	{0xCFF2, 0x0405},
	{0xCFF3, 0x0801},
	{0xCFF4, 0x0001},
	{0xCFF5, 0x080A},
	{0xCFF6, 0x0FF8},
	{0xCFF7, 0x80F9},
	{0xCFF8, 0x0180},
	{0xCFF9, 0x270F},
	{0xCFFA, 0x0181},
	{0xCFFB, 0xAAAA},
	{0xCFFC, 0x0182},
	{0xCFFD, 0x2846},
	{0xCFFE, 0x0190},
	{0xCFFF, 0x0000},
	{0xD000, 0x018F},
	{0xD001, 0x0000},
	{0xD002, 0x0183},
	{0xD003, 0x010D},
	{0xD004, 0x0191},
	{0xD005, 0x0000},
	{0xD006, 0x0192},
	{0xD007, 0x0000},
	{0xD008, 0x0184},
	{0xD009, 0x2800},
	{0xD00A, 0x0185},
	{0xD00B, 0x647E},
	{0xD00C, 0x018E},
	{0xD00D, 0x0008},
	{0xD00E, 0x01B1},
	{0xD00F, 0x0013},
	{0xD010, 0x0800},
	{0xD011, 0x0406},
	{0xD012, 0x0801},
	{0xD013, 0x0001},
	{0xD014, 0x080A},
	{0xD015, 0x1017},
	{0xD016, 0x80DA},
	{0xD017, 0x01B0},
	{0xD018, 0x0000},
	{0xD019, 0x01AE},
	{0xD01A, 0x0000},
	{0xD01B, 0x9009},
	{0xD01C, 0x322C},
	{0xD01D, 0x080B},
	{0xD01E, 0x1020},
	{0xD01F, 0x8A22},
	{0xD020, 0x303F},
	{0xD021, 0x2169},
	{0xD022, 0x080F},
	{0xD023, 0xFFFF},
	{0xD024, 0x6C00},
	{0xD025, 0x304E},
	{0xD026, 0x1979},
	{0xD027, 0x080E},
	{0xD028, 0xFFFF},
	{0xD029, 0x900A},
	{0xD02A, 0x50DC},
	{0xD02B, 0x411D},
	{0xD02C, 0x322C},
	{0xD02D, 0x30C0},
	{0xD02E, 0x54CD},
	{0xD02F, 0xC00C},
	{0xD030, 0xD006},
	{0xD031, 0x080C},
	{0xD032, 0x0001},
	{0xD033, 0x080B},
	{0xD034, 0x103B},
	{0xD035, 0x8A0C},
	{0xD036, 0x080C},
	{0xD037, 0xFFFF},
	{0xD038, 0x080B},
	{0xD039, 0x103B},
	{0xD03A, 0x8A07},
	{0xD03B, 0x31C2},
	{0xD03C, 0x30C0},
	{0xD03D, 0x080B},
	{0xD03E, 0x1041},
	{0xD03F, 0x7000},
	{0xD040, 0x034E},
	{0xD041, 0x900A},
	{0xD042, 0x30AD},
	{0xD043, 0x2D04},
	{0xD044, 0x0801},
	{0xD045, 0x00FF},
	{0xD046, 0x0180},
	{0xD047, 0x07CF},
	{0xD048, 0x0181},
	{0xD049, 0xAAAA},
	{0xD04A, 0x0182},
	{0xD04B, 0x2807},
	{0xD04C, 0x0190},
	{0xD04D, 0x0000},
	{0xD04E, 0x018F},
	{0xD04F, 0x0000},
	{0xD050, 0x0183},
	{0xD051, 0x0800},
	{0xD052, 0x0191},
	{0xD053, 0x0000},
	{0xD054, 0x0192},
	{0xD055, 0x0000},
	{0xD056, 0x0184},
	{0xD057, 0x2C00},
	{0xD058, 0x0185},
	{0xD059, 0x647E},
	{0xD05A, 0x0160},
	{0xD05B, 0x003F},
	{0xD05C, 0x0161},
	{0xD05D, 0x0000},
	{0xD05E, 0x0162},
	{0xD05F, 0x0042},
	{0xD060, 0x0163},
	{0xD061, 0x1000},
	{0xD062, 0x0164},
	{0xD063, 0x0000},
	{0xD064, 0x0165},
	{0xD065, 0x0000},
	{0xD066, 0x0166},
	{0xD067, 0x1820},
	{0xD068, 0x0167},
	{0xD069, 0x7FE0},
	{0xD06A, 0x0168},
	{0xD06B, 0x2493},
	{0xD06C, 0x016A},
	{0xD06D, 0x001F},
	{0xD06E, 0x1D16},
	{0xD06F, 0x30D0},
	{0xD070, 0x1D05},
	{0xD071, 0x30D2},
	{0xD072, 0x0803},
	{0xD073, 0x00FF},
	{0xD074, 0x0804},
	{0xD075, 0xFF00},
	{0xD076, 0x080A},
	{0xD077, 0x1079},
	{0xD078, 0x8FA4},
	{0xD079, 0x2D00},
	{0xD07A, 0x0162},
	{0xD07B, 0x00A5},
	{0xD07C, 0x1D16},
	{0xD07D, 0x30D0},
	{0xD07E, 0x401D},
	{0xD07F, 0x56D0},
	{0xD080, 0x080A},
	{0xD081, 0x1083},
	{0xD082, 0x8F9A},
	{0xD083, 0x2D01},
	{0xD084, 0x0181},
	{0xD085, 0x5555},
	{0xD086, 0x0182},
	{0xD087, 0x1407},
	{0xD088, 0x0162},
	{0xD089, 0x0042},
	{0xD08A, 0x0163},
	{0xD08B, 0x2000},
	{0xD08C, 0x1D16},
	{0xD08D, 0x30D0},
	{0xD08E, 0x1D06},
	{0xD08F, 0x30D2},
	{0xD090, 0x0803},
	{0xD091, 0xFF00},
	{0xD092, 0x0804},
	{0xD093, 0x00FF},
	{0xD094, 0x080A},
	{0xD095, 0x1097},
	{0xD096, 0x8F86},
	{0xD097, 0x2D02},
	{0xD098, 0x0162},
	{0xD099, 0x00A5},
	{0xD09A, 0x1D16},
	{0xD09B, 0x30D0},
	{0xD09C, 0x401D},
	{0xD09D, 0x56D0},
	{0xD09E, 0x080A},
	{0xD09F, 0x10A1},
	{0xD0A0, 0x8F7C},
	{0xD0A1, 0x2D03},
	{0xD0A2, 0x0803},
	{0xD0A3, 0x01B1},
	{0xD0A4, 0x0805},
	{0xD0A5, 0x01AF},
	{0xD0A6, 0x5644},
	{0xD0A7, 0x1D05},
	{0xD0A8, 0x30D2},
	{0xD0A9, 0x3173},
	{0xD0AA, 0x1D00},
	{0xD0AB, 0x1501},
	{0xD0AC, 0x080A},
	{0xD0AD, 0x10AF},
	{0xD0AE, 0x8F7C},
	{0xD0AF, 0x1D06},
	{0xD0B0, 0x30D2},
	{0xD0B1, 0x3183},
	{0xD0B2, 0x1D02},
	{0xD0B3, 0x1503},
	{0xD0B4, 0x080A},
	{0xD0B5, 0x10B7},
	{0xD0B6, 0x8F74},
	{0xD0B7, 0x1D04},
	{0xD0B8, 0x30DA},
	{0xD0B9, 0x900A},
	{0xD0BA, 0x1C16},
	{0xD0BB, 0xA002},
	{0xD0BC, 0x9009},
	{0xD0BD, 0x0505},
	{0xD0BE, 0x0411},
	{0xD0BF, 0x0506},
	{0xD0C0, 0x0412},
	{0xD0C1, 0x0807},
	{0xD0C2, 0x0014},
	{0xD0C3, 0x0808},
	{0xD0C4, 0x0015},
	{0xD0C5, 0x080A},
	{0xD0C6, 0x10C8},
	{0xD0C7, 0x8F7B},
	{0xD0C8, 0x01B5},
	{0xD0C9, 0x0177},
	{0xD0CA, 0x01B5},
	{0xD0CB, 0x0155},
	{0xD0CC, 0x01B5},
	{0xD0CD, 0x0144},
	{0xD0CE, 0x01B5},
	{0xD0CF, 0x01CC},
	{0xD0D0, 0x01B5},
	{0xD0D1, 0x01EE},
	{0xD0D2, 0x0175},
	{0xD0D3, 0x01EE},
	{0xD0D4, 0x0176},
	{0xD0D5, 0x01EE},
	{0xD0D6, 0x0505},
	{0xD0D7, 0x040B},
	{0xD0D8, 0x0506},
	{0xD0D9, 0x040D},
	{0xD0DA, 0x0807},
	{0xD0DB, 0x0010},
	{0xD0DC, 0x0808},
	{0xD0DD, 0x0011},
	{0xD0DE, 0x080A},
	{0xD0DF, 0x10E1},
	{0xD0E0, 0x8F62},
	{0xD0E1, 0x01B5},
	{0xD0E2, 0x01EE},
	{0xD0E3, 0x01B5},
	{0xD0E4, 0x01CC},
	{0xD0E5, 0x01B5},
	{0xD0E6, 0x0144},
	{0xD0E7, 0x01B5},
	{0xD0E8, 0x0155},
	{0xD0E9, 0x01B5},
	{0xD0EA, 0x0177},
	{0xD0EB, 0x0175},
	{0xD0EC, 0x0177},
	{0xD0ED, 0x0176},
	{0xD0EE, 0x0177},
	{0xD0EF, 0x9009},
	{0xD0F0, 0x320D},
	{0xD0F1, 0x29AF},
	{0xD0F2, 0x01B0},
	{0xD0F3, 0x0001},
	{0xD0F4, 0x01B8},
	{0xD0F5, 0x0001},
	{0xD0F6, 0x01B0},
	{0xD0F7, 0x0000},
	{0xD0F8, 0xE022},
	{0xD0F9, 0x0806},
	{0xD0FA, 0x0000},
	{0xD0FB, 0x6666},
	{0xD0FC, 0x5C01},
	{0xD0FD, 0xA007},
	{0xD0FE, 0x080E},
	{0xD0FF, 0x7FFF},
	{0xD100, 0x198A},
	{0xD101, 0x080E},
	{0xD102, 0xFFFF},
	{0xD103, 0x8006},
	{0xD104, 0x080E},
	{0xD105, 0x7FFF},
	{0xD106, 0x198B},
	{0xD107, 0x080E},
	{0xD108, 0xFFFF},
	{0xD109, 0x401D},
	{0xD10A, 0x30D3},
	{0xD10B, 0x080E},
	{0xD10C, 0x7FFF},
	{0xD10D, 0x1986},
	{0xD10E, 0x080E},
	{0xD10F, 0xFFFF},
	{0xD110, 0x30D2},
	{0xD111, 0x418D},
	{0xD112, 0x30D1},
	{0xD113, 0x5021},
	{0xD114, 0x543D},
	{0xD115, 0xB002},
	{0xD116, 0x800A},
	{0xD117, 0x5412},
	{0xD118, 0x54D3},
	{0xD119, 0xB002},
	{0xD11A, 0x8002},
	{0xD11B, 0x900A},
	{0xD11C, 0x5E10},
	{0xD11D, 0xB008},
	{0xD11E, 0x31C0},
	{0xD11F, 0x900A},
	{0xD120, 0x5A10},
	{0xD121, 0x30D2},
	{0xD122, 0x418D},
	{0xD123, 0xAFFB},
	{0xD124, 0x302D},
	{0xD125, 0x29AF},
	{0xD126, 0x01B0},
	{0xD127, 0x0001},
	{0xD128, 0x01B8},
	{0xD129, 0x0001},
	{0xD12A, 0x01B0},
	{0xD12B, 0x0000},
	{0xD12C, 0xE004},
	{0xD12D, 0x900A},
	{0xD12E, 0x320D},
	{0xD12F, 0x321C},
	{0xD130, 0x408C},
	{0xD131, 0x50CD},
	{0xD132, 0x31D2},
	{0xD133, 0x900A},
	{0xD134, 0x1C1B},
	{0xD135, 0xA002},
	{0xD136, 0x9009},
	{0xD137, 0x0800},
	{0xD138, 0x0177},
	{0xD139, 0x0801},
	{0xD13A, 0x0178},
	{0xD13B, 0x0802},
	{0xD13C, 0x0169},
	{0xD13D, 0x080C},
	{0xD13E, 0x0080},
	{0xD13F, 0x1978},
	{0xD140, 0x54CD},
	{0xD141, 0xA005},
	{0xD142, 0x1C07},
	{0xD143, 0x31D0},
	{0xD144, 0x1C08},
	{0xD145, 0x31D1},
	{0xD146, 0x080A},
	{0xD147, 0x1149},
	{0xD148, 0x8FE6},
	{0xD149, 0x0180},
	{0xD14A, 0x07CF},
	{0xD14B, 0x0181},
	{0xD14C, 0xAAAA},
	{0xD14D, 0x0182},
	{0xD14E, 0x2803},
	{0xD14F, 0x0190},
	{0xD150, 0x0000},
	{0xD151, 0x018F},
	{0xD152, 0x0000},
	{0xD153, 0x0183},
	{0xD154, 0x0800},
	{0xD155, 0x0191},
	{0xD156, 0x0000},
	{0xD157, 0x0192},
	{0xD158, 0x0000},
	{0xD159, 0x0184},
	{0xD15A, 0x2C00},
	{0xD15B, 0x0185},
	{0xD15C, 0x647E},
	{0xD15D, 0x0160},
	{0xD15E, 0x003F},
	{0xD15F, 0x0161},
	{0xD160, 0x0000},
	{0xD161, 0x0162},
	{0xD162, 0x0063},
	{0xD163, 0x0163},
	{0xD164, 0x1000},
	{0xD165, 0x0164},
	{0xD166, 0x0000},
	{0xD167, 0x0165},
	{0xD168, 0x0000},
	{0xD169, 0x0166},
	{0xD16A, 0x1818},
	{0xD16B, 0x0167},
	{0xD16C, 0x7FE0},
	{0xD16D, 0x0168},
	{0xD16E, 0x2493},
	{0xD16F, 0x016A},
	{0xD170, 0x001F},
	{0xD171, 0x6C00},
	{0xD172, 0x1979},
	{0xD173, 0x418D},
	{0xD174, 0x31D0},
	{0xD175, 0x0181},
	{0xD176, 0x5555},
	{0xD177, 0x0182},
	{0xD178, 0x1403},
	{0xD179, 0x0163},
	{0xD17A, 0x2000},
	{0xD17B, 0x6C00},
	{0xD17C, 0x1979},
	{0xD17D, 0x31D1},
	{0xD17E, 0x0180},
	{0xD17F, 0x007F},
	{0xD180, 0x0181},
	{0xD181, 0xFFFF},
	{0xD182, 0x0182},
	{0xD183, 0x3C02},
	{0xD184, 0x0184},
	{0xD185, 0x3060},
	{0xD186, 0x0185},
	{0xD187, 0x047E},
	{0xD188, 0x0161},
	{0xD189, 0x0009},
	{0xD18A, 0x0163},
	{0xD18B, 0x3180},
	{0xD18C, 0x0166},
	{0xD18D, 0x1800},
	{0xD18E, 0x0168},
	{0xD18F, 0x0000},
	{0xD190, 0x080A},
	{0xD191, 0x1193},
	{0xD192, 0x8F9C},
	{0xD193, 0x6C00},
	{0xD194, 0x0801},
	{0xD195, 0x0080},
	{0xD196, 0x080E},
	{0xD197, 0x1FE0},
	{0xD198, 0x196E},
	{0xD199, 0x080E},
	{0xD19A, 0xFFFF},
	{0xD19B, 0x30D2},
	{0xD19C, 0x541D},
	{0xD19D, 0xB002},
	{0xD19E, 0x5021},
	{0xD19F, 0x080F},
	{0xD1A0, 0x1FE0},
	{0xD1A1, 0x2C1A},
	{0xD1A2, 0x080F},
	{0xD1A3, 0xFFFF},
	{0xD1A4, 0x196F},
	{0xD1A5, 0x2C1D},
	{0xD1A6, 0x0180},
	{0xD1A7, 0x07CF},
	{0xD1A8, 0x0181},
	{0xD1A9, 0xAAAA},
	{0xD1AA, 0x0182},
	{0xD1AB, 0x28E7},
	{0xD1AC, 0x0190},
	{0xD1AD, 0x0000},
	{0xD1AE, 0x018F},
	{0xD1AF, 0x0000},
	{0xD1B0, 0x0183},
	{0xD1B1, 0x0000},
	{0xD1B2, 0x0191},
	{0xD1B3, 0x0000},
	{0xD1B4, 0x0192},
	{0xD1B5, 0x0000},
	{0xD1B6, 0x0184},
	{0xD1B7, 0x2C00},
	{0xD1B8, 0x0185},
	{0xD1B9, 0x647E},
	{0xD1BA, 0x01B1},
	{0xD1BB, 0x0014},
	{0xD1BC, 0x080D},
	{0xD1BD, 0x0080},
	{0xD1BE, 0x2C0F},
	{0xD1BF, 0x2C10},
	{0xD1C0, 0x140F},
	{0xD1C1, 0x250F},
	{0xD1C2, 0x0800},
	{0xD1C3, 0x050F},
	{0xD1C4, 0x0803},
	{0xD1C5, 0x0002},
	{0xD1C6, 0x080B},
	{0xD1C7, 0x11C9},
	{0xD1C8, 0x8869},
	{0xD1C9, 0x080A},
	{0xD1CA, 0x11CD},
	{0xD1CB, 0x7000},
	{0xD1CC, 0x097F},
	{0xD1CD, 0x150F},
	{0xD1CE, 0x240F},
	{0xD1CF, 0x0182},
	{0xD1D0, 0x2847},
	{0xD1D1, 0x080D},
	{0xD1D2, 0x0080},
	{0xD1D3, 0x1410},
	{0xD1D4, 0x250F},
	{0xD1D5, 0x0800},
	{0xD1D6, 0x050F},
	{0xD1D7, 0x0803},
	{0xD1D8, 0x0003},
	{0xD1D9, 0x080B},
	{0xD1DA, 0x11DC},
	{0xD1DB, 0x8856},
	{0xD1DC, 0x080A},
	{0xD1DD, 0x11E0},
	{0xD1DE, 0x7000},
	{0xD1DF, 0x097F},
	{0xD1E0, 0x150F},
	{0xD1E1, 0x2410},
	{0xD1E2, 0x0182},
	{0xD1E3, 0x28A7},
	{0xD1E4, 0x080D},
	{0xD1E5, 0x0080},
	{0xD1E6, 0x0800},
	{0xD1E7, 0x01AF},
	{0xD1E8, 0x0803},
	{0xD1E9, 0x0002},
	{0xD1EA, 0x080B},
	{0xD1EB, 0x11EE},
	{0xD1EC, 0x7000},
	{0xD1ED, 0x0A31},
	{0xD1EE, 0x080A},
	{0xD1EF, 0x11F2},
	{0xD1F0, 0x7000},
	{0xD1F1, 0x097F},
	{0xD1F2, 0x19AF},
	{0xD1F3, 0x30D3},
	{0xD1F4, 0x1C0F},
	{0xD1F5, 0x30D1},
	{0xD1F6, 0x1C10},
	{0xD1F7, 0x30D2},
	{0xD1F8, 0x54D1},
	{0xD1F9, 0xB002},
	{0xD1FA, 0x8005},
	{0xD1FB, 0x0804},
	{0xD1FC, 0x0040},
	{0xD1FD, 0x54D4},
	{0xD1FE, 0xB003},
	{0xD1FF, 0x080D},
	{0xD200, 0x0000},
	{0xD201, 0x30D1},
	{0xD202, 0x5432},
	{0xD203, 0xB002},
	{0xD204, 0x8014},
	{0xD205, 0x50D1},
	{0xD206, 0x30D1},
	{0xD207, 0x1B11},
	{0xD208, 0x30D2},
	{0xD209, 0x541D},
	{0xD20A, 0xB002},
	{0xD20B, 0x8006},
	{0xD20C, 0xA002},
	{0xD20D, 0x800B},
	{0xD20E, 0x5C12},
	{0xD20F, 0xB008},
	{0xD210, 0x8008},
	{0xD211, 0x302D},
	{0xD212, 0x0804},
	{0xD213, 0x00FF},
	{0xD214, 0x544D},
	{0xD215, 0xB003},
	{0xD216, 0x5812},
	{0xD217, 0x2B11},
	{0xD218, 0x01AE},
	{0xD219, 0x0000},
	{0xD21A, 0x9009},
	{0xD21B, 0x0000},
	{0xD21C, 0x0000},
	{0xD21D, 0x0000},
	{0xD21E, 0x0000},
	{0xD21F, 0x0000},
	{0xD220, 0x0000},
	{0xD221, 0x0000},
	{0xD222, 0x0000},
	{0xD223, 0x0000},
	{0xD224, 0x0000},
	{0xD225, 0x0000},
	{0xD226, 0x0000},
	{0xD227, 0x0000},
	{0xD228, 0x0000},
	{0xD229, 0x0000},
	{0xD22A, 0x0000},
	{0xD22B, 0x0000},
	{0xD22C, 0x0000},
	{0xD22D, 0x0000},
	{0xD22E, 0x0000},
	{0xD22F, 0x0000},
	{0xD230, 0x0000},
	{0xD231, 0x0000},
	{0xD232, 0x0000},
	{0xD233, 0x0000},
	{0xD234, 0x0000},
	{0xD235, 0x0000},
	{0xD236, 0x0000},
	{0xD237, 0x0000},
	{0xD238, 0x0000},
	{0xD239, 0x0000},
	{0xD23A, 0x0000},
	{0xD23B, 0x0000},
	{0xD23C, 0x0000},
	{0xD23D, 0x0000},
	{0xD23E, 0x0000},
	{0xD23F, 0x0000},
	{0xD240, 0x0000},
	{0xD241, 0x0000},
	{0xD242, 0x0000},
	{0xD243, 0x0000},
	{0xD244, 0x0000},
	{0xD245, 0x0000},
	{0xD246, 0x0000},
	{0xD247, 0x0000},
	{0xD248, 0x0000},
	{0xD249, 0x0000},
	{0xD24A, 0x0000},
	{0xD24B, 0x0000},
	{0xD24C, 0x0000},
	{0xD24D, 0x0000},
	{0xD24E, 0x0000},
	{0xD24F, 0x0000},
	{0xD250, 0x0000},
	{0xD251, 0x0000},
	{0xD252, 0x0000},
	{0xD253, 0x0000},
	{0xD254, 0x0000},
	{0xD255, 0x0000},
	{0xD256, 0x0000},
	{0xD257, 0x0000},
	{0xD258, 0x0000},
	{0xD259, 0x0000},
	{0xD25A, 0x0000},
	{0xD25B, 0x0000},
	{0xD25C, 0x0000},
	{0xD25D, 0x0000},
	{0xD25E, 0x0000},
	{0xD25F, 0x0000},
	{0xD260, 0x0000},
	{0xD261, 0x0000},
	{0xD262, 0x0000},
	{0xD263, 0x0000},
	{0xD264, 0x0000},
	{0xD265, 0x0000},
	{0xD266, 0x0000},
	{0xD267, 0x0000},
	{0xD268, 0x0000},
	{0xD269, 0x0000},
	{0xD26A, 0x0000},
	{0xD26B, 0x0000},
	{0xD26C, 0x0000},
	{0xD26D, 0x0000},
	{0xD26E, 0x0000},
	{0xD26F, 0x0000},
	{0xD270, 0x0000},
	{0xD271, 0x0000},
	{0xD272, 0x0000},
	{0xD273, 0x0000},
	{0xD274, 0x0000},
	{0xD275, 0x0000},
	{0xD276, 0x0000},
	{0xD277, 0x0000},
	{0xD278, 0x0000},
	{0xD279, 0x0000},
	{0xD27A, 0x0000},
	{0xD27B, 0x0000},
	{0xD27C, 0x0000},
	{0xD27D, 0x0000},
	{0xD27E, 0x0000},
	{0xD27F, 0x0000},
	{0xD280, 0x0000},
	{0xD281, 0x0000},
	{0xD282, 0x0000},
	{0xD283, 0x0000},
	{0xD284, 0x0000},
	{0xD285, 0x0000},
	{0xD286, 0x0000},
	{0xD287, 0x0000},
	{0xD288, 0x0000},
	{0xD289, 0x0000},
	{0xD28A, 0x0000},
	{0xD28B, 0x0000},
	{0xD28C, 0x0000},
	{0xD28D, 0x0000},
	{0xD28E, 0x0000},
	{0xD28F, 0x0000},
	{0xD290, 0x0000},
	{0xD291, 0x0000},
	{0xD292, 0x0000},
	{0xD293, 0x0000},
	{0xD294, 0x0000},
	{0xD295, 0x0000},
	{0xD296, 0x0000},
	{0xD297, 0x0000},
	{0xD298, 0x0000},
	{0xD299, 0x0000},
	{0xD29A, 0x0000},
	{0xD29B, 0x0000},
	{0xD29C, 0x0000},
	{0xD29D, 0x0000},
	{0xD29E, 0x0000},
	{0xD29F, 0x0000},
	{0xD2A0, 0x0000},
	{0xD2A1, 0x0000},
	{0xD2A2, 0x0000},
	{0xD2A3, 0x0000},
	{0xD2A4, 0x0000},
	{0xD2A5, 0x0000},
	{0xD2A6, 0x0000},
	{0xD2A7, 0x0000},
	{0xD2A8, 0x0000},
	{0xD2A9, 0x0000},
	{0xD2AA, 0x0000},
	{0xD2AB, 0x0000},
	{0xD2AC, 0x0000},
	{0xD2AD, 0x0000},
	{0xD2AE, 0x0000},
	{0xD2AF, 0x0000},
	{0xD2B0, 0x0000},
	{0xD2B1, 0x0000},
	{0xD2B2, 0x0000},
	{0xD2B3, 0x0000},
	{0xD2B4, 0x0000},
	{0xD2B5, 0x0000},
	{0xD2B6, 0x0000},
	{0xD2B7, 0x0000},
	{0xD2B8, 0x0000},
	{0xD2B9, 0x0000},
	{0xD2BA, 0x0000},
	{0xD2BB, 0x0000},
	{0xD2BC, 0x0000},
	{0xD2BD, 0x0000},
	{0xD2BE, 0x0000},
	{0xD2BF, 0x0000},
	{0xD2C0, 0x0000},
	{0xD2C1, 0x0000},
	{0xD2C2, 0x0000},
	{0xD2C3, 0x0000},
	{0xD2C4, 0x0000},
	{0xD2C5, 0x0000},
	{0xD2C6, 0x0000},
	{0xD2C7, 0x0000},
	{0xD2C8, 0x0000},
	{0xD2C9, 0x0000},
	{0xD2CA, 0x0000},
	{0xD2CB, 0x0000},
	{0xD2CC, 0x0000},
	{0xD2CD, 0x0000},
	{0xD2CE, 0x0000},
	{0xD2CF, 0x0000},
	{0xD2D0, 0x0000},
	{0xD2D1, 0x0000},
	{0xD2D2, 0x0000},
	{0xD2D3, 0x0000},
	{0xD2D4, 0x0000},
	{0xD2D5, 0x0000},
	{0xD2D6, 0x0000},
	{0xD2D7, 0x0000},
	{0xD2D8, 0x0000},
	{0xD2D9, 0x0000},
	{0xD2DA, 0x0000},
	{0xD2DB, 0x0000},
	{0xD2DC, 0x0000},
	{0xD2DD, 0x0000},
	{0xD2DE, 0x0000},
	{0xD2DF, 0x0000},
	{0xD2E0, 0x0000},
	{0xD2E1, 0x0000},
	{0xD2E2, 0x0000},
	{0xD2E3, 0x0000},
	{0xD2E4, 0x0000},
	{0xD2E5, 0x0000},
	{0xD2E6, 0x0000},
	{0xD2E7, 0x0000},
	{0xD2E8, 0x0000},
	{0xD2E9, 0x0000},
	{0xD2EA, 0x0000},
	{0xD2EB, 0x0000},
	{0xD2EC, 0x0000},
	{0xD2ED, 0x0000},
	{0xD2EE, 0x0000},
	{0xD2EF, 0x0000},
	{0xD2F0, 0x0000},
	{0xD2F1, 0x0000},
	{0xD2F2, 0x0000},
	{0xD2F3, 0x0000},
	{0xD2F4, 0x0000},
	{0xD2F5, 0x0000},
	{0xD2F6, 0x0000},
	{0xD2F7, 0x0000},
	{0xD2F8, 0x0000},
	{0xD2F9, 0x0000},
	{0xD2FA, 0x0000},
	{0xD2FB, 0x0000},
	{0xD2FC, 0x0000},
	{0xD2FD, 0x0000},
	{0xD2FE, 0x0000},
	{0xD2FF, 0x0000},
	{0xD300, 0x0000},
	{0xD301, 0x0000},
	{0xD302, 0x0000},
	{0xD303, 0x0000},
	{0xD304, 0x0000},
	{0xD305, 0x0000},
	{0xD306, 0x0000},
	{0xD307, 0x0000},
	{0xD308, 0x0000},
	{0xD309, 0x0000},
	{0xD30A, 0x0000},
	{0xD30B, 0x0000},
	{0xD30C, 0x0000},
	{0xD30D, 0x0000},
	{0xD30E, 0x0000},
	{0xD30F, 0x0000},
	{0xD310, 0x0000},
	{0xD311, 0x0000},
	{0xD312, 0x0000},
	{0xD313, 0x0000},
	{0xD314, 0x0000},
	{0xD315, 0x0000},
	{0xD316, 0x0000},
	{0xD317, 0x0000},
	{0xD318, 0x0000},
	{0xD319, 0x0000},
	{0xD31A, 0x0000},
	{0xD31B, 0x0000},
	{0xD31C, 0x0000},
	{0xD31D, 0x0000},
	{0xD31E, 0x0000},
	{0xD31F, 0x0000},
	{0xD320, 0x0000},
	{0xD321, 0x0000},
	{0xD322, 0x0000},
	{0xD323, 0x0000},
	{0xD324, 0x0000},
	{0xD325, 0x0000},
	{0xD326, 0x0000},
	{0xD327, 0x0000},
	{0xD328, 0x0000},
	{0xD329, 0x0000},
	{0xD32A, 0x0000},
	{0xD32B, 0x0000},
	{0xD32C, 0x0000},
	{0xD32D, 0x0000},
	{0xD32E, 0x0000},
	{0xD32F, 0x0000},
	{0xD330, 0x0000},
	{0xD331, 0x0000},
	{0xD332, 0x0000},
	{0xD333, 0x0000},
	{0xD334, 0x0000},
	{0xD335, 0x0000},
	{0xD336, 0x0000},
	{0xD337, 0x0000},
	{0xD338, 0x0000},
	{0xD339, 0x0000},
	{0xD33A, 0x0000},
	{0xD33B, 0x0000},
	{0xD33C, 0x0000},
	{0xD33D, 0x0000},
	{0xD33E, 0x0000},
	{0xD33F, 0x0000},
	{0xD340, 0x0000},
	{0xD341, 0x0000},
	{0xD342, 0x0000},
	{0xD343, 0x0000},
	{0xD344, 0x0000},
	{0xD345, 0x0000},
	{0xD346, 0x0000},
	{0xD347, 0x0000},
	{0xD348, 0x0000},
	{0xD349, 0x0000},
	{0xD34A, 0x0000},
	{0xD34B, 0x0000},
	{0xD34C, 0x0000},
	{0xD34D, 0x0000},
	{0xD34E, 0x0000},
	{0xD34F, 0x0000},
	{0xD350, 0x0000},
	{0xD351, 0x0000},
	{0xD352, 0x0000},
	{0xD353, 0x0000},
	{0xD354, 0x0000},
	{0xD355, 0x0000},
	{0xD356, 0x0000},
	{0xD357, 0x0000},
	{0xD358, 0x0000},
	{0xD359, 0x0000},
	{0xD35A, 0x0000},
	{0xD35B, 0x0000},
	{0xD35C, 0x0000},
	{0xD35D, 0x0000},
	{0xD35E, 0x0000},
	{0xD35F, 0x0000},
	{0xD360, 0x0000},
	{0xD361, 0x0000},
	{0xD362, 0x0000},
	{0xD363, 0x0000},
	{0xD364, 0x0000},
	{0xD365, 0x0000},
	{0xD366, 0x0000},
	{0xD367, 0x0000},
	{0xD368, 0x0000},
	{0xD369, 0x0000},
	{0xD36A, 0x0000},
	{0xD36B, 0x0000},
	{0xD36C, 0x0000},
	{0xD36D, 0x0000},
	{0xD36E, 0x0000},
	{0xD36F, 0x0000},
	{0xD370, 0x0000},
	{0xD371, 0x0000},
	{0xD372, 0x0000},
	{0xD373, 0x0000},
	{0xD374, 0x0000},
	{0xD375, 0x0000},
	{0xD376, 0x0000},
	{0xD377, 0x0000},
	{0xD378, 0x0000},
	{0xD379, 0x0000},
	{0xD37A, 0x0000},
	{0xD37B, 0x0000},
	{0xD37C, 0x0000},
	{0xD37D, 0x0000},
	{0xD37E, 0x0000},
	{0xD37F, 0x0000},
	{0xD380, 0x0000},
	{0xD381, 0x0000},
	{0xD382, 0x0000},
	{0xD383, 0x0000},
	{0xD384, 0x0000},
	{0xD385, 0x0000},
	{0xD386, 0x0000},
	{0xD387, 0x0000},
	{0xD388, 0x0000},
	{0xD389, 0x0000},
	{0xD38A, 0x0000},
	{0xD38B, 0x0000},
	{0xD38C, 0x0000},
	{0xD38D, 0x0000},
	{0xD38E, 0x0000},
	{0xD38F, 0x0000},
	{0xD390, 0x0000},
	{0xD391, 0x0000},
	{0xD392, 0x0000},
	{0xD393, 0x0000},
	{0xD394, 0x0000},
	{0xD395, 0x0000},
	{0xD396, 0x0000},
	{0xD397, 0x0000},
	{0xD398, 0x0000},
	{0xD399, 0x0000},
	{0xD39A, 0x0000},
	{0xD39B, 0x0000},
	{0xD39C, 0x0000},
	{0xD39D, 0x0000},
	{0xD39E, 0x0000},
	{0xD39F, 0x0000},
	{0xD3A0, 0x0000},
	{0xD3A1, 0x0000},
	{0xD3A2, 0x0000},
	{0xD3A3, 0x0000},
	{0xD3A4, 0x0000},
	{0xD3A5, 0x0000},
	{0xD3A6, 0x0000},
	{0xD3A7, 0x0000},
	{0xD3A8, 0x0000},
	{0xD3A9, 0x0000},
	{0xD3AA, 0x0000},
	{0xD3AB, 0x0000},
	{0xD3AC, 0x0000},
	{0xD3AD, 0x0000},
	{0xD3AE, 0x0000},
	{0xD3AF, 0x0000},
	{0xD3B0, 0x0000},
	{0xD3B1, 0x0000},
	{0xD3B2, 0x0000},
	{0xD3B3, 0x0000},
	{0xD3B4, 0x0000},
	{0xD3B5, 0x0000},
	{0xD3B6, 0x0000},
	{0xD3B7, 0x0000},
	{0xD3B8, 0x0000},
	{0xD3B9, 0x0000},
	{0xD3BA, 0x0000},
	{0xD3BB, 0x0000},
	{0xD3BC, 0x0000},
	{0xD3BD, 0x0000},
	{0xD3BE, 0x0000},
	{0xD3BF, 0x0000},
	{0xD3C0, 0x0000},
	{0xD3C1, 0x0000},
	{0xD3C2, 0x0000},
	{0xD3C3, 0x0000},
	{0xD3C4, 0x0000},
	{0xD3C5, 0x0000},
	{0xD3C6, 0x0000},
	{0xD3C7, 0x0000},
	{0xD3C8, 0x0000},
	{0xD3C9, 0x0000},
	{0xD3CA, 0x0000},
	{0xD3CB, 0x0000},
	{0xD3CC, 0x0000},
	{0xD3CD, 0x0000},
	{0xD3CE, 0x0000},
	{0xD3CF, 0x0000},
	{0xD3D0, 0x0000},
	{0xD3D1, 0x0000},
	{0xD3D2, 0x0000},
	{0xD3D3, 0x0000},
	{0xD3D4, 0x0000},
	{0xD3D5, 0x0000},
	{0xD3D6, 0x0000},
	{0xD3D7, 0x0000},
	{0xD3D8, 0x0000},
	{0xD3D9, 0x0000},
	{0xD3DA, 0x0000},
	{0xD3DB, 0x0000},
	{0xD3DC, 0x0000},
	{0xD3DD, 0x0000},
	{0xD3DE, 0x0000},
	{0xD3DF, 0x0000},
	{0xD3E0, 0x0000},
	{0xD3E1, 0x0000},
	{0xD3E2, 0x0000},
	{0xD3E3, 0x0000},
	{0xD3E4, 0x0000},
	{0xD3E5, 0x0000},
	{0xD3E6, 0x0000},
	{0xD3E7, 0x0000},
	{0xD3E8, 0x0000},
	{0xD3E9, 0x0000},
	{0xD3EA, 0x0000},
	{0xD3EB, 0x0000},
	{0xD3EC, 0x0000},
	{0xD3ED, 0x0000},
	{0xD3EE, 0x0000},
	{0xD3EF, 0x0000},
	{0xD3F0, 0x0000},
	{0xD3F1, 0x0000},
	{0xD3F2, 0x0000},
	{0xD3F3, 0x0000},
	{0xD3F4, 0x0000},
	{0xD3F5, 0x0000},
	{0xD3F6, 0x0000},
	{0xD3F7, 0x0000},
	{0xD3F8, 0x0000},
	{0xD3F9, 0x0000},
	{0xD3FA, 0x0000},
	{0xD3FB, 0x0000},
	{0xD3FC, 0x0000},
	{0xD3FD, 0x0000},
	{0xD3FE, 0x0000},
	{0xD3FF, 0x0000},
	{0xD400, 0x0000},
	{0xD401, 0x0000},
	{0xD402, 0x0000},
	{0xD403, 0x0000},
	{0xD404, 0x0000},
	{0xD405, 0x0000},
	{0xD406, 0x0000},
	{0xD407, 0x0000},
	{0xD408, 0x0000},
	{0xD409, 0x0000},
	{0xD40A, 0x0000},
	{0xD40B, 0x0000},
	{0xD40C, 0x0000},
	{0xD40D, 0x0000},
	{0xD40E, 0x0000},
	{0xD40F, 0x0000},
	{0xD410, 0x0000},
	{0xD411, 0x0000},
	{0xD412, 0x0000},
	{0xD413, 0x0000},
	{0xD414, 0x0000},
	{0xD415, 0x0000},
	{0xD416, 0x0000},
	{0xD417, 0x0000},
	{0xD418, 0x0000},
	{0xD419, 0x0000},
	{0xD41A, 0x0000},
	{0xD41B, 0x0000},
	{0xD41C, 0x0000},
	{0xD41D, 0x0000},
	{0xD41E, 0x0000},
	{0xD41F, 0x0000},
	{0xD420, 0x0000},
	{0xD421, 0x0000},
	{0xD422, 0x0000},
	{0xD423, 0x0000},
	{0xD424, 0x0000},
	{0xD425, 0x0000},
	{0xD426, 0x0000},
	{0xD427, 0x0000},
	{0xD428, 0x0000},
	{0xD429, 0x0000},
	{0xD42A, 0x0000},
	{0xD42B, 0x0000},
	{0xD42C, 0x0000},
	{0xD42D, 0x0000},
	{0xD42E, 0x0000},
	{0xD42F, 0x0000},
	{0xD430, 0x0000},
	{0xD431, 0x0000},
	{0xD432, 0x0000},
	{0xD433, 0x0000},
	{0xD434, 0x0000},
	{0xD435, 0x0000},
	{0xD436, 0x0000},
	{0xD437, 0x0000},
	{0xD438, 0x0000},
	{0xD439, 0x0000},
	{0xD43A, 0x0000},
	{0xD43B, 0x0000},
	{0xD43C, 0x0000},
	{0xD43D, 0x0000},
	{0xD43E, 0x0000},
	{0xD43F, 0x0000},
	{0xD440, 0x0000},
	{0xD441, 0x0000},
	{0xD442, 0x0000},
	{0xD443, 0x0000},
	{0xD444, 0x0000},
	{0xD445, 0x0000},
	{0xD446, 0x0000},
	{0xD447, 0x0000},
	{0xD448, 0x0000},
	{0xD449, 0x0000},
	{0xD44A, 0x0000},
	{0xD44B, 0x0000},
	{0xD44C, 0x0000},
	{0xD44D, 0x0000},
	{0xD44E, 0x0000},
	{0xD44F, 0x0000},
	{0xD450, 0x0000},
	{0xD451, 0x0000},
	{0xD452, 0x0000},
	{0xD453, 0x0000},
	{0xD454, 0x0000},
	{0xD455, 0x0000},
	{0xD456, 0x0000},
	{0xD457, 0x0000},
	{0xD458, 0x0000},
	{0xD459, 0x0000},
	{0xD45A, 0x0000},
	{0xD45B, 0x0000},
	{0xD45C, 0x0000},
	{0xD45D, 0x0000},
	{0xD45E, 0x0000},
	{0xD45F, 0x0000},
	{0xD460, 0x0000},
	{0xD461, 0x0000},
	{0xD462, 0x0000},
	{0xD463, 0x0000},
	{0xD464, 0x0000},
	{0xD465, 0x0000},
	{0xD466, 0x0000},
	{0xD467, 0x0000},
	{0xD468, 0x0000},
	{0xD469, 0x0000},
	{0xD46A, 0x0000},
	{0xD46B, 0x0000},
	{0xD46C, 0x0000},
	{0xD46D, 0x0000},
	{0xD46E, 0x0000},
	{0xD46F, 0x0000},
	{0xD470, 0x0000},
	{0xD471, 0x0000},
	{0xD472, 0x0000},
	{0xD473, 0x0000},
	{0xD474, 0x0000},
	{0xD475, 0x0000},
	{0xD476, 0x0000},
	{0xD477, 0x0000},
	{0xD478, 0x0000},
	{0xD479, 0x0000},
	{0xD47A, 0x0000},
	{0xD47B, 0x0000},
	{0xD47C, 0x0000},
	{0xD47D, 0x0000},
	{0xD47E, 0x0000},
	{0xD47F, 0x0000},
	{0xD480, 0x0000},
	{0xD481, 0x0000},
	{0xD482, 0x0000},
	{0xD483, 0x0000},
	{0xD484, 0x0000},
	{0xD485, 0x0000},
	{0xD486, 0x0000},
	{0xD487, 0x0000},
	{0xD488, 0x0000},
	{0xD489, 0x0000},
	{0xD48A, 0x0000},
	{0xD48B, 0x0000},
	{0xD48C, 0x0000},
	{0xD48D, 0x0000},
	{0xD48E, 0x0000},
	{0xD48F, 0x0000},
	{0xD490, 0x0000},
	{0xD491, 0x0000},
	{0xD492, 0x0000},
	{0xD493, 0x0000},
	{0xD494, 0x0000},
	{0xD495, 0x0000},
	{0xD496, 0x0000},
	{0xD497, 0x0000},
	{0xD498, 0x0000},
	{0xD499, 0x0000},
	{0xD49A, 0x0000},
	{0xD49B, 0x0000},
	{0xD49C, 0x0000},
	{0xD49D, 0x0000},
	{0xD49E, 0x0000},
	{0xD49F, 0x0000},
	{0xD4A0, 0x0000},
	{0xD4A1, 0x0000},
	{0xD4A2, 0x0000},
	{0xD4A3, 0x0000},
	{0xD4A4, 0x0000},
	{0xD4A5, 0x0000},
	{0xD4A6, 0x0000},
	{0xD4A7, 0x0000},
	{0xD4A8, 0x0000},
	{0xD4A9, 0x0000},
	{0xD4AA, 0x0000},
	{0xD4AB, 0x0000},
	{0xD4AC, 0x0000},
	{0xD4AD, 0x0000},
	{0xD4AE, 0x0000},
	{0xD4AF, 0x0000},
	{0xD4B0, 0x0000},
	{0xD4B1, 0x0000},
	{0xD4B2, 0x0000},
	{0xD4B3, 0x0000},
	{0xD4B4, 0x0000},
	{0xD4B5, 0x0000},
	{0xD4B6, 0x0000},
	{0xD4B7, 0x0000},
	{0xD4B8, 0x0000},
	{0xD4B9, 0x0000},
	{0xD4BA, 0x0000},
	{0xD4BB, 0x0000},
	{0xD4BC, 0x0000},
	{0xD4BD, 0x0000},
	{0xD4BE, 0x0000},
	{0xD4BF, 0x0000},
	{0xD4C0, 0x0000},
	{0xD4C1, 0x0000},
	{0xD4C2, 0x0000},
	{0xD4C3, 0x0000},
	{0xD4C4, 0x0000},
	{0xD4C5, 0x0000},
	{0xD4C6, 0x0000},
	{0xD4C7, 0x0000},
	{0xD4C8, 0x0000},
	{0xD4C9, 0x0000},
	{0xD4CA, 0x0000},
	{0xD4CB, 0x0000},
	{0xD4CC, 0x0000},
	{0xD4CD, 0x0000},
	{0xD4CE, 0x0000},
	{0xD4CF, 0x0000},
	{0xD4D0, 0x0000},
	{0xD4D1, 0x0000},
	{0xD4D2, 0x0000},
	{0xD4D3, 0x0000},
	{0xD4D4, 0x0000},
	{0xD4D5, 0x0000},
	{0xD4D6, 0x0000},
	{0xD4D7, 0x0000},
	{0xD4D8, 0x0000},
	{0xD4D9, 0x0000},
	{0xD4DA, 0x0000},
	{0xD4DB, 0x0000},
	{0xD4DC, 0x0000},
	{0xD4DD, 0x0000},
	{0xD4DE, 0x0000},
	{0xD4DF, 0x0000},
	{0xD4E0, 0x0000},
	{0xD4E1, 0x0000},
	{0xD4E2, 0x0000},
	{0xD4E3, 0x0000},
	{0xD4E4, 0x0000},
	{0xD4E5, 0x0000},
	{0xD4E6, 0x0000},
	{0xD4E7, 0x0000},
	{0xD4E8, 0x0000},
	{0xD4E9, 0x0000},
	{0xD4EA, 0x0000},
	{0xD4EB, 0x0000},
	{0xD4EC, 0x0000},
	{0xD4ED, 0x0000},
	{0xD4EE, 0x0000},
	{0xD4EF, 0x0000},
	{0xD4F0, 0x0000},
	{0xD4F1, 0x0000},
	{0xD4F2, 0x0000},
	{0xD4F3, 0x0000},
	{0xD4F4, 0x0000},
	{0xD4F5, 0x0000},
	{0xD4F6, 0x0000},
	{0xD4F7, 0x0000},
	{0xD4F8, 0x0000},
	{0xD4F9, 0x0000},
	{0xD4FA, 0x0000},
	{0xD4FB, 0x0000},
	{0xD4FC, 0x0000},
	{0xD4FD, 0x0000},
	{0xD4FE, 0x0000},
	{0xD4FF, 0x0000},
	{0xD500, 0x0000},
	{0xD501, 0x0000},
	{0xD502, 0x0000},
	{0xD503, 0x0000},
	{0xD504, 0x0000},
	{0xD505, 0x0000},
	{0xD506, 0x0000},
	{0xD507, 0x0000},
	{0xD508, 0x0000},
	{0xD509, 0x0000},
	{0xD50A, 0x0000},
	{0xD50B, 0x0000},
	{0xD50C, 0x0000},
	{0xD50D, 0x0000},
	{0xD50E, 0x0000},
	{0xD50F, 0x0000},
	{0xD510, 0x0000},
	{0xD511, 0x0000},
	{0xD512, 0x0000},
	{0xD513, 0x0000},
	{0xD514, 0x0000},
	{0xD515, 0x0000},
	{0xD516, 0x0000},
	{0xD517, 0x0000},
	{0xD518, 0x0000},
	{0xD519, 0x0000},
	{0xD51A, 0x0000},
	{0xD51B, 0x0000},
	{0xD51C, 0x0000},
	{0xD51D, 0x0000},
	{0xD51E, 0x0000},
	{0xD51F, 0x0000},
	{0xD520, 0x0000},
	{0xD521, 0x0000},
	{0xD522, 0x0000},
	{0xD523, 0x0000},
	{0xD524, 0x0000},
	{0xD525, 0x0000},
	{0xD526, 0x0000},
	{0xD527, 0x0000},
	{0xD528, 0x0000},
	{0xD529, 0x0000},
	{0xD52A, 0x0000},
	{0xD52B, 0x0000},
	{0xD52C, 0x0000},
	{0xD52D, 0x0000},
	{0xD52E, 0x0000},
	{0xD52F, 0x0000},
	{0xD530, 0x0000},
	{0xD531, 0x0000},
	{0xD532, 0x0000},
	{0xD533, 0x0000},
	{0xD534, 0x0000},
	{0xD535, 0x0000},
	{0xD536, 0x0000},
	{0xD537, 0x0000},
	{0xD538, 0x0000},
	{0xD539, 0x0000},
	{0xD53A, 0x0000},
	{0xD53B, 0x0000},
	{0xD53C, 0x0000},
	{0xD53D, 0x0000},
	{0xD53E, 0x0000},
	{0xD53F, 0x0000},
	{0xD540, 0x0000},
	{0xD541, 0x0000},
	{0xD542, 0x0000},
	{0xD543, 0x0000},
	{0xD544, 0x0000},
	{0xD545, 0x0000},
	{0xD546, 0x0000},
	{0xD547, 0x0000},
	{0xD548, 0x0000},
	{0xD549, 0x0000},
	{0xD54A, 0x0000},
	{0xD54B, 0x0000},
	{0xD54C, 0x0000},
	{0xD54D, 0x0000},
	{0xD54E, 0x0000},
	{0xD54F, 0x0000},
	{0xD550, 0x0000},
	{0xD551, 0x0000},
	{0xD552, 0x0000},
	{0xD553, 0x0000},
	{0xD554, 0x0000},
	{0xD555, 0x0000},
	{0xD556, 0x0000},
	{0xD557, 0x0000},
	{0xD558, 0x0000},
	{0xD559, 0x0000},
	{0xD55A, 0x0000},
	{0xD55B, 0x0000},
	{0xD55C, 0x0000},
	{0xD55D, 0x0000},
	{0xD55E, 0x0000},
	{0xD55F, 0x0000},
	{0xD560, 0x0000},
	{0xD561, 0x0000},
	{0xD562, 0x0000},
	{0xD563, 0x0000},
	{0xD564, 0x0000},
	{0xD565, 0x0000},
	{0xD566, 0x0000},
	{0xD567, 0x0000},
	{0xD568, 0x0000},
	{0xD569, 0x0000},
	{0xD56A, 0x0000},
	{0xD56B, 0x0000},
	{0xD56C, 0x0000},
	{0xD56D, 0x0000},
	{0xD56E, 0x0000},
	{0xD56F, 0x0000},
	{0xD570, 0x0000},
	{0xD571, 0x0000},
	{0xD572, 0x0000},
	{0xD573, 0x0000},
	{0xD574, 0x0000},
	{0xD575, 0x0000},
	{0xD576, 0x0000},
	{0xD577, 0x0000},
	{0xD578, 0x0000},
	{0xD579, 0x0000},
	{0xD57A, 0x0000},
	{0xD57B, 0x0000},
	{0xD57C, 0x0000},
	{0xD57D, 0x0000},
	{0xD57E, 0x0000},
	{0xD57F, 0x0000},
	{0xD580, 0x0000},
	{0xD581, 0x0000},
	{0xD582, 0x0000},
	{0xD583, 0x0000},
	{0xD584, 0x0000},
	{0xD585, 0x0000},
	{0xD586, 0x0000},
	{0xD587, 0x0000},
	{0xD588, 0x0000},
	{0xD589, 0x0000},
	{0xD58A, 0x0000},
	{0xD58B, 0x0000},
	{0xD58C, 0x0000},
	{0xD58D, 0x0000},
	{0xD58E, 0x0000},
	{0xD58F, 0x0000},
	{0xD590, 0x0000},
	{0xD591, 0x0000},
	{0xD592, 0x0000},
	{0xD593, 0x0000},
	{0xD594, 0x0000},
	{0xD595, 0x0000},
	{0xD596, 0x0000},
	{0xD597, 0x0000},
	{0xD598, 0x0000},
	{0xD599, 0x0000},
	{0xD59A, 0x0000},
	{0xD59B, 0x0000},
	{0xD59C, 0x0000},
	{0xD59D, 0x0000},
	{0xD59E, 0x0000},
	{0xD59F, 0x0000},
	{0xD5A0, 0x0000},
	{0xD5A1, 0x0000},
	{0xD5A2, 0x0000},
	{0xD5A3, 0x0000},
	{0xD5A4, 0x0000},
	{0xD5A5, 0x0000},
	{0xD5A6, 0x0000},
	{0xD5A7, 0x0000},
	{0xD5A8, 0x0000},
	{0xD5A9, 0x0000},
	{0xD5AA, 0x0000},
	{0xD5AB, 0x0000},
	{0xD5AC, 0x0000},
	{0xD5AD, 0x0000},
	{0xD5AE, 0x0000},
	{0xD5AF, 0x0000},
	{0xD5B0, 0x0000},
	{0xD5B1, 0x0000},
	{0xD5B2, 0x0000},
	{0xD5B3, 0x0000},
	{0xD5B4, 0x0000},
	{0xD5B5, 0x0000},
	{0xD5B6, 0x0000},
	{0xD5B7, 0x0000},
	{0xD5B8, 0x0000},
	{0xD5B9, 0x0000},
	{0xD5BA, 0x0000},
	{0xD5BB, 0x0000},
	{0xD5BC, 0x0000},
	{0xD5BD, 0x0000},
	{0xD5BE, 0x0000},
	{0xD5BF, 0x0000},
	{0xD5C0, 0x0000},
	{0xD5C1, 0x0000},
	{0xD5C2, 0x0000},
	{0xD5C3, 0x0000},
	{0xD5C4, 0x0000},
	{0xD5C5, 0x0000},
	{0xD5C6, 0x0000},
	{0xD5C7, 0x0000},
	{0xD5C8, 0x0000},
	{0xD5C9, 0x0000},
	{0xD5CA, 0x0000},
	{0xD5CB, 0x0000},
	{0xD5CC, 0x0000},
	{0xD5CD, 0x0000},
	{0xD5CE, 0x0000},
	{0xD5CF, 0x0000},
	{0xD5D0, 0x0000},
	{0xD5D1, 0x0000},
	{0xD5D2, 0x0000},
	{0xD5D3, 0x0000},
	{0xD5D4, 0x0000},
	{0xD5D5, 0x0000},
	{0xD5D6, 0x0000},
	{0xD5D7, 0x0000},
	{0xD5D8, 0x0000},
	{0xD5D9, 0x0000},
	{0xD5DA, 0x0000},
	{0xD5DB, 0x0000},
	{0xD5DC, 0x0000},
	{0xD5DD, 0x0000},
	{0xD5DE, 0x0000},
	{0xD5DF, 0x0000},
	{0xD5E0, 0x0000},
	{0xD5E1, 0x0000},
	{0xD5E2, 0x0000},
	{0xD5E3, 0x0000},
	{0xD5E4, 0x0000},
	{0xD5E5, 0x0000},
	{0xD5E6, 0x0000},
	{0xD5E7, 0x0000},
	{0xD5E8, 0x0000},
	{0xD5E9, 0x0000},
	{0xD5EA, 0x0000},
	{0xD5EB, 0x0000},
	{0xD5EC, 0x0000},
	{0xD5ED, 0x0000},
	{0xD5EE, 0x0000},
	{0xD5EF, 0x0000},
	{0xD5F0, 0x0000},
	{0xD5F1, 0x0000},
	{0xD5F2, 0x0000},
	{0xD5F3, 0x0000},
	{0xD5F4, 0x0000},
	{0xD5F5, 0x0000},
	{0xD5F6, 0x0000},
	{0xD5F7, 0x0000},
	{0xD5F8, 0x0000},
	{0xD5F9, 0x0000},
	{0xD5FA, 0x0000},
	{0xD5FB, 0x0000},
	{0xD5FC, 0x0000},
	{0xD5FD, 0x0000},
	{0xD5FE, 0x0000},
	{0xD5FF, 0x0000},
	{0xD600, 0x0000},
	{0xD601, 0x0000},
	{0xD602, 0x0000},
	{0xD603, 0x0000},
	{0xD604, 0x0000},
	{0xD605, 0x0000},
	{0xD606, 0x0000},
	{0xD607, 0x0000},
	{0xD608, 0x0000},
	{0xD609, 0x0000},
	{0xD60A, 0x0000},
	{0xD60B, 0x0000},
	{0xD60C, 0x0000},
	{0xD60D, 0x0000},
	{0xD60E, 0x0000},
	{0xD60F, 0x0000},
	{0xD610, 0x0000},
	{0xD611, 0x0000},
	{0xD612, 0x0000},
	{0xD613, 0x0000},
	{0xD614, 0x0000},
	{0xD615, 0x0000},
	{0xD616, 0x0000},
	{0xD617, 0x0000},
	{0xD618, 0x0000},
	{0xD619, 0x0000},
	{0xD61A, 0x0000},
	{0xD61B, 0x0000},
	{0xD61C, 0x0000},
	{0xD61D, 0x0000},
	{0xD61E, 0x0000},
	{0xD61F, 0x0000},
	{0xD620, 0x0000},
	{0xD621, 0x0000},
	{0xD622, 0x0000},
	{0xD623, 0x0000},
	{0xD624, 0x0000},
	{0xD625, 0x0000},
	{0xD626, 0x0000},
	{0xD627, 0x0000},
	{0xD628, 0x0000},
	{0xD629, 0x0000},
	{0xD62A, 0x0000},
	{0xD62B, 0x0000},
	{0xD62C, 0x0000},
	{0xD62D, 0x0000},
	{0xD62E, 0x0000},
	{0xD62F, 0x0000},
	{0xD630, 0x0000},
	{0xD631, 0x0000},
	{0xD632, 0x0000},
	{0xD633, 0x0000},
	{0xD634, 0x0000},
	{0xD635, 0x0000},
	{0xD636, 0x0000},
	{0xD637, 0x0000},
	{0xD638, 0x0000},
	{0xD639, 0x0000},
	{0xD63A, 0x0000},
	{0xD63B, 0x0000},
	{0xD63C, 0x0000},
	{0xD63D, 0x0000},
	{0xD63E, 0x0000},
	{0xD63F, 0x0000},
	{0xD640, 0x0000},
	{0xD641, 0x0000},
	{0xD642, 0x0000},
	{0xD643, 0x0000},
	{0xD644, 0x0000},
	{0xD645, 0x0000},
	{0xD646, 0x0000},
	{0xD647, 0x0000},
	{0xD648, 0x0000},
	{0xD649, 0x0000},
	{0xD64A, 0x0000},
	{0xD64B, 0x0000},
	{0xD64C, 0x0000},
	{0xD64D, 0x0000},
	{0xD64E, 0x0000},
	{0xD64F, 0x0000},
	{0xD650, 0x0000},
	{0xD651, 0x0000},
	{0xD652, 0x0000},
	{0xD653, 0x0000},
	{0xD654, 0x0000},
	{0xD655, 0x0000},
	{0xD656, 0x0000},
	{0xD657, 0x0000},
	{0xD658, 0x0000},
	{0xD659, 0x0000},
	{0xD65A, 0x0000},
	{0xD65B, 0x0000},
	{0xD65C, 0x0000},
	{0xD65D, 0x0000},
	{0xD65E, 0x0000},
	{0xD65F, 0x0000},
	{0xD660, 0x0000},
	{0xD661, 0x0000},
	{0xD662, 0x0000},
	{0xD663, 0x0000},
	{0xD664, 0x0000},
	{0xD665, 0x0000},
	{0xD666, 0x0000},
	{0xD667, 0x0000},
	{0xD668, 0x0000},
	{0xD669, 0x0000},
	{0xD66A, 0x0000},
	{0xD66B, 0x0000},
	{0xD66C, 0x0000},
	{0xD66D, 0x0000},
	{0xD66E, 0x0000},
	{0xD66F, 0x0000},
	{0xD670, 0x0000},
	{0xD671, 0x0000},
	{0xD672, 0x0000},
	{0xD673, 0x0000},
	{0xD674, 0x0000},
	{0xD675, 0x0000},
	{0xD676, 0x0000},
	{0xD677, 0x0000},
	{0xD678, 0x0000},
	{0xD679, 0x0000},
	{0xD67A, 0x0000},
	{0xD67B, 0x0000},
	{0xD67C, 0x0000},
	{0xD67D, 0x0000},
	{0xD67E, 0x0000},
	{0xD67F, 0x0000},
	{0xD680, 0x0000},
	{0xD681, 0x0000},
	{0xD682, 0x0000},
	{0xD683, 0x0000},
	{0xD684, 0x0000},
	{0xD685, 0x0000},
	{0xD686, 0x0000},
	{0xD687, 0x0000},
	{0xD688, 0x0000},
	{0xD689, 0x0000},
	{0xD68A, 0x0000},
	{0xD68B, 0x0000},
	{0xD68C, 0x0000},
	{0xD68D, 0x0000},
	{0xD68E, 0x0000},
	{0xD68F, 0x0000},
	{0xD690, 0x0000},
	{0xD691, 0x0000},
	{0xD692, 0x0000},
	{0xD693, 0x0000},
	{0xD694, 0x0000},
	{0xD695, 0x0000},
	{0xD696, 0x0000},
	{0xD697, 0x0000},
	{0xD698, 0x0000},
	{0xD699, 0x0000},
	{0xD69A, 0x0000},
	{0xD69B, 0x0000},
	{0xD69C, 0x0000},
	{0xD69D, 0x0000},
	{0xD69E, 0x0000},
	{0xD69F, 0x0000},
	{0xD6A0, 0x0000},
	{0xD6A1, 0x0000},
	{0xD6A2, 0x0000},
	{0xD6A3, 0x0000},
	{0xD6A4, 0x0000},
	{0xD6A5, 0x0000},
	{0xD6A6, 0x0000},
	{0xD6A7, 0x0000},
	{0xD6A8, 0x0000},
	{0xD6A9, 0x0000},
	{0xD6AA, 0x0000},
	{0xD6AB, 0x0000},
	{0xD6AC, 0x0000},
	{0xD6AD, 0x0000},
	{0xD6AE, 0x0000},
	{0xD6AF, 0x0000},
	{0xD6B0, 0x0000},
	{0xD6B1, 0x0000},
	{0xD6B2, 0x0000},
	{0xD6B3, 0x0000},
	{0xD6B4, 0x0000},
	{0xD6B5, 0x0000},
	{0xD6B6, 0x0000},
	{0xD6B7, 0x0000},
	{0xD6B8, 0x0000},
	{0xD6B9, 0x0000},
	{0xD6BA, 0x0000},
	{0xD6BB, 0x0000},
	{0xD6BC, 0x0000},
	{0xD6BD, 0x0000},
	{0xD6BE, 0x900B},
	{0xD6BF, 0x0000},
	{0xD6C0, 0x0000},
	{0xD6C1, 0x0000},
	{0xD6C2, 0x0000},
	{0xD6C3, 0x0000},
	{0xD6C4, 0x0000},
	{0xD6C5, 0x0000},
	{0xD6C6, 0x0000},
	{0xD6C7, 0x0000},
	{0xD6C8, 0x0000},
	{0xD6C9, 0x0000},
	{0xD6CA, 0x0000},
	{0xD6CB, 0x0000},
	{0xD6CC, 0x0000},
	{0xD6CD, 0x0000},
	{0xD6CE, 0x0000},
	{0xD6CF, 0x0000},
	{0xD6D0, 0x0000},
	{0xD6D1, 0x0000},
	{0xD6D2, 0x0000},
	{0xD6D3, 0x0000},
	{0xD6D4, 0x0000},
	{0xD6D5, 0x0000},
	{0xD6D6, 0x0000},
	{0xD6D7, 0x0000},
	{0xD6D8, 0x0000},
	{0xD6D9, 0x0000},
	{0xD6DA, 0x0000},
	{0xD6DB, 0x0000},
	{0xD6DC, 0x0000},
	{0xD6DD, 0x0000},
	{0xD6DE, 0x0000},
	{0xD6DF, 0x0000},
	{0xD6E0, 0x0000},
	{0xD6E1, 0x0000},
	{0xD6E2, 0x0000},
	{0xD6E3, 0x0000},
	{0xD6E4, 0x0000},
	{0xD6E5, 0x0000},
	{0xD6E6, 0x0000},
	{0xD6E7, 0x0000},
	{0xD6E8, 0x0000},
	{0xD6E9, 0x0000},
	{0xD6EA, 0x0000},
	{0xD6EB, 0x0000},
	{0xD6EC, 0x0000},
	{0xD6ED, 0x0000},
	{0xD6EE, 0x0000},
	{0xD6EF, 0x0000},
	{0xD6F0, 0x0000},
	{0xD6F1, 0x0000},
	{0xD6F2, 0x0000},
	{0xD6F3, 0x0000},
	{0xD6F4, 0x0000},
	{0xD6F5, 0x0000},
	{0xD6F6, 0x0000},
	{0xD6F7, 0x0000},
	{0xD6F8, 0x0000},
	{0xD6F9, 0x0000},
	{0xD6FA, 0x0000},
	{0xD6FB, 0x0000},
	{0xD6FC, 0x0000},
	{0xD6FD, 0x0000},
	{0xD6FE, 0x900B},
	{0xD6FF, 0x0000},
	{0xD700, 0x0000},
	{0xD701, 0x0000},
	{0xD702, 0x0000},
	{0xD703, 0x0000},
	{0xD704, 0x0000},
	{0xD705, 0x0000},
	{0xD706, 0x0000},
	{0xD707, 0x0000},
	{0xD708, 0x0000},
	{0xD709, 0x0000},
	{0xD70A, 0x0000},
	{0xD70B, 0x0000},
	{0xD70C, 0x0000},
	{0xD70D, 0x0000},
	{0xD70E, 0x0000},
	{0xD70F, 0x0000},
	{0xD710, 0x0000},
	{0xD711, 0x0000},
	{0xD712, 0x0000},
	{0xD713, 0x0000},
	{0xD714, 0x0000},
	{0xD715, 0x0000},
	{0xD716, 0x0000},
	{0xD717, 0x0000},
	{0xD718, 0x0000},
	{0xD719, 0x0000},
	{0xD71A, 0x0000},
	{0xD71B, 0x0000},
	{0xD71C, 0x0000},
	{0xD71D, 0x0000},
	{0xD71E, 0x0000},
	{0xD71F, 0x0000},
	{0xD720, 0x0000},
	{0xD721, 0x0000},
	{0xD722, 0x0000},
	{0xD723, 0x0000},
	{0xD724, 0x0000},
	{0xD725, 0x0000},
	{0xD726, 0x0000},
	{0xD727, 0x0000},
	{0xD728, 0x0000},
	{0xD729, 0x0000},
	{0xD72A, 0x0000},
	{0xD72B, 0x0000},
	{0xD72C, 0x0000},
	{0xD72D, 0x0000},
	{0xD72E, 0x0000},
	{0xD72F, 0x0000},
	{0xD730, 0x0000},
	{0xD731, 0x0000},
	{0xD732, 0x0000},
	{0xD733, 0x0000},
	{0xD734, 0x0000},
	{0xD735, 0x0000},
	{0xD736, 0x0000},
	{0xD737, 0x0000},
	{0xD738, 0x0000},
	{0xD739, 0x0000},
	{0xD73A, 0x0000},
	{0xD73B, 0x0000},
	{0xD73C, 0x0000},
	{0xD73D, 0x0000},
	{0xD73E, 0x900B},
	{0xD73F, 0x0000},
	{0xD740, 0x0000},
	{0xD741, 0x0000},
	{0xD742, 0x0000},
	{0xD743, 0x0000},
	{0xD744, 0x0000},
	{0xD745, 0x0000},
	{0xD746, 0x0000},
	{0xD747, 0x0000},
	{0xD748, 0x0000},
	{0xD749, 0x0000},
	{0xD74A, 0x0000},
	{0xD74B, 0x0000},
	{0xD74C, 0x0000},
	{0xD74D, 0x0000},
	{0xD74E, 0x0000},
	{0xD74F, 0x0000},
	{0xD750, 0x0000},
	{0xD751, 0x0000},
	{0xD752, 0x0000},
	{0xD753, 0x0000},
	{0xD754, 0x0000},
	{0xD755, 0x0000},
	{0xD756, 0x0000},
	{0xD757, 0x0000},
	{0xD758, 0x0000},
	{0xD759, 0x0000},
	{0xD75A, 0x0000},
	{0xD75B, 0x0000},
	{0xD75C, 0x0000},
	{0xD75D, 0x0000},
	{0xD75E, 0x0000},
	{0xD75F, 0x0000},
	{0xD760, 0x0000},
	{0xD761, 0x0000},
	{0xD762, 0x0000},
	{0xD763, 0x0000},
	{0xD764, 0x0000},
	{0xD765, 0x0000},
	{0xD766, 0x0000},
	{0xD767, 0x0000},
	{0xD768, 0x0000},
	{0xD769, 0x0000},
	{0xD76A, 0x0000},
	{0xD76B, 0x0000},
	{0xD76C, 0x0000},
	{0xD76D, 0x0000},
	{0xD76E, 0x0000},
	{0xD76F, 0x0000},
	{0xD770, 0x0000},
	{0xD771, 0x0000},
	{0xD772, 0x0000},
	{0xD773, 0x0000},
	{0xD774, 0x0000},
	{0xD775, 0x0000},
	{0xD776, 0x0000},
	{0xD777, 0x0000},
	{0xD778, 0x0000},
	{0xD779, 0x0000},
	{0xD77A, 0x0000},
	{0xD77B, 0x0000},
	{0xD77C, 0x0000},
	{0xD77D, 0x0000},
	{0xD77E, 0x900B},
	{0xD77F, 0x0000},
	{0xD780, 0x0000},
	{0xD781, 0x0000},
	{0xD782, 0x0000},
	{0xD783, 0x0000},
	{0xD784, 0x0000},
	{0xD785, 0x0000},
	{0xD786, 0x0000},
	{0xD787, 0x0000},
	{0xD788, 0x0000},
	{0xD789, 0x0000},
	{0xD78A, 0x0000},
	{0xD78B, 0x0000},
	{0xD78C, 0x0000},
	{0xD78D, 0x0000},
	{0xD78E, 0x0000},
	{0xD78F, 0x0000},
	{0xD790, 0x0000},
	{0xD791, 0x0000},
	{0xD792, 0x0000},
	{0xD793, 0x0000},
	{0xD794, 0x0000},
	{0xD795, 0x0000},
	{0xD796, 0x0000},
	{0xD797, 0x0000},
	{0xD798, 0x0000},
	{0xD799, 0x0000},
	{0xD79A, 0x0000},
	{0xD79B, 0x0000},
	{0xD79C, 0x0000},
	{0xD79D, 0x0000},
	{0xD79E, 0x0000},
	{0xD79F, 0x0000},
	{0xD7A0, 0x0000},
	{0xD7A1, 0x0000},
	{0xD7A2, 0x0000},
	{0xD7A3, 0x0000},
	{0xD7A4, 0x0000},
	{0xD7A5, 0x0000},
	{0xD7A6, 0x0000},
	{0xD7A7, 0x0000},
	{0xD7A8, 0x0000},
	{0xD7A9, 0x0000},
	{0xD7AA, 0x0000},
	{0xD7AB, 0x0000},
	{0xD7AC, 0x0000},
	{0xD7AD, 0x0000},
	{0xD7AE, 0x0000},
	{0xD7AF, 0x0000},
	{0xD7B0, 0x0000},
	{0xD7B1, 0x0000},
	{0xD7B2, 0x0000},
	{0xD7B3, 0x0000},
	{0xD7B4, 0x0000},
	{0xD7B5, 0x0000},
	{0xD7B6, 0x0000},
	{0xD7B7, 0x0000},
	{0xD7B8, 0x0000},
	{0xD7B9, 0x0000},
	{0xD7BA, 0x0000},
	{0xD7BB, 0x0000},
	{0xD7BC, 0x0000},
	{0xD7BD, 0x0000},
	{0xD7BE, 0x900B},
	{0xD7BF, 0x0000},
	{0xD7C0, 0x0000},
	{0xD7C1, 0x0000},
	{0xD7C2, 0x0000},
	{0xD7C3, 0x0000},
	{0xD7C4, 0x0000},
	{0xD7C5, 0x0000},
	{0xD7C6, 0x0000},
	{0xD7C7, 0x0000},
	{0xD7C8, 0x0000},
	{0xD7C9, 0x0000},
	{0xD7CA, 0x0000},
	{0xD7CB, 0x0000},
	{0xD7CC, 0x0000},
	{0xD7CD, 0x0000},
	{0xD7CE, 0x0000},
	{0xD7CF, 0x0000},
	{0xD7D0, 0x0000},
	{0xD7D1, 0x0000},
	{0xD7D2, 0x0000},
	{0xD7D3, 0x0000},
	{0xD7D4, 0x0000},
	{0xD7D5, 0x0000},
	{0xD7D6, 0x0000},
	{0xD7D7, 0x0000},
	{0xD7D8, 0x0000},
	{0xD7D9, 0x0000},
	{0xD7DA, 0x0000},
	{0xD7DB, 0x0000},
	{0xD7DC, 0x0000},
	{0xD7DD, 0x0000},
	{0xD7DE, 0x0000},
	{0xD7DF, 0x0000},
	{0xD7E0, 0x0000},
	{0xD7E1, 0x0000},
	{0xD7E2, 0x0000},
	{0xD7E3, 0x0000},
	{0xD7E4, 0x0000},
	{0xD7E5, 0x0000},
	{0xD7E6, 0x0000},
	{0xD7E7, 0x0000},
	{0xD7E8, 0x0000},
	{0xD7E9, 0x0000},
	{0xD7EA, 0x0000},
	{0xD7EB, 0x0000},
	{0xD7EC, 0x0000},
	{0xD7ED, 0x0000},
	{0xD7EE, 0x0000},
	{0xD7EF, 0x0000},
	{0xD7F0, 0x0000},
	{0xD7F1, 0x0000},
	{0xD7F2, 0x0000},
	{0xD7F3, 0x0000},
	{0xD7F4, 0x0000},
	{0xD7F5, 0x0000},
	{0xD7F6, 0x0000},
	{0xD7F7, 0x0000},
	{0xD7F8, 0x0000},
	{0xD7F9, 0x0000},
	{0xD7FA, 0x0000},
	{0xD7FB, 0x0000},
	{0xD7FC, 0x0000},
	{0xD7FD, 0x0000},
	{0xD7FE, 0x7FFF},
	{0xD7FF, 0x7FFF},
};

MODULE_AUTHOR("BST Ltd.");
MODULE_DESCRIPTION("Black Sesame Technologies USB phy driver");
MODULE_LICENSE("GPL v2");
